split,fold,block_id,block_indices,block_paths,block_size,block_regime,block_n_questions,block_universe_size,block_free_size,block_forced_actions,block_intersection_size,block_conformance,true_session_ids,true_block_pure,true_block_size,candidate_count,enumeration_status,selected_pool,selected_pool_cardinality,selected_pool_score,production_selected_pool,production_pool_match
oof,0,f0b000,"[114,115]","[""HAU/user4/3-2-1"",""HAU/user4/3-2-2""]",2,pair,8,18,12,Jumping jacks||Running||Standing up||Stretching||Taking a selfie||Using a phone,3,1,[0],1,2,32,enumerated,Jumping jacks||Running||Standing up||Stretching||Taking a selfie||Using a phone,6,58.74102162405429,Jumping jacks||Running||Standing up||Stretching||Taking a selfie||Using a phone,1
oof,0,f0b001,"[116,117,118]","[""HAU/user6/5-1-1"",""HAU/user6/5-1-2"",""HAU/user6/5-1-3""]",3,triple,9,21,21,,3,1,[1],1,3,556,enumerated,Listening to the music with headphones||Using a phone,2,116.83282172793055,Listening to the music with headphones||Using a phone,1
oof,0,f0b002,"[119,120]","[""HAU/user17/6-3-2"",""HAU/user17/6-3-3""]",2,pair,8,17,13,Checking the time||Sitting down||Typing on a keyboard||Walking,3,1,[2],1,2,68,enumerated,Checking the time||Sitting down||Typing on a keyboard||Walking,4,71.36137843633931,Checking the time||Sitting down||Typing on a keyboard||Walking,1
oof,0,f0b003,"[121,122,123]","[""HAU/user22/5-1-1"",""HAU/user22/5-1-2"",""HAU/user22/5-1-3""]",3,triple,9,18,18,,3,1,[3],1,3,34,enumerated,Checking body temperature||Massaging oneself,2,101.8919327420764,Checking body temperature||Massaging oneself,1
oof,0,f0b004,"[124,125,126]","[""HAU/user6/6-2-1"",""HAU/user6/6-2-2"",""HAU/user6/6-2-3""]",3,triple,12,30,23,Checking body temperature||Checking the time||Drinking||Grabbing utensils||Sweeping||Taking medicine||Using a phone,3,1,[4],1,3,1,unsat_fallback,Checking body temperature||Checking the time||Drinking||Eating||Grabbing utensils||Reading||Sweeping||Taking medicine||Using a phone||Wiping surface,10,112.72448934302088,Checking body temperature||Checking the time||Drinking||Eating||Grabbing utensils||Reading||Sweeping||Taking medicine||Using a phone||Wiping surface,1
oof,0,f0b005,"[127,128]","[""HAU/user4/1-2-2"",""HAU/user4/1-2-3""]",2,pair,6,20,20,,3,1,[5],1,2,2756,enumerated,Eating||Grabbing utensils||Peeling fruit||Pouring||Stirring||Walking,6,97.49299982989177,Eating||Grabbing utensils||Peeling fruit||Pouring||Stirring||Walking,1
oof,0,f0b006,"[129,130,131]","[""HAU/user6/7-2-1"",""HAU/user6/7-2-2"",""HAU/user6/7-2-3""]",3,triple,9,25,25,,3,1,[6],1,3,1,unsat_fallback,Eating||Grabbing utensils||Pouring||Stirring,4,136.1033127001057,Eating||Grabbing utensils||Pouring||Stirring,1
oof,0,f0b007,"[132,133]","[""HAU/user6/1-1-2"",""HAU/user6/1-1-3""]",2,pair,6,15,15,,3,1,[7],1,2,80,enumerated,Brushing teeth||Walking||Washing face,3,81.28830058899409,Brushing teeth||Walking||Washing face,1
oof,0,f0b008,"[134,135,136]","[""HAU/user4/2-1-1"",""HAU/user4/2-1-2"",""HAU/user4/2-1-3""]",3,triple,9,26,26,,3,1,[8],1,3,1,unsat_fallback,Drinking||Eating||Grabbing utensils||Peeling fruit||Pouring||Standing up,6,138.17892435679283,Drinking||Eating||Grabbing utensils||Peeling fruit||Pouring||Standing up,1
oof,0,f0b009,"[137,138,139]","[""HAU/user22/7-1-1"",""HAU/user22/7-1-2"",""HAU/user22/7-1-3""]",3,triple,9,19,19,,3,1,[9],1,3,168,enumerated,Sitting down||Taking medicine,2,103.66308719075977,Sitting down||Taking medicine,1
oof,0,f0b010,"[140,141]","[""HAU/user4/1-1-1"",""HAU/user4/1-1-2""]",2,pair,6,14,14,,3,1,[10],1,2,58,enumerated,Washing face||Wiping hands,2,76.86558995027525,Washing face||Wiping hands,1
oof,0,f0b011,"[142,143]","[""HAU/user4/5-1-2"",""HAU/user4/5-1-3""]",2,pair,6,15,15,,3,1,[11],1,2,116,enumerated,Eating||Stirring,2,88.49289648596007,Eating||Stirring,1
oof,0,f0b012,"[144,145,146]","[""HAU/user22/7-2-1"",""HAU/user22/7-2-2"",""HAU/user22/7-2-3""]",3,triple,12,23,19,Getting dressed||Running||Standing up||Undressing,3,1,[12],1,3,784,enumerated,Getting dressed||Running||Standing up||Undressing,4,101.93115513005742,Getting dressed||Running||Standing up||Undressing,1
oof,0,f0b013,"[147,148,149]","[""HAU/user4/7-2-1"",""HAU/user4/7-2-2"",""HAU/user4/7-2-3""]",3,triple,12,22,18,Eating||Massaging oneself||Sitting down||Standing up,3,1,[13],1,3,112,enumerated,Eating||Massaging oneself||Sitting down||Standing up,4,98.30510569233556,Eating||Massaging oneself||Sitting down||Standing up,1
oof,0,f0b014,"[150,151,152]","[""HAU/user22/6-1-1"",""HAU/user22/6-1-2"",""HAU/user22/6-1-3""]",3,triple,9,18,18,,3,1,[14],1,3,64,enumerated,Checking the time||Getting dressed||Undressing,3,96.79289744045336,Checking the time||Getting dressed||Undressing,1
oof,0,f0b015,"[153,154,155]","[""HAU/user17/3-2-1"",""HAU/user17/3-2-2"",""HAU/user17/3-2-3""]",3,triple,9,20,20,,3,1,[15],1,3,96,enumerated,Eating||Grabbing utensils||Walking||Washing dishes,4,101.77586164053996,Eating||Grabbing utensils||Walking||Washing dishes,1
oof,0,f0b016,"[156,157]","[""HAU/user17/1-2-2"",""HAU/user17/1-2-3""]",2,pair,8,23,19,Checking the time||Pouring||Taking a selfie||Using a phone,3,1,[16],1,2,592,enumerated,Checking the time||Eating||Grabbing utensils||Pouring||Sitting down||Taking a selfie||Using a phone||Walking,8,91.55363004875858,Checking the time||Eating||Grabbing utensils||Pouring||Sitting down||Taking a selfie||Using a phone||Walking,1
oof,0,f0b017,"[158,159,160]","[""HAU/user6/3-2-1"",""HAU/user6/3-2-2"",""HAU/user6/3-2-3""]",3,triple,9,18,18,,3,1,[17],1,3,144,enumerated,Drinking||Peeling fruit||Washing dishes,3,100.6047212423266,Drinking||Peeling fruit||Washing dishes,1
oof,0,f0b018,"[161,162]","[""HAU/user4/5-2-2"",""HAU/user4/5-2-3""]",2,pair,8,19,14,Checking the time||Getting dressed||Typing on a keyboard||Undressing||Walking,3,1,[18],1,2,32,enumerated,Checking the time||Getting dressed||Stretching||Typing on a keyboard||Undressing||Walking,6,75.49789465323954,Checking the time||Getting dressed||Stretching||Typing on a keyboard||Undressing||Walking,1
oof,0,f0b019,"[163,164,165]","[""HAU/user17/6-2-1"",""HAU/user17/6-2-2"",""HAU/user17/6-2-3""]",3,triple,6,14,14,,3,1,[19],1,3,320,enumerated,Listening to the music with headphones,1,79.13473377923376,Listening to the music with headphones,1
oof,0,f0b020,"[166,167]","[""HAU/user22/7-3-1"",""HAU/user22/7-3-2""]",2,pair,6,13,13,,3,1,[20],1,2,23,enumerated,Standing up||Stretching,2,72.98433591198548,Standing up||Stretching,1
oof,0,f0b021,"[168,169]","[""HAU/user17/6-1-1"",""HAU/user17/6-1-2""]",2,pair,8,15,11,Folding clothes||Getting dressed||Undressing||Walking,3,1,[21],1,2,16,enumerated,Folding clothes||Getting dressed||Undressing||Walking,4,65.8142628925455,Folding clothes||Getting dressed||Undressing||Walking,1
oof,0,f0b022,"[170,171,172]","[""HAU/user6/3-1-1"",""HAU/user6/3-1-2"",""HAU/user6/3-1-3""]",3,triple,12,25,20,Mopping||Squats||Standing up||Sweeping||Walking,3,1,[22],1,3,240,enumerated,Mopping||Squats||Standing up||Sweeping||Walking,5,111.40459006063074,Mopping||Squats||Standing up||Sweeping||Walking,1
oof,0,f0b023,"[173,174,175]","[""HAU/user17/2-2-1"",""HAU/user17/2-2-2"",""HAU/user17/2-2-3""]",3,triple,12,26,20,Eating||Jumping jacks||Lying down||Sitting down||Stirring||Wiping surface,3,1,[23],1,3,432,enumerated,Eating||Jumping jacks||Lying down||Sitting down||Stirring||Wiping surface,6,110.06857016095151,Eating||Jumping jacks||Lying down||Sitting down||Stirring||Wiping surface,1
oof,0,f0b024,"[176,177,178]","[""HAU/user22/4-1-1"",""HAU/user22/4-1-2"",""HAU/user22/4-1-3""]",3,triple,9,18,18,,3,1,[24],1,3,94,enumerated,Calling||Reading||Turning a page||Typing on a keyboard,4,80.25674928116152,Calling||Reading||Turning a page||Typing on a keyboard,1
oof,0,f0b025,"[179,180,181]","[""HAU/user6/3-3-1"",""HAU/user6/3-3-2"",""HAU/user6/3-3-3""]",3,triple,9,18,18,,3,1,[25],1,3,88,enumerated,Walking||Wiping surface,2,102.42177877110947,Walking||Wiping surface,1
oof,0,f0b026,"[182,183,184]","[""HAU/user22/3-2-1"",""HAU/user22/3-2-2"",""HAU/user22/3-2-3""]",3,triple,9,22,22,,3,1,[26],1,3,928,enumerated,Folding clothes||Stretching||Walking,3,118.75387372384506,Folding clothes||Stretching||Walking,1
oof,0,f0b027,"[185,186,187]","[""HAU/user17/3-3-1"",""HAU/user17/3-3-2"",""HAU/user17/3-3-3""]",3,triple,9,20,20,,3,1,[27],1,3,188,enumerated,Walking||Wiping surface,2,119.30229737984713,Walking||Wiping surface,1
oof,0,f0b028,"[188,189,190]","[""HAU/user6/5-3-1"",""HAU/user6/5-3-2"",""HAU/user6/5-3-3""]",3,triple,12,24,17,Checking the time||Drinking||Grabbing utensils||Lying down||Playing games||Sitting down||Walking,3,1,[28],1,3,128,enumerated,Checking the time||Drinking||Grabbing utensils||Lying down||Playing games||Sitting down||Walking,7,84.44477838683868,Checking the time||Drinking||Grabbing utensils||Lying down||Playing games||Sitting down||Walking,1
oof,0,f0b029,"[191,192]","[""HAU/user6/2-2-1"",""HAU/user6/2-2-2""]",2,pair,6,13,13,,3,1,[29],1,2,28,enumerated,Combing hair||Wiping hands,2,71.8931063504655,Combing hair||Wiping hands,1
oof,0,f0b030,"[193,194]","[""HAU/user6/2-1-1"",""HAU/user6/2-1-2""]",2,pair,6,17,17,,3,1,[30],1,2,540,enumerated,Grabbing utensils||Pouring||Stirring,3,95.41604957454162,Grabbing utensils||Pouring||Stirring,1
oof,0,f0b031,"[195,196,197]","[""HAU/user6/6-1-1"",""HAU/user6/6-1-2"",""HAU/user6/6-1-3""]",3,triple,9,17,17,,3,1,[31],1,3,8,enumerated,Jumping jacks||Lunges||Lying down,3,99.793534247788,Jumping jacks||Lunges||Lying down,1
oof,0,f0b032,"[198,199,200]","[""HAU/user22/4-3-1"",""HAU/user22/4-3-3"",""HAU/user22/4-3-2""]",3,triple,9,23,23,,3,1,[32],1,3,1,unsat_fallback,Drinking||Eating||Peeling fruit||Pouring||Stirring,5,123.90173562853896,Drinking||Eating||Peeling fruit||Pouring||Stirring,1
oof,0,f0b033,"[201,202]","[""HAU/user22/1-1-2"",""HAU/user22/1-1-3""]",2,pair,6,16,16,,3,1,[33],1,2,142,enumerated,Brushing teeth||Washing face||Wiping hands,3,95.3738886805483,Brushing teeth||Washing face||Wiping hands,1
oof,0,f0b034,"[203,204,205]","[""HAU/user22/3-3-1"",""HAU/user22/3-3-2"",""HAU/user22/3-3-3""]",3,triple,9,21,21,,3,1,[34],1,3,514,enumerated,Eating||Peeling fruit,2,124.63255407953986,Eating||Peeling fruit,1
oof,0,f0b035,"[206,207,208]","[""HAU/user22/2-2-1"",""HAU/user22/2-2-2"",""HAU/user22/2-2-3""]",3,triple,12,22,17,Brushing teeth||Combing hair||Getting dressed||Walking||Washing face,3,1,[35],1,3,224,enumerated,Brushing teeth||Combing hair||Getting dressed||Walking||Washing face,5,91.99619696065179,Brushing teeth||Combing hair||Getting dressed||Walking||Washing face,1
oof,0,f0b036,"[209,210,211]","[""HAU/user17/5-1-1"",""HAU/user17/5-1-2"",""HAU/user17/5-1-3""]",3,triple,9,21,21,,3,1,[36],1,3,392,enumerated,Undressing||Watching TV,2,116.30034789105031,Undressing||Watching TV,1
oof,0,f0b037,"[212,213]","[""HAU/user17/5-2-1"",""HAU/user17/5-2-2""]",2,pair,6,15,15,,3,1,[37],1,2,103,enumerated,Pouring||Stirring||Walking,3,80.04492821092927,Pouring||Stirring||Walking,1
oof,0,f0b038,"[214,215]","[""HAU/user22/3-1-1"",""HAU/user22/3-1-2""]",2,pair,6,17,17,,3,1,[38],1,2,422,enumerated,Calling||Eating||Walking||Writing,4,63.199445146621656,Calling||Eating||Walking||Writing,1
oof,0,f0b039,"[216,217]","[""HAU/user17/2-1-1"",""HAU/user17/2-1-2""]",2,pair,6,16,16,,3,1,[39],1,2,212,enumerated,Grabbing utensils||Pouring||Stirring,3,86.51281036077893,Grabbing utensils||Pouring||Stirring,1
oof,0,f0b040,"[218,219]","[""HAU/user4/2-2-1"",""HAU/user4/2-2-2""]",2,pair,6,15,15,,3,1,[40],1,2,100,enumerated,Mopping||Sweeping||Walking,3,83.65284646017534,Mopping||Sweeping||Walking,1
oof,0,f0b041,"[220,221,222]","[""HAU/user22/2-1-1"",""HAU/user22/2-1-2"",""HAU/user22/2-1-3""]",3,triple,12,22,17,Grabbing utensils||Pouring||Walking||Washing dishes||Wiping surface,3,1,[41],1,3,36,enumerated,Drinking||Grabbing utensils||Pouring||Walking||Washing dishes||Wiping surface,6,95.06174969566311,Drinking||Grabbing utensils||Pouring||Walking||Washing dishes||Wiping surface,1
oof,0,f0b042,"[223,224,225]","[""HAU/user6/4-1-1"",""HAU/user6/4-1-2"",""HAU/user6/4-1-3""]",3,triple,12,27,19,Calling||Checking the time||Listening to the music with headphones||Reading||Running||Standing up||Typing on a keyboard||Writing,3,1,[42],1,3,128,enumerated,Calling||Checking the time||Listening to the music with headphones||Reading||Running||Sitting down||Standing up||Turning a page||Typing on a keyboard||Writing,10,103.86331607223866,Calling||Checking the time||Listening to the music with headphones||Reading||Running||Sitting down||Standing up||Turning a page||Typing on a keyboard||Writing,1
oof,0,f0b043,"[226,227]","[""HAU/user22/5-2-1"",""HAU/user22/5-2-2""]",2,pair,8,16,12,Peeling fruit||Sitting down||Using a phone||Walking,3,1,[43],1,2,48,enumerated,Peeling fruit||Sitting down||Using a phone||Walking,4,68.15748625316044,Peeling fruit||Sitting down||Using a phone||Walking,1
oof,0,f0b044,"[228,229]","[""HAU/user17/5-3-1"",""HAU/user17/5-3-2""]",2,pair,6,16,16,,3,1,[44],1,2,202,enumerated,Eating||Grabbing utensils||Sitting down||Walking,4,67.89309037428109,Eating||Grabbing utensils||Sitting down||Walking,1
oof,0,f0b045,"[230,231]","[""HAU/user6/2-3-2"",""HAU/user6/2-3-3""]",2,pair,6,16,16,,3,1,[45],1,2,286,enumerated,Grabbing utensils||Peeling fruit||Walking,3,87.24133258081623,Grabbing utensils||Peeling fruit||Walking,1
oof,0,f0b046,"[232,233,234]","[""HAU/user6/1-2-1"",""HAU/user6/1-2-2"",""HAU/user6/1-2-3""]",3,triple,9,23,23,,3,1,[46],1,3,1,unsat_fallback,Drinking||Eating||Peeling fruit||Pouring||Stirring,5,127.38386966316445,Drinking||Eating||Peeling fruit||Pouring||Stirring,1
oof,0,f0b047,"[235,236,237]","[""HAU/user4/4-1-1"",""HAU/user4/4-1-2"",""HAU/user4/4-1-3""]",3,triple,9,24,24,,3,1,[47],1,3,1,unsat_fallback,Calling||Reading||Turning a page||Typing on a keyboard||Writing,5,131.2045945436634,Calling||Reading||Turning a page||Typing on a keyboard||Writing,1
oof,0,f0b048,"[238,239]","[""HAU/user17/7-1-2"",""HAU/user17/7-1-3""]",2,pair,6,14,14,,3,1,[48],1,2,64,enumerated,Checking body temperature||Checking the time||Listening to the music with headphones||Sitting down,4,72.10100590509279,Checking body temperature||Checking the time||Listening to the music with headphones||Sitting down,1
oof,0,f0b049,"[240,241,242]","[""HAU/user17/7-2-1"",""HAU/user17/7-2-2"",""HAU/user17/7-2-3""]",3,triple,9,22,22,,3,1,[49],1,3,554,enumerated,Eating||Peeling fruit||Wiping hands,3,124.06946742074699,Eating||Peeling fruit||Wiping hands,1
oof,0,f0b050,"[243,244]","[""HAU/user22/6-2-2"",""HAU/user22/6-2-3""]",2,pair,8,25,18,Drinking||Eating||Jumping jacks||Massaging oneself||Sitting down||Squats||Wiping hands,3,1,[50],1,2,1664,enumerated,Drinking||Eating||Jumping jacks||Massaging oneself||Sitting down||Squats||Stretching||Walking||Wiping hands,9,90.6502191991245,Drinking||Eating||Jumping jacks||Massaging oneself||Sitting down||Squats||Stretching||Walking||Wiping hands,1
oof,0,f0b051,"[245,246,247]","[""HAU/user4/6-1-1"",""HAU/user4/6-1-2"",""HAU/user4/6-1-3""]",3,triple,12,24,18,Calling||Listening to the music with headphones||Massaging oneself||Peeling fruit||Pouring||Using a phone,3,1,[51],1,3,368,enumerated,Calling||Grabbing utensils||Listening to the music with headphones||Massaging oneself||Peeling fruit||Pouring||Using a phone,7,89.51733774427284,Calling||Grabbing utensils||Listening to the music with headphones||Massaging oneself||Peeling fruit||Pouring||Using a phone,1
oof,0,f0b052,"[248,249,250]","[""HAU/user6/7-3-1"",""HAU/user6/7-3-2"",""HAU/user6/7-3-3""]",3,triple,12,24,20,Checking the time||Reading||Sitting down||Walking,3,1,[52],1,3,128,enumerated,Checking the time||Reading||Sitting down||Turning a page||Walking,5,108.64810305717351,Checking the time||Reading||Sitting down||Turning a page||Walking,1
oof,0,f0b053,"[251,252,253]","[""HAU/user22/1-2-1"",""HAU/user22/1-2-3"",""HAU/user22/1-2-2""]",3,triple,12,21,15,Combing hair||Listening to the music with headphones||Reading||Sitting down||Typing on a keyboard||Walking,3,1,[53],1,3,48,enumerated,Combing hair||Listening to the music with headphones||Reading||Sitting down||Typing on a keyboard||Walking,6,84.90673743630953,Combing hair||Listening to the music with headphones||Reading||Sitting down||Typing on a keyboard||Walking,1
oof,0,f0b054,"[254,255,256]","[""HAU/user6/5-2-1"",""HAU/user6/5-2-2"",""HAU/user6/5-2-3""]",3,triple,9,20,20,,3,1,[54],1,3,272,enumerated,Eating||Peeling fruit||Walking,3,116.94951779062487,Eating||Peeling fruit||Walking,1
oof,0,f0b055,"[257,258,259]","[""HAU/user17/4-1-1"",""HAU/user17/4-1-2"",""HAU/user17/4-1-3""]",3,triple,12,27,19,Checking body temperature||Checking the time||Sitting down||Squats||Standing up||Stretching||Taking medicine||Walking,3,1,[55],1,3,2844,enumerated,Checking body temperature||Checking the time||Reading||Sitting down||Squats||Standing up||Stretching||Taking medicine||Typing on a keyboard||Walking,10,90.1092733667957,Checking body temperature||Checking the time||Reading||Sitting down||Squats||Standing up||Stretching||Taking medicine||Typing on a keyboard||Walking,1
oof,0,f0b056,"[260,261,262]","[""HAU/user17/1-1-1"",""HAU/user17/1-1-2"",""HAU/user17/1-1-3""]",3,triple,12,26,22,Brushing teeth||Combing hair||Getting dressed||Wiping hands,3,1,[56],1,3,6720,enumerated,Brushing teeth||Combing hair||Getting dressed||Wiping hands,4,124.44281045003487,Brushing teeth||Combing hair||Getting dressed||Wiping hands,1
oof,0,f0b057,"[263,264]","[""HAU/user4/4-2-1"",""HAU/user4/4-2-2""]",2,pair,6,13,13,,3,1,[57],1,2,16,enumerated,Drinking||Walking||Washing dishes,3,74.48880608769595,Drinking||Walking||Washing dishes,1
oof,0,f0b058,"[265,266,267]","[""HAU/user6/7-1-1"",""HAU/user6/7-1-2"",""HAU/user6/7-1-3""]",3,triple,9,19,19,,3,1,[58],1,3,64,enumerated,Massaging oneself||Sitting down,2,110.12842826771266,Massaging oneself||Sitting down,1
oof,0,f0b059,"[268,269,270]","[""HAU/user17/3-1-1"",""HAU/user17/3-1-2"",""HAU/user17/3-1-3""]",3,triple,12,20,16,Mopping||Running||Stretching||Sweeping,3,1,[59],1,3,48,enumerated,Mopping||Running||Stretching||Sweeping,4,93.2891525373009,Mopping||Running||Stretching||Sweeping,1
oof,0,f0b060,"[271,272]","[""HAU/user4/7-1-2"",""HAU/user4/7-1-3""]",2,pair,6,15,15,,3,1,[60],1,2,160,enumerated,Peeling fruit||Taking medicine||Walking,3,78.89412337758226,Peeling fruit||Taking medicine||Walking,1
oof,0,f0b061,"[273,274,275]","[""HAU/user22/4-2-1"",""HAU/user22/4-2-2"",""HAU/user22/4-2-3""]",3,triple,9,19,19,,3,1,[61],1,3,276,enumerated,Taking a selfie||Walking,2,109.75039554235909,Taking a selfie||Walking,1
oof,1,f1b000,"[133,134]","[""HAU/user1/2-1-1"",""HAU/user1/2-1-2""]",2,pair,6,17,17,,3,1,[0],1,2,112,enumerated,Eating||Grabbing utensils||Peeling fruit||Pouring||Stirring||Walking,6,80.740209331877,Eating||Grabbing utensils||Peeling fruit||Pouring||Stirring||Walking,1
oof,1,f1b001,"[135,136,137]","[""HAU/user1/3-2-1"",""HAU/user1/3-2-2"",""HAU/user1/3-2-3""]",3,triple,12,28,22,Checking the time||Mopping||Reading||Sitting down||Standing up||Typing on a keyboard,3,1,[1],1,3,1848,enumerated,Checking the time||Lunges||Mopping||Reading||Sitting down||Squats||Standing up||Typing on a keyboard||Walking,9,96.01565280984885,Checking the time||Lunges||Mopping||Reading||Sitting down||Squats||Standing up||Typing on a keyboard||Walking,1
oof,1,f1b002,"[138,139,140]","[""HAU/user16/6-1-1"",""HAU/user16/6-1-2"",""HAU/user16/6-1-3""]",3,triple,12,22,18,Jumping jacks||Lunges||Lying down||Walking,3,1,[2],1,3,192,enumerated,Jumping jacks||Lunges||Lying down||Walking,4,106.18118566961587,Jumping jacks||Lunges||Lying down||Walking,1
oof,1,f1b003,"[141,142]","[""HAU/user16/7-2-1"",""HAU/user16/7-2-2""]",2,pair,6,16,16,,3,1,[3],1,2,364,enumerated,Eating||Grabbing utensils||Pouring||Stirring,4,88.9896481985698,Eating||Grabbing utensils||Pouring||Stirring,1
oof,1,f1b004,"[143,144,145]","[""HAU/user24/6-2-1"",""HAU/user24/6-2-2"",""HAU/user24/6-2-3""]",3,triple,12,23,19,Brushing teeth||Walking||Washing face||Wiping hands,3,1,[4],1,3,384,enumerated,Brushing teeth||Walking||Washing face||Wiping hands,4,110.69999697855702,Brushing teeth||Walking||Washing face||Wiping hands,1
oof,1,f1b005,"[146,147,148]","[""HAU/user24/3-2-1"",""HAU/user24/3-2-2"",""HAU/user24/3-2-3""]",3,triple,12,17,12,Calling||Running||Stretching||Typing on a keyboard||Walking,3,1,[5],1,3,3,enumerated,Calling||Running||Stretching||Typing on a keyboard||Walking,5,68.90376956805673,Calling||Running||Stretching||Typing on a keyboard||Walking,1
oof,1,f1b006,"[149,150,151]","[""HAU/user1/3-1-1"",""HAU/user1/3-1-2"",""HAU/user1/3-1-3""]",3,triple,9,20,20,,3,1,[6],1,3,862,enumerated,Eating||Stirring,2,112.32329567939394,Eating||Stirring,1
oof,1,f1b007,"[152,153,154]","[""HAU/user1/1-1-1"",""HAU/user1/1-1-2"",""HAU/user1/1-1-3""]",3,triple,12,20,15,Combing hair||Getting dressed||Squats||Walking||Wiping hands,3,1,[7],1,3,96,enumerated,Combing hair||Getting dressed||Jumping jacks||Squats||Walking||Wiping hands,6,75.95056264977357,Combing hair||Getting dressed||Jumping jacks||Squats||Walking||Wiping hands,1
oof,1,f1b008,"[155,156]","[""HAU/user21/4-2-1"",""HAU/user21/4-2-2""]",2,pair,6,17,17,,3,1,[8],1,2,322,enumerated,Brushing teeth||Combing hair||Washing face,3,84.18863452632876,Brushing teeth||Combing hair||Washing face,1
oof,1,f1b009,"[157,158]","[""HAU/user24/4-2-2"",""HAU/user24/4-2-3""]",2,pair,6,15,15,,3,1,[9],1,2,76,enumerated,Drinking||Peeling fruit||Reading||Walking,4,77.73801958408544,Drinking||Peeling fruit||Reading||Walking,1
oof,1,f1b010,"[159,160]","[""HAU/user1/5-1-1"",""HAU/user1/5-1-2""]",2,pair,8,19,14,Checking the time||Grabbing utensils||Listening to the music with headphones||Taking a selfie||Watching TV,3,1,[10],1,2,192,enumerated,Checking the time||Grabbing utensils||Listening to the music with headphones||Taking a selfie||Watching TV,5,82.90612026720842,Checking the time||Grabbing utensils||Listening to the music with headphones||Taking a selfie||Watching TV,1
oof,1,f1b011,"[161,162,163]","[""HAU/user21/2-1-1"",""HAU/user21/2-1-2"",""HAU/user21/2-1-3""]",3,triple,9,19,19,,3,1,[11],1,3,112,enumerated,Grabbing utensils||Mopping||Sweeping,3,109.81323405393897,Grabbing utensils||Mopping||Sweeping,1
oof,1,f1b012,"[164,165]","[""HAU/user16/1-1-2"",""HAU/user16/1-1-3""]",2,pair,6,16,16,,3,1,[12],1,2,184,enumerated,Brushing teeth||Walking||Washing face,3,92.50575063354412,Brushing teeth||Walking||Washing face,1
oof,1,f1b013,"[166,167,168]","[""HAU/user16/3-3-1"",""HAU/user16/3-3-2"",""HAU/user16/3-3-3""]",3,triple,9,23,23,,3,1,[13],1,3,1,unsat_fallback,Walking||Wiping surface,2,137.28877234220585,Walking||Wiping surface,1
oof,1,f1b014,"[169,170,171]","[""HAU/user16/3-1-1"",""HAU/user16/3-1-2"",""HAU/user16/3-1-3""]",3,triple,12,22,17,Mopping||Squats||Standing up||Sweeping||Walking,3,1,[14],1,3,192,enumerated,Mopping||Squats||Standing up||Sweeping||Walking,5,93.76239799826543,Mopping||Squats||Standing up||Sweeping||Walking,1
oof,1,f1b015,"[172,173]","[""HAU/user24/5-3-2"",""HAU/user24/5-3-3""]",2,pair,8,16,12,Playing games||Sitting down||Walking||Watching TV,3,1,[15],1,2,24,enumerated,Playing games||Sitting down||Walking||Watching TV,4,72.0,Playing games||Sitting down||Walking||Watching TV,1
oof,1,f1b016,"[174,175]","[""HAU/user21/1-1-1"",""HAU/user21/1-1-2""]",2,pair,6,16,16,,3,1,[16],1,2,143,enumerated,Brushing teeth||Walking||Wiping hands,3,80.81345998325678,Brushing teeth||Walking||Wiping hands,1
oof,1,f1b017,"[176,177,178]","[""HAU/user24/1-2-1"",""HAU/user24/1-2-2"",""HAU/user24/1-2-3""]",3,triple,12,25,19,Reading||Sitting down||Turning a page||Typing on a keyboard||Walking||Writing,3,1,[17],1,3,112,enumerated,Reading||Sitting down||Turning a page||Typing on a keyboard||Walking||Writing,6,112.69223798499223,Reading||Sitting down||Turning a page||Typing on a keyboard||Walking||Writing,1
oof,1,f1b018,"[179,180]","[""HAU/user16/4-1-3"",""HAU/user16/4-1-2""]",2,pair,8,21,14,Calling||Checking the time||Listening to the music with headphones||Running||Sitting down||Typing on a keyboard||Writing,3,1,[18],1,2,180,enumerated,Calling||Checking the time||Listening to the music with headphones||Running||Sitting down||Standing up||Turning a page||Typing on a keyboard||Writing,9,59.62949990916416,Calling||Checking the time||Listening to the music with headphones||Running||Sitting down||Standing up||Turning a page||Typing on a keyboard||Writing,1
oof,1,f1b019,"[181,182,183]","[""HAU/user21/7-2-1"",""HAU/user21/7-2-2"",""HAU/user21/7-2-3""]",3,triple,9,21,21,,3,1,[19],1,3,441,enumerated,Massaging oneself||Wiping hands,2,125.21007809850542,Massaging oneself||Wiping hands,1
oof,1,f1b020,"[184,185,186]","[""HAU/user16/5-2-1"",""HAU/user16/5-2-2"",""HAU/user16/5-2-3""]",3,triple,9,19,19,,3,1,[20],1,3,192,enumerated,Eating||Peeling fruit||Walking,3,113.73042118042396,Eating||Peeling fruit||Walking,1
oof,1,f1b021,"[187,188]","[""HAU/user1/7-1-2"",""HAU/user1/7-1-3""]",2,pair,8,19,14,Massaging oneself||Sitting down||Stretching||Taking medicine||Wiping hands,3,1,[21],1,2,64,enumerated,Massaging oneself||Sitting down||Stretching||Taking medicine||Wiping hands,5,68.15763120426752,Massaging oneself||Sitting down||Stretching||Taking medicine||Wiping hands,1
oof,1,f1b022,"[189,190]","[""HAU/user24/7-2-1"",""HAU/user24/7-2-2""]",2,pair,8,24,19,Listening to the music with headphones||Reading||Sitting down||Turning a page||Walking,3,1,[22],1,2,1072,enumerated,Checking the time||Listening to the music with headphones||Reading||Sitting down||Turning a page||Typing on a keyboard||Walking,7,84.51041904078565,Checking the time||Listening to the music with headphones||Reading||Sitting down||Turning a page||Typing on a keyboard||Walking,1
oof,1,f1b023,"[191,192]","[""HAU/user24/2-1-2"",""HAU/user24/2-1-3""]",2,pair,6,16,16,,3,1,[23],1,2,168,enumerated,Drinking||Eating||Peeling fruit,3,84.06050488768393,Drinking||Eating||Peeling fruit,1
oof,1,f1b024,"[193,194,195]","[""HAU/user21/4-1-1"",""HAU/user21/4-1-2"",""HAU/user21/4-1-3""]",3,triple,12,21,17,Calling||Standing up||Using a phone||Walking,3,1,[24],1,3,64,enumerated,Calling||Standing up||Using a phone||Walking,4,87.5438422844203,Calling||Standing up||Using a phone||Walking,1
oof,1,f1b025,"[196,197]","[""HAU/user21/2-2-1"",""HAU/user21/2-2-2""]",2,pair,8,21,17,Checking the time||Reading||Standing up||Walking,3,1,[25],1,2,1056,enumerated,Checking the time||Reading||Standing up||Turning a page||Walking,5,98.15104198743694,Checking the time||Reading||Standing up||Turning a page||Walking,1
oof,1,f1b026,"[198,199,200]","[""HAU/user21/3-2-1"",""HAU/user21/3-2-2"",""HAU/user21/3-2-3""]",3,triple,12,25,20,Checking body temperature||Jumping jacks||Massaging oneself||Squats||Walking,3,1,[26],1,3,1792,enumerated,Checking body temperature||Jumping jacks||Massaging oneself||Squats||Walking,5,111.6824573133217,Checking body temperature||Jumping jacks||Massaging oneself||Squats||Walking,1
oof,1,f1b027,"[201,202,203]","[""HAU/user24/6-3-1"",""HAU/user24/6-3-2"",""HAU/user24/6-3-3""]",3,triple,9,20,20,,3,1,[27],1,3,220,enumerated,Squats||Standing up,2,113.40243448599588,Squats||Standing up,1
oof,1,f1b028,"[204,205]","[""HAU/user16/5-3-1"",""HAU/user16/5-3-2""]",2,pair,8,16,10,Checking the time||Grabbing utensils||Lying down||Playing games||Sitting down||Walking,3,1,[28],1,2,14,enumerated,Checking the time||Drinking||Grabbing utensils||Lying down||Playing games||Sitting down||Walking,7,47.27805573731176,Checking the time||Drinking||Grabbing utensils||Lying down||Playing games||Sitting down||Walking,1
oof,1,f1b029,"[206,207]","[""HAU/user1/2-2-2"",""HAU/user1/2-2-3""]",2,pair,8,16,12,Sitting down||Standing up||Typing on a keyboard||Walking,3,1,[29],1,2,4,enumerated,Sitting down||Standing up||Typing on a keyboard||Walking,4,72.0,Sitting down||Standing up||Typing on a keyboard||Walking,1
oof,1,f1b030,"[208,209]","[""HAU/user21/6-2-2"",""HAU/user21/6-2-3""]",2,pair,6,16,16,,3,1,[30],1,2,96,enumerated,Checking the time||Drinking||Walking,3,71.40292336117685,Checking the time||Drinking||Walking,1
oof,1,f1b031,"[210,211,212]","[""HAU/user1/4-1-1"",""HAU/user1/4-1-2"",""HAU/user1/4-1-3""]",3,triple,9,28,28,,3,1,[31],1,3,1,unsat_fallback,Drinking||Eating||Mopping||Peeling fruit||Pouring||Stirring||Washing dishes||Wiping surface,8,128.82553518548147,Drinking||Eating||Mopping||Peeling fruit||Pouring||Stirring||Washing dishes||Wiping surface,1
oof,1,f1b032,"[213,214,215]","[""HAU/user16/3-2-1"",""HAU/user16/3-2-2"",""HAU/user16/3-2-3""]",3,triple,9,21,21,,3,1,[32],1,3,632,enumerated,Drinking||Peeling fruit||Washing dishes,3,118.36282584268507,Drinking||Peeling fruit||Washing dishes,1
oof,1,f1b033,"[216,217]","[""HAU/user1/1-2-1"",""HAU/user1/1-2-2""]",2,pair,6,20,20,,3,1,[33],1,3,976,enumerated,Drinking||Eating||Grabbing utensils||Peeling fruit||Walking||Washing dishes,6,88.38596539270885,Drinking||Eating||Grabbing utensils||Peeling fruit||Walking||Washing dishes,1
oof,1,f1b034,[218],"[""HAU/user1/1-2-3""]",1,1-clip,3,11,11,,4,1,[33],1,3,120,enumerated,Eating||Grabbing utensils||Peeling fruit,3,39.29819087851247,Eating||Grabbing utensils||Peeling fruit,1
oof,1,f1b035,"[219,220,221]","[""HAU/user24/5-2-1"",""HAU/user24/5-2-2"",""HAU/user24/5-2-3""]",3,triple,9,20,20,,3,1,[34],1,3,264,enumerated,Checking body temperature||Taking medicine,2,112.09032935706475,Checking body temperature||Taking medicine,1
oof,1,f1b036,"[222,223,224]","[""HAU/user21/1-2-1"",""HAU/user21/1-2-3"",""HAU/user21/1-2-2""]",3,triple,9,23,23,,3,1,[35],1,3,1,unsat_fallback,Listening to the music with headphones||Using a phone||Walking,3,122.91069004345117,Listening to the music with headphones||Using a phone||Walking,1
oof,1,f1b037,"[225,226]","[""HAU/user16/1-2-2"",""HAU/user16/1-2-3""]",2,pair,6,20,20,,3,1,[36],1,2,96,enumerated,Drinking||Eating||Grabbing utensils||Peeling fruit||Pouring||Stirring,6,95.47021087028008,Drinking||Eating||Grabbing utensils||Peeling fruit||Pouring||Stirring,1
oof,1,f1b038,"[227,228,229]","[""HAU/user24/4-3-1"",""HAU/user24/4-3-2"",""HAU/user24/4-3-3""]",3,triple,9,20,20,,3,1,[37],1,3,295,enumerated,Massaging oneself||Playing games,2,116.55882098331827,Massaging oneself||Playing games,1
oof,1,f1b039,"[230,231,232]","[""HAU/user16/2-1-1"",""HAU/user16/2-1-2"",""HAU/user16/2-1-3""]",3,triple,9,20,20,,3,1,[38],1,3,168,enumerated,Grabbing utensils||Pouring||Stirring,3,119.73003958064277,Grabbing utensils||Pouring||Stirring,1
oof,1,f1b040,"[233,234,235]","[""HAU/user24/2-2-1"",""HAU/user24/2-2-2"",""HAU/user24/2-2-3""]",3,triple,9,19,19,,3,1,[39],1,3,121,enumerated,Lying down||Watching TV,2,100.3185290327384,Lying down||Watching TV,1
oof,1,f1b041,"[236,237]","[""HAU/user21/3-1-1"",""HAU/user21/3-1-2""]",2,pair,6,14,14,,3,1,[40],1,3,77,enumerated,Grabbing utensils||Peeling fruit,2,80.77200074247503,Grabbing utensils||Peeling fruit,1
oof,1,f1b042,[238],"[""HAU/user21/3-1-3""]",1,1-clip,3,9,9,,4,1,[40],1,3,29,enumerated,Grabbing utensils||Peeling fruit,2,47.20416828511337,Grabbing utensils||Peeling fruit,1
oof,1,f1b043,"[239,240,241]","[""HAU/user21/7-1-1"",""HAU/user21/7-1-2"",""HAU/user21/7-1-3""]",3,triple,9,23,23,,3,1,[41],1,3,1,unsat_fallback,Drinking||Eating||Grabbing utensils||Massaging oneself||Taking medicine,5,128.9848763834291,Drinking||Eating||Grabbing utensils||Massaging oneself||Taking medicine,1
oof,1,f1b044,"[242,243,244]","[""HAU/user1/6-1-2"",""HAU/user1/6-1-1"",""HAU/user1/6-1-3""]",3,triple,9,20,20,,3,1,[42],1,3,320,enumerated,Eating||Peeling fruit||Walking,3,116.38312897501092,Eating||Peeling fruit||Walking,1
oof,1,f1b045,"[245,246]","[""HAU/user1/6-2-1"",""HAU/user1/6-2-2""]",2,pair,8,20,14,Reading||Sitting down||Standing up||Sweeping||Turning a page||Walking,3,1,[43],1,2,432,enumerated,Reading||Sitting down||Standing up||Sweeping||Turning a page||Walking,6,70.9645679373362,Reading||Sitting down||Standing up||Sweeping||Turning a page||Walking,1
oof,1,f1b046,"[247,248,249]","[""HAU/user16/7-1-1"",""HAU/user16/7-1-2"",""HAU/user16/7-1-3""]",3,triple,9,21,21,,3,1,[44],1,3,442,enumerated,Massaging oneself||Sitting down,2,120.35973267433224,Massaging oneself||Sitting down,1
oof,1,f1b047,"[250,251,252]","[""HAU/user21/5-1-1"",""HAU/user21/5-1-2"",""HAU/user21/5-1-3""]",3,triple,9,21,21,,3,1,[45],1,3,416,enumerated,Taking a selfie||Walking,2,120.59185995425209,Taking a selfie||Walking,1
oof,1,f1b048,"[253,254,255]","[""HAU/user24/7-1-1"",""HAU/user24/7-1-2"",""HAU/user24/7-1-3""]",3,triple,12,24,20,Brushing teeth||Checking body temperature||Taking medicine||Washing face,3,1,[46],1,3,352,enumerated,Brushing teeth||Checking body temperature||Combing hair||Massaging oneself||Taking medicine||Washing face,6,99.48316993686421,Brushing teeth||Checking body temperature||Combing hair||Massaging oneself||Taking medicine||Washing face,1
oof,1,f1b049,"[256,257,258]","[""HAU/user24/4-1-1"",""HAU/user24/4-1-2"",""HAU/user24/4-1-3""]",3,triple,12,25,21,Folding clothes||Playing games||Sitting down||Using a phone,3,1,[47],1,3,1120,enumerated,Folding clothes||Playing games||Sitting down||Using a phone,4,123.45580084549117,Folding clothes||Playing games||Sitting down||Using a phone,1
oof,1,f1b050,"[259,260,261]","[""HAU/user16/6-2-1"",""HAU/user16/6-2-2"",""HAU/user16/6-2-3""]",3,triple,12,27,19,Checking body temperature||Checking the time||Drinking||Eating||Sweeping||Taking medicine||Using a phone||Wiping surface,3,1,[48],1,3,240,enumerated,Checking body temperature||Checking the time||Drinking||Eating||Sweeping||Taking medicine||Using a phone||Wiping surface,8,103.36157351008647,Checking body temperature||Checking the time||Drinking||Eating||Sweeping||Taking medicine||Using a phone||Wiping surface,1
oof,1,f1b051,"[262,263,264]","[""HAU/user21/5-2-1"",""HAU/user21/5-2-2"",""HAU/user21/5-2-3""]",3,triple,12,22,18,Listening to the music with headphones||Peeling fruit||Using a phone||Walking,3,1,[49],1,3,56,enumerated,Listening to the music with headphones||Peeling fruit||Sitting down||Using a phone||Walking,5,98.42009313104819,Listening to the music with headphones||Peeling fruit||Sitting down||Using a phone||Walking,1
oof,1,f1b052,"[265,266,267]","[""HAU/user16/5-1-1"",""HAU/user16/5-1-2"",""HAU/user16/5-1-3""]",3,triple,9,21,21,,3,1,[50],1,3,484,enumerated,Listening to the music with headphones||Sitting down||Using a phone,3,123.29455451539775,Listening to the music with headphones||Sitting down||Using a phone,1
oof,1,f1b053,"[268,269,270]","[""HAU/user24/1-1-1"",""HAU/user24/1-1-2"",""HAU/user24/1-1-3""]",3,triple,6,15,15,,3,1,[51],1,3,512,enumerated,Taking a selfie,1,86.61983686036305,Taking a selfie,1
oof,1,f1b054,"[271,272]","[""HAU/user16/2-2-2"",""HAU/user16/2-2-3""]",2,pair,6,16,16,,3,1,[52],1,2,280,enumerated,Combing hair||Wiping hands,2,94.06698004119534,Combing hair||Wiping hands,1
oof,1,f1b055,"[273,274,275]","[""HAU/user16/2-3-1"",""HAU/user16/2-3-2"",""HAU/user16/2-3-3""]",3,triple,9,20,20,,3,1,[53],1,3,604,enumerated,Grabbing utensils||Peeling fruit||Walking,3,109.19654352333558,Grabbing utensils||Peeling fruit||Walking,1
oof,1,f1b056,"[276,277,278]","[""HAU/user16/7-3-1"",""HAU/user16/7-3-2"",""HAU/user16/7-3-3""]",3,triple,12,22,18,Checking the time||Sitting down||Turning a page||Walking,3,1,[54],1,3,16,enumerated,Checking the time||Reading||Sitting down||Turning a page||Walking,5,102.34171887170064,Checking the time||Reading||Sitting down||Turning a page||Walking,1
oof,1,f1b057,"[279,280]","[""HAU/user21/6-1-1"",""HAU/user21/6-1-2""]",2,pair,6,16,16,,3,1,[55],1,2,220,enumerated,Checking body temperature||Getting dressed,2,89.44086489329274,Checking body temperature||Getting dressed,1
oof,1,f1b058,"[281,282,283]","[""HAU/user24/5-1-1"",""HAU/user24/5-1-2"",""HAU/user24/5-1-3""]",3,triple,12,23,18,Listening to the music with headphones||Sitting down||Standing up||Using a phone||Walking,3,1,[56],1,3,96,enumerated,Listening to the music with headphones||Sitting down||Standing up||Using a phone||Walking,5,97.88916633837916,Listening to the music with headphones||Sitting down||Standing up||Using a phone||Walking,1
oof,2,f2b000,"[127,128,129]","[""HAU/user7/5-1-1"",""HAU/user7/5-1-2"",""HAU/user7/5-1-3""]",3,triple,9,20,20,,3,1,[0],1,3,384,enumerated,Undressing||Watching TV,2,116.53914800332856,Undressing||Watching TV,1
oof,2,f2b001,"[130,131]","[""HAU/user7/6-1-1"",""HAU/user7/6-1-2""]",2,pair,8,18,14,Folding clothes||Getting dressed||Undressing||Walking,3,1,[1],1,2,80,enumerated,Folding clothes||Getting dressed||Undressing||Walking,4,84.0,Folding clothes||Getting dressed||Undressing||Walking,1
oof,2,f2b002,"[132,133,134]","[""HAU/user7/3-2-1"",""HAU/user7/3-2-2"",""HAU/user7/3-2-3""]",3,triple,9,24,24,,3,1,[2],1,3,1,unsat_fallback,Eating||Grabbing utensils||Walking||Washing dishes,4,135.05455516794822,Eating||Grabbing utensils||Walking||Washing dishes,1
oof,2,f2b003,"[135,136,137]","[""HAU/user20/6-1-1"",""HAU/user20/6-1-2"",""HAU/user20/6-1-3""]",3,triple,9,18,18,,3,1,[3],1,3,64,enumerated,Jumping jacks||Squats,2,95.2306503122325,Jumping jacks||Squats,1
oof,2,f2b004,"[138,139,140]","[""HAU/user8/4-2-1"",""HAU/user8/4-2-2"",""HAU/user8/4-2-3""]",3,triple,9,22,22,,3,1,[4],1,3,1392,enumerated,Peeling fruit||Pouring||Stirring||Walking,4,128.9229628250289,Peeling fruit||Pouring||Stirring||Walking,1
oof,2,f2b005,"[141,142]","[""HAU/user7/5-3-2"",""HAU/user7/5-3-3""]",2,pair,6,16,16,,3,1,[5],1,2,106,enumerated,Eating||Grabbing utensils||Sitting down||Walking,4,73.8421568166814,Eating||Grabbing utensils||Sitting down||Walking,1
oof,2,f2b006,"[143,144,145]","[""HAU/user7/2-2-1"",""HAU/user7/2-2-2"",""HAU/user7/2-2-3""]",3,triple,12,26,20,Eating||Jumping jacks||Lying down||Sitting down||Stirring||Wiping surface,3,1,[6],1,3,1152,enumerated,Eating||Jumping jacks||Lying down||Sitting down||Stirring||Wiping surface,6,112.45761048744997,Eating||Jumping jacks||Lying down||Sitting down||Stirring||Wiping surface,1
oof,2,f2b007,"[146,147,148]","[""HAU/user20/3-2-1"",""HAU/user20/3-2-2"",""HAU/user20/3-2-3""]",3,triple,9,22,22,,3,1,[7],1,3,240,enumerated,Mopping||Sweeping||Wiping surface,3,126.70839993042215,Mopping||Sweeping||Wiping surface,1
oof,2,f2b008,"[149,150]","[""HAU/user20/1-1-2"",""HAU/user20/1-1-3""]",2,pair,6,15,15,,3,1,[8],1,2,102,enumerated,Checking the time||Combing hair,2,72.78530883221937,Checking the time||Combing hair,1
oof,2,f2b009,"[151,152]","[""HAU/user18/4-1-2"",""HAU/user18/4-1-3""]",2,pair,8,18,13,Listening to the music with headphones||Reading||Sitting down||Turning a page||Writing,3,1,[9],1,2,16,enumerated,Listening to the music with headphones||Reading||Sitting down||Turning a page||Walking||Writing,6,71.53404634595196,Listening to the music with headphones||Reading||Sitting down||Turning a page||Walking||Writing,1
oof,2,f2b010,"[153,154]","[""HAU/user20/5-1-1"",""HAU/user20/5-1-2""]",2,pair,6,15,15,,3,1,[10],1,2,116,enumerated,Grabbing utensils||Pouring||Stirring||Typing on a keyboard,4,61.850418428549204,Grabbing utensils||Pouring||Stirring||Typing on a keyboard,1
oof,2,f2b011,"[155,156]","[""HAU/user20/7-1-1"",""HAU/user20/7-1-2""]",2,pair,6,22,22,,3,1,[11],1,3,544,enumerated,Drinking||Eating||Grabbing utensils||Massaging oneself||Peeling fruit||Pouring||Stirring||Taking medicine,8,120.39616282409199,Drinking||Eating||Grabbing utensils||Massaging oneself||Peeling fruit||Pouring||Stirring||Taking medicine,1
oof,2,f2b012,[157],"[""HAU/user20/7-1-3""]",1,1-clip,3,16,16,,4,1,[11],1,3,464,enumerated,Checking the time||Drinking||Eating||Grabbing utensils||Massaging oneself||Mopping||Peeling fruit||Pouring,8,31.988058872889322,Checking the time||Drinking||Eating||Grabbing utensils||Massaging oneself||Mopping||Peeling fruit||Pouring,1
oof,2,f2b013,"[158,159,160]","[""HAU/user8/7-1-2"",""HAU/user8/7-1-1"",""HAU/user8/7-1-3""]",3,triple,12,28,20,Brushing teeth||Checking body temperature||Combing hair||Massaging oneself||Taking medicine||Undressing||Washing face||Wiping hands,3,1,[12],1,3,896,enumerated,Brushing teeth||Checking body temperature||Combing hair||Getting dressed||Massaging oneself||Taking medicine||Undressing||Washing face||Wiping hands,9,114.79740187012689,Brushing teeth||Checking body temperature||Combing hair||Getting dressed||Massaging oneself||Taking medicine||Undressing||Washing face||Wiping hands,1
oof,2,f2b014,"[161,162,163]","[""HAU/user8/6-2-1"",""HAU/user8/6-2-2"",""HAU/user8/6-2-3""]",3,triple,12,33,26,Checking the time||Jumping jacks||Peeling fruit||Standing up||Stretching||Turning a page||Walking,3,1,[13],1,3,1,unsat_fallback,Checking the time||Drinking||Jumping jacks||Peeling fruit||Standing up||Stretching||Turning a page||Walking,8,120.30582270723427,Checking the time||Drinking||Jumping jacks||Peeling fruit||Standing up||Stretching||Turning a page||Walking,1
oof,2,f2b015,"[164,165,166]","[""HAU/user7/1-2-1"",""HAU/user7/1-2-2"",""HAU/user7/1-2-3""]",3,triple,12,29,23,Checking the time||Grabbing utensils||Pouring||Taking a selfie||Using a phone||Walking,3,1,[14],1,3,1024,enumerated,Checking the time||Eating||Grabbing utensils||Pouring||Sitting down||Taking a selfie||Using a phone||Walking,8,113.03414372940759,Checking the time||Eating||Grabbing utensils||Pouring||Sitting down||Taking a selfie||Using a phone||Walking,1
oof,2,f2b016,"[167,168]","[""HAU/user18/3-2-1"",""HAU/user18/3-2-2""]",2,pair,6,14,14,,3,1,[15],1,2,58,enumerated,Pouring||Stirring||Washing dishes,3,78.24702569529184,Pouring||Stirring||Washing dishes,1
oof,2,f2b017,"[169,170,171]","[""HAU/user18/5-1-1"",""HAU/user18/5-1-2"",""HAU/user18/5-1-3""]",3,triple,12,29,24,Lunges||Running||Standing up||Stretching||Typing on a keyboard,3,1,[16],1,3,1,unsat_fallback,Checking the time||Lunges||Running||Sitting down||Squats||Standing up||Stretching||Typing on a keyboard,8,117.0031256143373,Checking the time||Lunges||Running||Sitting down||Squats||Standing up||Stretching||Typing on a keyboard,1
oof,2,f2b018,"[172,173,174]","[""HAU/user18/6-1-1"",""HAU/user18/6-1-2"",""HAU/user18/6-1-3""]",3,triple,12,22,18,Getting dressed||Squats||Stretching||Undressing,3,1,[17],1,3,672,enumerated,Getting dressed||Squats||Stretching||Undressing,4,103.87078536684638,Getting dressed||Squats||Stretching||Undressing,1
oof,2,f2b019,"[175,176]","[""HAU/user18/3-1-2"",""HAU/user18/3-1-3""]",2,pair,6,15,15,,3,1,[18],1,2,106,enumerated,Mopping||Sweeping,2,84.07429160715898,Mopping||Sweeping,1
oof,2,f2b020,"[177,178,179]","[""HAU/user20/2-2-1"",""HAU/user20/2-2-2"",""HAU/user20/2-2-3""]",3,triple,12,22,17,Checking the time||Sitting down||Turning a page||Typing on a keyboard||Walking,3,1,[19],1,3,24,enumerated,Checking the time||Sitting down||Turning a page||Typing on a keyboard||Walking,5,96.26685873673183,Checking the time||Sitting down||Turning a page||Typing on a keyboard||Walking,1
oof,2,f2b021,"[180,181,182]","[""HAU/user7/1-1-1"",""HAU/user7/1-1-2"",""HAU/user7/1-1-3""]",3,triple,12,24,20,Brushing teeth||Combing hair||Getting dressed||Wiping hands,3,1,[20],1,3,384,enumerated,Brushing teeth||Combing hair||Getting dressed||Wiping hands,4,118.25856373248867,Brushing teeth||Combing hair||Getting dressed||Wiping hands,1
oof,2,f2b022,"[183,184,185]","[""HAU/user8/1-2-1"",""HAU/user8/1-2-2"",""HAU/user8/1-2-3""]",3,triple,12,21,15,Calling||Listening to the music with headphones||Reading||Sitting down||Taking a selfie||Walking,3,1,[21],1,3,16,enumerated,Calling||Listening to the music with headphones||Reading||Sitting down||Taking a selfie||Walking,6,88.87937463324373,Calling||Listening to the music with headphones||Reading||Sitting down||Taking a selfie||Walking,1
oof,2,f2b023,"[186,187,188]","[""HAU/user8/1-1-1"",""HAU/user8/1-1-2"",""HAU/user8/1-1-3""]",3,triple,9,21,21,,3,1,[22],1,3,908,enumerated,Brushing teeth||Wiping hands,2,125.00715121757122,Brushing teeth||Wiping hands,1
oof,2,f2b024,"[189,190,191]","[""HAU/user18/6-2-1"",""HAU/user18/6-2-2"",""HAU/user18/6-2-3""]",3,triple,12,25,17,Checking the time||Jumping jacks||Peeling fruit||Standing up||Stretching||Turning a page||Walking||Writing,3,1,[23],1,3,384,enumerated,Checking the time||Drinking||Jumping jacks||Listening to the music with headphones||Peeling fruit||Standing up||Stretching||Turning a page||Walking||Writing,10,78.04635227803716,Checking the time||Drinking||Jumping jacks||Listening to the music with headphones||Peeling fruit||Standing up||Stretching||Turning a page||Walking||Writing,1
oof,2,f2b025,"[192,193]","[""HAU/user18/2-1-1"",""HAU/user18/2-1-2""]",2,pair,8,16,12,Calling||Checking the time||Folding clothes||Listening to the music with headphones,3,1,[24],1,2,32,enumerated,Calling||Checking the time||Folding clothes||Listening to the music with headphones||Sitting down,5,59.53709507260635,Calling||Checking the time||Folding clothes||Listening to the music with headphones||Sitting down,1
oof,2,f2b026,"[194,195,196]","[""HAU/user8/2-2-1"",""HAU/user8/2-2-2"",""HAU/user8/2-2-3""]",3,triple,9,20,20,,3,1,[25],1,3,95,enumerated,Walking||Wiping surface,2,115.5458934968674,Walking||Wiping surface,1
oof,2,f2b027,"[197,198,199]","[""HAU/user7/7-1-1"",""HAU/user7/7-1-2"",""HAU/user7/7-1-3""]",3,triple,9,19,19,,3,1,[26],1,3,22,enumerated,Checking body temperature||Listening to the music with headphones||Sitting down,3,109.64038559198562,Checking body temperature||Listening to the music with headphones||Sitting down,1
oof,2,f2b028,"[200,201,202]","[""HAU/user7/4-1-1"",""HAU/user7/4-1-2"",""HAU/user7/4-1-3""]",3,triple,12,31,23,Checking body temperature||Checking the time||Reading||Sitting down||Squats||Standing up||Taking medicine||Walking,3,1,[27],1,3,1,unsat_fallback,Checking body temperature||Checking the time||Reading||Sitting down||Squats||Standing up||Stretching||Taking medicine||Typing on a keyboard||Walking,10,117.32125559557562,Checking body temperature||Checking the time||Reading||Sitting down||Squats||Standing up||Stretching||Taking medicine||Typing on a keyboard||Walking,1
oof,2,f2b029,"[203,204,205]","[""HAU/user8/6-1-1"",""HAU/user8/6-1-2"",""HAU/user8/6-1-3""]",3,triple,12,20,16,Getting dressed||Squats||Stretching||Undressing,3,1,[28],1,3,16,enumerated,Getting dressed||Squats||Stretching||Undressing,4,89.69318035578814,Getting dressed||Squats||Stretching||Undressing,1
oof,2,f2b030,"[206,207,208]","[""HAU/user7/3-1-1"",""HAU/user7/3-1-2"",""HAU/user7/3-1-3""]",3,triple,12,21,17,Mopping||Running||Stretching||Sweeping,3,1,[29],1,3,168,enumerated,Mopping||Running||Stretching||Sweeping,4,96.3190657360048,Mopping||Running||Stretching||Sweeping,1
oof,2,f2b031,"[209,210,211]","[""HAU/user18/4-2-1"",""HAU/user18/4-2-2"",""HAU/user18/4-2-3""]",3,triple,9,25,25,,3,1,[30],1,3,1,unsat_fallback,Peeling fruit||Pouring||Stirring||Walking,4,132.61894602612247,Peeling fruit||Pouring||Stirring||Walking,1
oof,2,f2b032,"[212,213,214]","[""HAU/user7/6-2-1"",""HAU/user7/6-2-2"",""HAU/user7/6-2-3""]",3,triple,6,15,15,,3,1,[31],1,3,744,enumerated,Listening to the music with headphones,1,83.02884088988588,Listening to the music with headphones,1
oof,2,f2b033,"[215,216]","[""HAU/user8/3-2-2"",""HAU/user8/3-2-3""]",2,pair,6,17,17,,3,1,[32],1,2,456,enumerated,Pouring||Stirring||Washing dishes,3,93.41310731450386,Pouring||Stirring||Washing dishes,1
oof,2,f2b034,"[217,218]","[""HAU/user7/5-2-1"",""HAU/user7/5-2-2""]",2,pair,6,15,15,,3,1,[33],1,2,62,enumerated,Drinking||Pouring||Stirring||Walking,4,68.64105988827234,Drinking||Pouring||Stirring||Walking,1
oof,2,f2b035,"[219,220,221]","[""HAU/user7/2-1-1"",""HAU/user7/2-1-2"",""HAU/user7/2-1-3""]",3,triple,9,20,20,,3,1,[34],1,3,400,enumerated,Grabbing utensils||Pouring||Stirring,3,117.84237273746788,Grabbing utensils||Pouring||Stirring,1
oof,2,f2b036,"[222,223,224]","[""HAU/user18/3-3-1"",""HAU/user18/3-3-2"",""HAU/user18/3-3-3""]",3,triple,9,19,19,,3,1,[35],1,3,44,enumerated,Sitting down||Walking||Wiping surface,3,101.05628855526464,Sitting down||Walking||Wiping surface,1
oof,2,f2b037,"[225,226]","[""HAU/user18/1-1-2"",""HAU/user18/1-1-3""]",2,pair,6,14,14,,3,1,[36],1,2,64,enumerated,Brushing teeth||Wiping hands,2,80.43258753340741,Brushing teeth||Wiping hands,1
oof,2,f2b038,"[227,228,229]","[""HAU/user20/7-2-1"",""HAU/user20/7-2-2"",""HAU/user20/7-2-3""]",3,triple,9,22,22,,3,1,[37],1,3,1324,enumerated,Taking a selfie||Walking,2,125.4041503097185,Taking a selfie||Walking,1
oof,2,f2b039,"[230,231]","[""HAU/user8/3-3-1"",""HAU/user8/3-3-2""]",2,pair,6,12,12,,3,1,[38],1,2,21,enumerated,Walking||Wiping surface,2,68.95365952663447,Walking||Wiping surface,1
oof,2,f2b040,"[232,233,234]","[""HAU/user7/7-2-1"",""HAU/user7/7-2-2"",""HAU/user7/7-2-3""]",3,triple,9,21,21,,3,1,[39],1,3,496,enumerated,Eating||Peeling fruit||Wiping hands,3,122.83692983108351,Eating||Peeling fruit||Wiping hands,1
oof,2,f2b041,"[235,236,237]","[""HAU/user20/6-2-1"",""HAU/user20/6-2-2"",""HAU/user20/6-2-3""]",3,triple,9,20,20,,3,1,[40],1,3,278,enumerated,Massaging oneself||Wiping hands,2,119.41056531874035,Massaging oneself||Wiping hands,1
oof,2,f2b042,"[238,239,240]","[""HAU/user18/7-2-1"",""HAU/user18/7-2-2"",""HAU/user18/7-2-3""]",3,triple,9,23,23,,3,1,[41],1,3,1,unsat_fallback,Checking body temperature||Eating||Grabbing utensils||Peeling fruit||Pouring||Stirring||Taking medicine,7,119.22086908263093,Checking body temperature||Eating||Grabbing utensils||Peeling fruit||Pouring||Stirring||Taking medicine,1
oof,2,f2b043,"[241,242,243]","[""HAU/user8/2-1-1"",""HAU/user8/2-1-2"",""HAU/user8/2-1-3""]",3,triple,12,22,17,Calling||Checking the time||Folding clothes||Listening to the music with headphones||Sitting down,3,1,[42],1,3,154,enumerated,Calling||Checking the time||Folding clothes||Listening to the music with headphones||Sitting down,5,93.0216847527403,Calling||Checking the time||Folding clothes||Listening to the music with headphones||Sitting down,1
oof,2,f2b044,"[244,245]","[""HAU/user20/4-2-2"",""HAU/user20/4-2-3""]",2,pair,8,17,13,Brushing teeth||Combing hair||Walking||Washing face,3,1,[43],1,2,120,enumerated,Brushing teeth||Combing hair||Walking||Washing face,4,69.77799345423344,Brushing teeth||Combing hair||Walking||Washing face,1
oof,2,f2b045,"[246,247]","[""HAU/user20/3-1-1"",""HAU/user20/3-1-2""]",2,pair,6,14,14,,3,1,[44],1,2,56,enumerated,Eating||Pouring||Stirring||Washing dishes,4,78.21869598371313,Eating||Pouring||Stirring||Washing dishes,1
oof,2,f2b046,"[248,249,250]","[""HAU/user8/3-1-1"",""HAU/user8/3-1-2"",""HAU/user8/3-1-3""]",3,triple,9,20,20,,3,1,[45],1,3,422,enumerated,Mopping||Sweeping,2,118.57488923348109,Mopping||Sweeping,1
oof,2,f2b047,"[251,252,253]","[""HAU/user20/6-3-1"",""HAU/user20/6-3-2"",""HAU/user20/6-3-3""]",3,triple,12,26,20,Listening to the music with headphones||Mopping||Pouring||Standing up||Stirring||Walking,3,1,[46],1,3,1280,enumerated,Listening to the music with headphones||Mopping||Pouring||Standing up||Stirring||Walking,6,98.63024300577251,Listening to the music with headphones||Mopping||Pouring||Standing up||Stirring||Walking,1
oof,2,f2b048,"[254,255]","[""HAU/user7/3-3-1"",""HAU/user7/3-3-3""]",2,pair,6,12,12,,3,1,[47],1,2,24,enumerated,Walking||Wiping surface,2,60.625976412202164,Walking||Wiping surface,1
oof,2,f2b049,"[256,257,258]","[""HAU/user18/2-2-1"",""HAU/user18/2-2-2"",""HAU/user18/2-2-3""]",3,triple,9,15,15,,3,1,[48],1,3,38,enumerated,Walking||Wiping surface,2,85.34419195624,Walking||Wiping surface,1
oof,2,f2b050,"[259,260,261]","[""HAU/user18/1-2-1"",""HAU/user18/1-2-2"",""HAU/user18/1-2-3""]",3,triple,12,24,18,Calling||Listening to the music with headphones||Reading||Sitting down||Taking a selfie||Walking,3,1,[49],1,3,600,enumerated,Calling||Listening to the music with headphones||Reading||Sitting down||Taking a selfie||Walking,6,91.60214502590264,Calling||Listening to the music with headphones||Reading||Sitting down||Taking a selfie||Walking,1
oof,2,f2b051,"[262,263,264]","[""HAU/user20/2-1-1"",""HAU/user20/2-1-2"",""HAU/user20/2-1-3""]",3,triple,12,24,19,Drinking||Grabbing utensils||Mopping||Sweeping||Walking,3,1,[50],1,3,128,enumerated,Drinking||Eating||Grabbing utensils||Mopping||Pouring||Sweeping||Walking,7,98.23536356472732,Drinking||Eating||Grabbing utensils||Mopping||Pouring||Sweeping||Walking,1
oof,2,f2b052,"[265,266,267]","[""HAU/user8/7-2-1"",""HAU/user8/7-2-2"",""HAU/user8/7-2-3""]",3,triple,9,23,23,,3,1,[51],1,3,1,unsat_fallback,Drinking||Eating||Grabbing utensils||Peeling fruit||Pouring||Stirring||Taking medicine,7,130.01436505633484,Drinking||Eating||Grabbing utensils||Peeling fruit||Pouring||Stirring||Taking medicine,1
oof,2,f2b053,"[268,269]","[""HAU/user8/4-1-2"",""HAU/user8/4-1-3""]",2,pair,8,18,14,Listening to the music with headphones||Sitting down||Turning a page||Writing,3,1,[52],1,2,24,enumerated,Listening to the music with headphones||Reading||Sitting down||Turning a page||Writing,5,78.03973632462277,Listening to the music with headphones||Reading||Sitting down||Turning a page||Writing,1
oof,2,f2b054,"[270,271]","[""HAU/user8/5-1-2"",""HAU/user8/5-1-3""]",2,pair,8,21,16,Checking the time||Lunges||Sitting down||Stretching||Typing on a keyboard,3,1,[53],1,2,192,enumerated,Checking the time||Lunges||Running||Sitting down||Standing up||Stretching||Typing on a keyboard,7,83.53400832217179,Checking the time||Lunges||Running||Sitting down||Standing up||Stretching||Typing on a keyboard,1
oof,2,f2b055,"[272,273,274]","[""HAU/user20/1-2-1"",""HAU/user20/1-2-2"",""HAU/user20/1-2-3""]",3,triple,9,24,24,,3,1,[54],1,3,1,unsat_fallback,Squats||Stretching||Walking,3,129.61254752670988,Squats||Stretching||Walking,1
oof,2,f2b056,"[275,276,277]","[""HAU/user18/7-1-1"",""HAU/user18/7-1-2"",""HAU/user18/7-1-3""]",3,triple,12,31,23,Brushing teeth||Checking body temperature||Combing hair||Getting dressed||Taking medicine||Undressing||Washing face||Wiping hands,3,1,[55],1,3,3680,enumerated,Brushing teeth||Checking body temperature||Combing hair||Getting dressed||Massaging oneself||Taking medicine||Undressing||Washing face||Wiping hands,9,127.13791249153729,Brushing teeth||Checking body temperature||Combing hair||Getting dressed||Massaging oneself||Taking medicine||Undressing||Washing face||Wiping hands,1
oof,2,f2b057,"[278,279]","[""HAU/user7/6-3-1"",""HAU/user7/6-3-3""]",2,pair,8,19,15,Checking the time||Sitting down||Typing on a keyboard||Walking,3,1,[56],1,2,80,enumerated,Checking the time||Sitting down||Typing on a keyboard||Walking,4,83.63250425252716,Checking the time||Sitting down||Typing on a keyboard||Walking,1
oof,2,f2b058,"[280,281,282]","[""HAU/user20/4-1-1"",""HAU/user20/4-1-2"",""HAU/user20/4-1-3""]",3,triple,12,27,21,Checking the time||Drinking||Reading||Turning a page||Typing on a keyboard||Using a phone,3,1,[57],1,3,896,enumerated,Checking the time||Drinking||Reading||Turning a page||Typing on a keyboard||Using a phone,6,121.2434220407138,Checking the time||Drinking||Reading||Turning a page||Typing on a keyboard||Using a phone,1
oof,3,f3b000,"[72,73,74]","[""HAU/user3/5-1-1"",""HAU/user3/5-1-2"",""HAU/user3/5-1-3""]",3,triple,9,27,27,,3,1,[0],1,3,1,unsat_fallback,Drinking||Grabbing utensils||Pouring||Stirring,4,159.51115656459393,Drinking||Grabbing utensils||Pouring||Stirring,1
oof,3,f3b001,"[75,76]","[""HAU/user9/6-1-1"",""HAU/user9/6-1-2""]",2,pair,8,18,13,Checking the time||Reading||Sitting down||Typing on a keyboard||Writing,3,1,[1],1,2,8,enumerated,Checking the time||Reading||Sitting down||Typing on a keyboard||Writing,5,76.46127447068122,Checking the time||Reading||Sitting down||Typing on a keyboard||Writing,1
oof,3,f3b002,"[77,78]","[""HAU/user3/2-2-2"",""HAU/user3/2-2-3""]",2,pair,8,16,12,Checking body temperature||Massaging oneself||Taking medicine||Walking,3,1,[2],1,2,16,enumerated,Checking body temperature||Massaging oneself||Taking medicine||Walking,4,65.33748597850699,Checking body temperature||Massaging oneself||Taking medicine||Walking,1
oof,3,f3b003,"[79,80,81]","[""HAU/user3/6-1-1"",""HAU/user3/6-1-2"",""HAU/user3/6-1-3""]",3,triple,9,20,20,,3,1,[3],1,3,112,enumerated,Drinking||Eating||Grabbing utensils||Walking,4,111.48687809943799,Drinking||Eating||Grabbing utensils||Walking,1
oof,3,f3b004,"[82,83,84]","[""HAU/user9/7-1-1"",""HAU/user9/7-1-2"",""HAU/user9/7-1-3""]",3,triple,9,20,20,,3,1,[4],1,3,228,enumerated,Checking body temperature||Massaging oneself||Playing games||Taking medicine,4,111.91665865911527,Checking body temperature||Massaging oneself||Playing games||Taking medicine,1
oof,3,f3b005,"[85,86,87]","[""HAU/user9/4-3-1"",""HAU/user9/4-3-2"",""HAU/user9/4-3-3""]",3,triple,9,15,15,,3,1,[5],1,3,12,enumerated,Sitting down||Typing on a keyboard||Walking,3,84.65279524118435,Sitting down||Typing on a keyboard||Walking,1
oof,3,f3b006,"[88,89,90]","[""HAU/user9/2-2-1"",""HAU/user9/2-2-2"",""HAU/user9/2-2-3""]",3,triple,9,22,22,,3,1,[6],1,3,784,enumerated,Jumping jacks||Squats||Walking,3,130.82719358958906,Jumping jacks||Squats||Walking,1
oof,3,f3b007,"[91,92]","[""HAU/user5/6-1-2"",""HAU/user5/6-1-3""]",2,pair,8,19,15,Lunges||Lying down||Standing up||Walking,3,1,[7],1,2,800,enumerated,Lunges||Lying down||Standing up||Walking,4,83.82237742361303,Lunges||Lying down||Standing up||Walking,1
oof,3,f3b008,"[93,94,95]","[""HAU/user3/2-1-1"",""HAU/user3/2-1-2"",""HAU/user3/2-1-3""]",3,triple,12,23,17,Lying down||Running||Squats||Standing up||Stretching||Walking,3,1,[8],1,3,32,enumerated,Lying down||Running||Squats||Standing up||Stretching||Walking,6,98.8592807242918,Lying down||Running||Squats||Standing up||Stretching||Walking,1
oof,3,f3b009,"[96,97]","[""HAU/user5/7-2-1"",""HAU/user5/7-2-2""]",2,pair,6,15,15,,3,1,[9],1,2,116,enumerated,Drinking||Mopping||Walking,3,73.65598547315862,Drinking||Mopping||Walking,1
oof,3,f3b010,"[98,99,100]","[""HAU/user9/3-3-1"",""HAU/user9/3-3-2"",""HAU/user9/3-3-3""]",3,triple,12,20,14,Listening to the music with headphones||Lying down||Mopping||Squats||Sweeping||Walking,3,1,[10],1,3,16,enumerated,Drinking||Listening to the music with headphones||Lying down||Mopping||Squats||Sweeping||Walking,7,72.82838131325494,Drinking||Listening to the music with headphones||Lying down||Mopping||Squats||Sweeping||Walking,1
oof,3,f3b011,"[101,102]","[""HAU/user5/3-2-2"",""HAU/user5/3-2-3""]",2,pair,6,17,17,,3,1,[11],1,2,362,enumerated,Drinking||Eating||Peeling fruit||Pouring||Walking,5,90.36545198481681,Drinking||Eating||Peeling fruit||Pouring||Walking,1
oof,3,f3b012,"[103,104]","[""HAU/user9/1-1-1"",""HAU/user9/1-1-2""]",2,pair,8,18,13,Brushing teeth||Combing hair||Getting dressed||Stretching||Wiping hands,3,1,[12],1,2,24,enumerated,Brushing teeth||Combing hair||Getting dressed||Stretching||Wiping hands,5,74.15576923423454,Brushing teeth||Combing hair||Getting dressed||Stretching||Wiping hands,1
oof,3,f3b013,"[105,106,107]","[""HAU/user9/6-2-1"",""HAU/user9/6-2-2"",""HAU/user9/6-2-3""]",3,triple,12,22,17,Checking body temperature||Lying down||Playing games||Taking a selfie||Taking medicine,3,1,[13],1,3,56,enumerated,Checking body temperature||Lying down||Playing games||Taking a selfie||Taking medicine,5,100.52086636132168,Checking body temperature||Lying down||Playing games||Taking a selfie||Taking medicine,1
oof,3,f3b014,"[108,109,110]","[""HAU/user3/3-1-1"",""HAU/user3/3-1-2"",""HAU/user3/3-1-3""]",3,triple,9,22,22,,3,1,[14],1,3,1094,enumerated,Peeling fruit||Washing dishes,2,130.6665852815391,Peeling fruit||Washing dishes,1
oof,3,f3b015,"[111,112,113]","[""HAU/user5/7-1-1"",""HAU/user5/7-1-2"",""HAU/user5/7-1-3""]",3,triple,12,26,21,Combing hair||Sitting down||Standing up||Taking medicine||Walking,3,1,[15],1,3,192,enumerated,Combing hair||Sitting down||Standing up||Taking medicine||Walking,5,122.12050935667904,Combing hair||Sitting down||Standing up||Taking medicine||Walking,1
oof,3,f3b016,"[114,115,116]","[""HAU/user5/1-2-1"",""HAU/user5/1-2-2"",""HAU/user5/1-2-3""]",3,triple,9,25,25,,3,1,[16],1,3,1,unsat_fallback,Drinking||Eating||Peeling fruit||Pouring||Stirring||Walking,6,131.72553971164828,Drinking||Eating||Peeling fruit||Pouring||Stirring||Walking,1
oof,3,f3b017,"[117,118]","[""HAU/user9/4-2-1"",""HAU/user9/4-2-2""]",2,pair,5,15,15,,3,1,[17],1,2,360,enumerated,Drinking||Squats||Stretching||Walking,4,83.2613818210908,Drinking||Squats||Stretching||Walking,1
oof,3,f3b018,"[119,120,121]","[""HAU/user9/2-3-1"",""HAU/user9/2-3-2"",""HAU/user9/2-3-3""]",3,triple,9,16,16,,3,1,[18],1,3,28,enumerated,Peeling fruit||Walking,2,94.48655027628507,Peeling fruit||Walking,1
oof,3,f3b019,"[122,123,124]","[""HAU/user9/1-2-1"",""HAU/user9/1-2-2"",""HAU/user9/1-2-3""]",3,triple,12,23,19,Listening to the music with headphones||Sitting down||Typing on a keyboard||Walking,3,1,[19],1,3,296,enumerated,Listening to the music with headphones||Reading||Sitting down||Typing on a keyboard||Walking,5,101.234363581589,Listening to the music with headphones||Reading||Sitting down||Typing on a keyboard||Walking,1
oof,3,f3b020,"[125,126,127]","[""HAU/user9/5-1-1"",""HAU/user9/5-1-2"",""HAU/user9/5-1-3""]",3,triple,9,16,16,,3,1,[20],1,3,32,enumerated,Listening to the music with headphones||Playing games||Standing up,3,94.27785434442512,Listening to the music with headphones||Playing games||Standing up,1
oof,3,f3b021,"[128,129]","[""HAU/user9/2-1-1"",""HAU/user9/2-1-2""]",2,pair,6,17,17,,3,1,[21],1,2,429,enumerated,Drinking||Grabbing utensils||Pouring||Stirring,4,92.98237217438727,Drinking||Grabbing utensils||Pouring||Stirring,1
oof,3,f3b022,"[130,131,132]","[""HAU/user5/4-2-1"",""HAU/user5/4-2-2"",""HAU/user5/4-2-3""]",3,triple,9,20,20,,3,1,[22],1,3,212,enumerated,Pouring||Stirring||Walking,3,113.71183595992562,Pouring||Stirring||Walking,1
oof,3,f3b023,"[133,134]","[""HAU/user3/1-1-2"",""HAU/user3/1-1-3""]",2,pair,6,16,16,,3,1,[23],1,2,300,enumerated,Checking the time||Getting dressed,2,63.56240421242363,Checking the time||Getting dressed,1
oof,3,f3b024,"[135,136,137]","[""HAU/user9/3-1-1"",""HAU/user9/3-1-2"",""HAU/user9/3-1-3""]",3,triple,9,18,18,,3,1,[24],1,3,52,enumerated,Playing games||Undressing,2,107.78377412002544,Playing games||Undressing,1
oof,3,f3b025,"[138,139,140]","[""HAU/user9/3-2-1"",""HAU/user9/3-2-2"",""HAU/user9/3-2-3""]",3,triple,9,19,19,,3,1,[25],1,3,128,enumerated,Drinking||Pouring||Stirring||Walking,4,114.0,Drinking||Pouring||Stirring||Walking,1
oof,3,f3b026,"[141,142]","[""HAU/user5/1-1-1"",""HAU/user5/1-1-2""]",2,pair,6,15,15,,3,1,[26],1,2,107,enumerated,Combing hair||Washing face,2,83.17999283417453,Combing hair||Washing face,1
oof,3,f3b027,"[143,144,145]","[""HAU/user5/3-1-1"",""HAU/user5/3-1-2"",""HAU/user5/3-1-3""]",3,triple,12,22,16,Reading||Sitting down||Standing up||Sweeping||Turning a page||Walking,3,1,[27],1,3,48,enumerated,Reading||Sitting down||Standing up||Sweeping||Turning a page||Walking,6,90.85916491467593,Reading||Sitting down||Standing up||Sweeping||Turning a page||Walking,1
oof,3,f3b028,"[146,147,148]","[""HAU/user5/4-3-1"",""HAU/user5/4-3-2"",""HAU/user5/4-3-3""]",3,triple,9,20,20,,3,1,[28],1,3,186,enumerated,Reading||Turning a page||Walking,3,107.35351888577567,Reading||Turning a page||Walking,1
oof,3,f3b029,"[149,150,151]","[""HAU/user3/5-2-1"",""HAU/user3/5-2-2"",""HAU/user3/5-2-3""]",3,triple,12,27,21,Eating||Grabbing utensils||Listening to the music with headphones||Sitting down||Turning a page||Walking,3,1,[29],1,3,992,enumerated,Eating||Grabbing utensils||Listening to the music with headphones||Reading||Sitting down||Turning a page||Walking,7,110.13581837901188,Eating||Grabbing utensils||Listening to the music with headphones||Reading||Sitting down||Turning a page||Walking,1
oof,3,f3b030,"[152,153,154]","[""HAU/user3/6-2-1"",""HAU/user3/6-2-2"",""HAU/user3/6-2-3""]",3,triple,12,24,18,Mopping||Reading||Sitting down||Standing up||Sweeping||Walking,3,1,[30],1,3,160,enumerated,Checking the time||Mopping||Reading||Sitting down||Standing up||Sweeping||Turning a page||Walking,8,87.1050972114643,Checking the time||Mopping||Reading||Sitting down||Standing up||Sweeping||Turning a page||Walking,1
oof,3,f3b031,"[155,156,157]","[""HAU/user5/5-1-1"",""HAU/user5/5-1-2"",""HAU/user5/5-1-3""]",3,triple,9,18,18,,3,1,[31],1,3,72,enumerated,Mopping||Walking||Wiping surface,3,107.57883175699547,Mopping||Walking||Wiping surface,1
oof,3,f3b032,"[158,159,160]","[""HAU/user3/1-2-1"",""HAU/user3/1-2-2"",""HAU/user3/1-2-3""]",3,triple,9,20,20,,3,1,[32],1,3,156,enumerated,Combing hair||Drinking||Listening to the music with headphones||Walking,4,94.35343744570287,Combing hair||Drinking||Listening to the music with headphones||Walking,1
oof,3,f3b033,"[161,162]","[""HAU/user9/5-3-1"",""HAU/user9/5-3-2""]",2,pair,8,19,14,Checking the time||Massaging oneself||Playing games||Sitting down||Squats,3,1,[33],1,2,32,enumerated,Checking the time||Massaging oneself||Playing games||Sitting down||Squats||Walking,6,75.26451544007149,Checking the time||Massaging oneself||Playing games||Sitting down||Squats||Walking,1
oof,3,f3b034,"[163,164,165]","[""HAU/user5/6-2-1"",""HAU/user5/6-2-2"",""HAU/user5/6-2-3""]",3,triple,9,20,20,,3,1,[34],1,3,224,enumerated,Drinking||Eating||Peeling fruit||Walking,4,119.10408732730131,Drinking||Eating||Peeling fruit||Walking,1
oof,3,f3b035,"[166,167]","[""HAU/user9/7-2-2"",""HAU/user9/7-2-3""]",2,pair,8,21,17,Drinking||Sweeping||Walking||Wiping surface,3,1,[35],1,2,384,enumerated,Drinking||Eating||Mopping||Stirring||Sweeping||Walking||Wiping surface,7,69.15846567046631,Drinking||Eating||Mopping||Stirring||Sweeping||Walking||Wiping surface,1
oof,3,f3b036,"[168,169]","[""HAU/user5/2-1-2"",""HAU/user5/2-1-3""]",2,pair,6,19,19,,3,1,[36],1,2,1976,enumerated,Drinking||Eating||Grabbing utensils||Peeling fruit||Reading||Turning a page,6,68.48926586769304,Drinking||Eating||Grabbing utensils||Peeling fruit||Reading||Turning a page,1
oof,3,f3b037,"[170,171]","[""HAU/user5/5-2-1"",""HAU/user5/5-2-2""]",2,pair,6,14,14,,3,1,[37],1,2,48,enumerated,Lying down||Stretching||Walking,3,78.24658576676816,Lying down||Stretching||Walking,1
oof,3,f3b038,"[172,173]","[""HAU/user9/5-2-1"",""HAU/user9/5-2-2""]",2,pair,6,14,14,,3,1,[38],1,2,58,enumerated,Peeling fruit||Wiping hands,2,81.03692501590149,Peeling fruit||Wiping hands,1
oof,3,f3b039,"[174,175]","[""HAU/user3/3-2-1"",""HAU/user3/3-2-2""]",2,pair,8,20,14,Calling||Listening to the music with headphones||Sitting down||Typing on a keyboard||Walking||Writing,3,1,[39],1,2,40,enumerated,Calling||Listening to the music with headphones||Sitting down||Typing on a keyboard||Walking||Writing,6,83.25529335135428,Calling||Listening to the music with headphones||Sitting down||Typing on a keyboard||Walking||Writing,1
oof,3,f3b040,"[176,177]","[""HAU/user3/4-1-2"",""HAU/user3/4-1-3""]",2,pair,8,23,18,Calling||Drinking||Peeling fruit||Turning a page||Typing on a keyboard,3,1,[40],1,2,128,enumerated,Calling||Drinking||Eating||Grabbing utensils||Peeling fruit||Stirring||Turning a page||Typing on a keyboard,8,68.33406658677474,Calling||Drinking||Eating||Grabbing utensils||Peeling fruit||Stirring||Turning a page||Typing on a keyboard,1
oof,3,f3b041,"[178,179,180]","[""HAU/user3/7-1-1"",""HAU/user3/7-1-2"",""HAU/user3/7-1-3""]",3,triple,12,27,20,Drinking||Massaging oneself||Pouring||Standing up||Stretching||Taking medicine||Walking,3,1,[41],1,3,256,enumerated,Drinking||Eating||Grabbing utensils||Massaging oneself||Pouring||Standing up||Stirring||Stretching||Taking medicine||Walking,10,94.6215445622114,Drinking||Eating||Grabbing utensils||Massaging oneself||Pouring||Standing up||Stirring||Stretching||Taking medicine||Walking,1
oof,3,f3b042,"[181,182,183]","[""HAU/user9/4-1-1"",""HAU/user9/4-1-2"",""HAU/user9/4-1-3""]",3,triple,9,20,20,,3,1,[42],1,3,96,enumerated,Checking the time||Reading||Typing on a keyboard,3,108.62062129629052,Checking the time||Reading||Typing on a keyboard,1
oof,3,f3b043,"[184,185,186]","[""HAU/user5/4-1-1"",""HAU/user5/4-1-2"",""HAU/user5/4-1-3""]",3,triple,9,21,21,,3,1,[43],1,3,578,enumerated,Calling||Checking the time||Typing on a keyboard,3,115.00176967538324,Calling||Checking the time||Typing on a keyboard,1
oof,4,f4b000,"[83,84,85]","[""HAU/user23/1-2-1"",""HAU/user23/1-2-2"",""HAU/user23/1-2-3""]",3,triple,9,17,17,,3,1,[0],1,3,48,enumerated,Lunges||Squats,2,87.77568417167859,Lunges||Squats,1
oof,4,f4b001,"[86,87,88]","[""HAU/user23/7-3-1"",""HAU/user23/7-3-2"",""HAU/user23/7-3-3""]",3,triple,12,21,16,Sitting down||Standing up||Stretching||Using a phone||Walking,3,1,[1],1,3,40,enumerated,Sitting down||Standing up||Stretching||Using a phone||Walking,5,95.09197268505167,Sitting down||Standing up||Stretching||Using a phone||Walking,1
oof,4,f4b002,"[89,90,91]","[""HAU/user23/3-1-1"",""HAU/user23/3-1-2"",""HAU/user23/3-1-3""]",3,triple,6,16,16,,3,1,[2],1,3,1216,enumerated,Wiping surface,1,95.26372010482967,Wiping surface,1
oof,4,f4b003,"[92,93,94]","[""HAU/user2/1-2-1"",""HAU/user2/1-2-2"",""HAU/user2/1-2-3""]",3,triple,9,21,21,,3,1,[3],1,3,72,enumerated,Drinking||Eating||Grabbing utensils||Stretching||Walking,5,82.80888404608788,Drinking||Eating||Grabbing utensils||Stretching||Walking,1
oof,4,f4b004,"[95,96,97]","[""HAU/user2/4-2-1"",""HAU/user2/4-2-2"",""HAU/user2/4-2-3""]",3,triple,9,23,23,,3,1,[4],1,3,1,unsat_fallback,Drinking||Eating||Grabbing utensils,3,137.6172702738641,Drinking||Eating||Grabbing utensils,1
oof,4,f4b005,"[98,99]","[""HAU/user19/5-2-1"",""HAU/user19/5-2-2""]",2,pair,6,16,16,,4,1,[5],1,2,242,enumerated,Peeling fruit||Wiping hands,2,95.89927830067,Peeling fruit||Wiping hands,1
oof,4,f4b006,"[100,101]","[""HAU/user19/6-1-1"",""HAU/user19/6-1-2""]",2,pair,8,25,19,Checking the time||Reading||Sitting down||Turning a page||Typing on a keyboard||Writing,3,1,[6],1,2,1728,enumerated,Checking the time||Reading||Sitting down||Turning a page||Typing on a keyboard||Walking||Writing,7,105.65070643784927,Checking the time||Reading||Sitting down||Turning a page||Typing on a keyboard||Walking||Writing,1
oof,4,f4b007,"[102,103,104]","[""HAU/user19/3-3-1"",""HAU/user19/3-3-2"",""HAU/user19/3-3-3""]",3,triple,12,24,18,Listening to the music with headphones||Lying down||Mopping||Squats||Sweeping||Walking,3,1,[7],1,3,160,enumerated,Listening to the music with headphones||Lying down||Mopping||Squats||Sweeping||Walking,6,106.29479801524127,Listening to the music with headphones||Lying down||Mopping||Squats||Sweeping||Walking,1
oof,4,f4b008,"[105,106]","[""HAU/user2/5-2-1"",""HAU/user2/5-2-2""]",2,pair,6,14,14,,3,1,[8],1,2,142,enumerated,Eating||Peeling fruit||Walking,3,84.0,Eating||Peeling fruit||Walking,1
oof,4,f4b009,"[107,108,109]","[""HAU/user23/4-1-1"",""HAU/user23/4-1-2"",""HAU/user23/4-1-3""]",3,triple,9,18,18,,3,1,[9],1,3,139,enumerated,Reading||Writing,2,99.60234656792642,Reading||Writing,1
oof,4,f4b010,"[110,111,112]","[""HAU/user19/7-1-1"",""HAU/user19/7-1-2"",""HAU/user19/7-1-3""]",3,triple,9,21,21,,3,1,[10],1,3,800,enumerated,Checking body temperature||Drinking||Massaging oneself||Taking medicine,4,114.79471288610749,Checking body temperature||Drinking||Massaging oneself||Taking medicine,1
oof,4,f4b011,"[113,114,115]","[""HAU/user2/4-3-1"",""HAU/user2/4-3-2"",""HAU/user2/4-3-3""]",3,triple,9,23,23,,3,1,[11],1,3,1,unsat_fallback,Sitting down||Walking||Writing,3,134.93311555973088,Sitting down||Walking||Writing,1
oof,4,f4b012,"[116,117,118]","[""HAU/user19/5-1-1"",""HAU/user19/5-1-2"",""HAU/user19/5-1-3""]",3,triple,9,21,21,,3,1,[12],1,3,344,enumerated,Listening to the music with headphones||Playing games||Standing up,3,124.2441067527912,Listening to the music with headphones||Playing games||Standing up,1
oof,4,f4b013,"[119,120,121]","[""HAU/user2/7-1-1"",""HAU/user2/7-1-2"",""HAU/user2/7-1-3""]",3,triple,9,19,19,,3,1,[13],1,3,86,enumerated,Sitting down||Taking medicine,2,108.32699036389761,Sitting down||Taking medicine,1
oof,4,f4b014,"[122,123,124]","[""HAU/user19/4-3-1"",""HAU/user19/4-3-2"",""HAU/user19/4-3-3""]",3,triple,9,21,21,,3,1,[14],1,3,224,enumerated,Sitting down||Typing on a keyboard||Walking,3,125.84606879627316,Sitting down||Typing on a keyboard||Walking,1
oof,4,f4b015,"[125,126,127]","[""HAU/user23/7-1-1"",""HAU/user23/7-1-2"",""HAU/user23/7-1-3""]",3,triple,12,23,19,Massaging oneself||Standing up||Taking medicine||Writing,3,1,[15],1,3,560,enumerated,Massaging oneself||Standing up||Taking medicine||Writing,4,110.62608881893048,Massaging oneself||Standing up||Taking medicine||Writing,1
oof,4,f4b016,"[128,129,130]","[""HAU/user23/6-3-1"",""HAU/user23/6-3-2"",""HAU/user23/6-3-3""]",3,triple,6,17,17,,3,1,[16],1,3,2706,enumerated,Squats,1,100.08179875952396,Squats,1
oof,4,f4b017,"[131,132,133]","[""HAU/user19/3-2-1"",""HAU/user19/3-2-2"",""HAU/user19/3-2-3""]",3,triple,9,18,18,,3,1,[17],1,3,58,enumerated,Drinking||Pouring||Stirring||Walking,4,97.40093538561034,Drinking||Pouring||Stirring||Walking,1
oof,4,f4b018,"[134,135,136]","[""HAU/user19/6-2-1"",""HAU/user19/6-2-2"",""HAU/user19/6-2-3""]",3,triple,12,22,17,Checking body temperature||Lying down||Playing games||Taking a selfie||Taking medicine,3,1,[18],1,3,172,enumerated,Checking body temperature||Lying down||Playing games||Taking a selfie||Taking medicine,5,97.44650632429412,Checking body temperature||Lying down||Playing games||Taking a selfie||Taking medicine,1
oof,4,f4b019,"[137,138]","[""HAU/user19/3-1-1"",""HAU/user19/3-1-2""]",2,pair,6,14,14,,3,1,[19],1,2,58,enumerated,Playing games||Undressing,2,81.15637775043184,Playing games||Undressing,1
oof,4,f4b020,"[139,140]","[""HAU/user23/1-1-1"",""HAU/user23/1-1-2""]",2,pair,6,13,13,,3,1,[20],1,2,44,enumerated,Brushing teeth||Washing face||Wiping hands,3,67.0444451737773,Brushing teeth||Washing face||Wiping hands,1
oof,4,f4b021,"[141,142,143]","[""HAU/user2/7-2-1"",""HAU/user2/7-2-2"",""HAU/user2/7-2-3""]",3,triple,9,18,18,,3,1,[21],1,3,44,enumerated,Eating||Peeling fruit||Walking,3,107.67483526453975,Eating||Peeling fruit||Walking,1
oof,4,f4b022,"[144,145,146]","[""HAU/user2/7-3-1"",""HAU/user2/7-3-2"",""HAU/user2/7-3-3""]",3,triple,12,26,20,Massaging oneself||Standing up||Stretching||Using a phone||Walking||Wiping hands,3,1,[22],1,3,384,enumerated,Listening to the music with headphones||Massaging oneself||Sitting down||Standing up||Stretching||Using a phone||Walking||Wiping hands,8,109.03621299358582,Listening to the music with headphones||Massaging oneself||Sitting down||Standing up||Stretching||Using a phone||Walking||Wiping hands,1
oof,4,f4b023,"[147,148,149]","[""HAU/user19/4-2-1"",""HAU/user19/4-2-2"",""HAU/user19/4-2-3""]",3,triple,9,20,20,,3,1,[23],1,3,200,enumerated,Squats||Stretching||Walking,3,113.19598780642755,Squats||Stretching||Walking,1
oof,4,f4b024,"[150,151,152]","[""HAU/user19/5-3-1"",""HAU/user19/5-3-2"",""HAU/user19/5-3-3""]",3,triple,12,25,19,Checking the time||Massaging oneself||Playing games||Sitting down||Squats||Walking,3,1,[24],1,3,448,enumerated,Checking the time||Massaging oneself||Playing games||Sitting down||Squats||Walking,6,108.74951971820693,Checking the time||Massaging oneself||Playing games||Sitting down||Squats||Walking,1
oof,4,f4b025,"[153,154,155]","[""HAU/user2/2-1-1"",""HAU/user2/2-1-2"",""HAU/user2/2-1-3""]",3,triple,9,22,22,,3,1,[25],1,3,584,enumerated,Drinking||Eating||Grabbing utensils||Pouring||Walking,5,124.50003132364854,Drinking||Eating||Grabbing utensils||Pouring||Walking,1
oof,4,f4b026,"[156,157,158]","[""HAU/user23/4-3-1"",""HAU/user23/4-3-2"",""HAU/user23/4-3-3""]",3,triple,9,23,23,,3,1,[26],1,3,1,unsat_fallback,Folding clothes||Getting dressed||Massaging oneself||Undressing,4,130.09413064265163,Folding clothes||Getting dressed||Massaging oneself||Undressing,1
oof,4,f4b027,"[159,160]","[""HAU/user23/5-3-2"",""HAU/user23/5-3-3""]",2,pair,7,21,17,Drinking||Lunges||Playing games||Walking,3,1,[27],1,2,812,enumerated,Drinking||Lunges||Playing games||Pouring||Standing up||Stirring||Walking,7,57.02784460715441,Drinking||Lunges||Playing games||Pouring||Standing up||Stirring||Walking,1
oof,4,f4b028,"[161,162]","[""HAU/user23/6-1-1"",""HAU/user23/6-1-2""]",2,pair,6,15,15,,3,1,[28],1,2,152,enumerated,Running||Standing up||Stretching,3,75.76853348583475,Running||Standing up||Stretching,1
oof,4,f4b029,"[163,164]","[""HAU/user2/3-1-2"",""HAU/user2/3-1-3""]",2,pair,6,16,16,,3,1,[29],1,2,219,enumerated,Mopping||Sweeping,2,94.212793638981,Mopping||Sweeping,1
oof,4,f4b030,"[165,166]","[""HAU/user2/1-1-2"",""HAU/user2/1-1-3""]",2,pair,4,12,12,,3,1,[30],1,2,242,enumerated,Folding clothes,1,66.42626870845447,Folding clothes,1
oof,4,f4b031,"[167,168,169]","[""HAU/user2/4-1-1"",""HAU/user2/4-1-2"",""HAU/user2/4-1-3""]",3,triple,12,22,18,Calling||Using a phone||Walking||Writing,3,1,[31],1,3,48,enumerated,Calling||Standing up||Using a phone||Walking||Writing,5,99.2296726691021,Calling||Standing up||Using a phone||Walking||Writing,1
oof,4,f4b032,"[170,171,172]","[""HAU/user19/7-2-1"",""HAU/user19/7-2-2"",""HAU/user19/7-2-3""]",3,triple,12,28,22,Drinking||Eating||Mopping||Sweeping||Walking||Wiping surface,3,1,[32],1,3,256,enumerated,Drinking||Eating||Mopping||Pouring||Stirring||Sweeping||Walking||Wiping surface,8,121.5333814591167,Drinking||Eating||Mopping||Pouring||Stirring||Sweeping||Walking||Wiping surface,1
oof,4,f4b033,"[173,174]","[""HAU/user19/2-2-1"",""HAU/user19/2-2-2""]",2,pair,6,14,14,,3,1,[33],1,2,45,enumerated,Jumping jacks||Squats||Walking,3,80.58143130280318,Jumping jacks||Squats||Walking,1
oof,4,f4b034,"[175,176,177]","[""HAU/user23/3-2-1"",""HAU/user23/3-2-2"",""HAU/user23/3-2-3""]",3,triple,12,22,17,Running||Sitting down||Sweeping||Taking a selfie||Walking,3,1,[34],1,3,24,enumerated,Running||Sitting down||Sweeping||Taking a selfie||Walking,5,97.91262900211365,Running||Sitting down||Sweeping||Taking a selfie||Walking,1
oof,4,f4b035,"[178,179,180]","[""HAU/user2/2-2-1"",""HAU/user2/2-2-2"",""HAU/user2/2-2-3""]",3,triple,12,29,21,Checking body temperature||Drinking||Eating||Massaging oneself||Sitting down||Squats||Stretching||Wiping hands,3,1,[35],1,3,168,enumerated,Checking body temperature||Drinking||Eating||Grabbing utensils||Massaging oneself||Sitting down||Squats||Stretching||Walking||Wiping hands,10,91.01515016638106,Checking body temperature||Drinking||Eating||Grabbing utensils||Massaging oneself||Sitting down||Squats||Stretching||Walking||Wiping hands,1
oof,4,f4b036,"[181,182]","[""HAU/user19/2-3-1"",""HAU/user19/2-3-2""]",2,pair,6,15,15,,3,1,[36],1,2,142,enumerated,Peeling fruit||Walking,2,90.0,Peeling fruit||Walking,1
oof,4,f4b037,"[183,184]","[""HAU/user23/2-2-2"",""HAU/user23/2-2-3""]",2,pair,6,18,18,,3,1,[37],1,2,827,enumerated,Combing hair||Massaging oneself||Walking,3,91.96702100861005,Combing hair||Massaging oneself||Walking,1
oof,4,f4b038,"[185,186,187]","[""HAU/user19/1-2-1"",""HAU/user19/1-2-2"",""HAU/user19/1-2-3""]",3,triple,12,22,18,Listening to the music with headphones||Sitting down||Typing on a keyboard||Walking,3,1,[38],1,3,48,enumerated,Listening to the music with headphones||Sitting down||Typing on a keyboard||Walking,4,106.12350415799574,Listening to the music with headphones||Sitting down||Typing on a keyboard||Walking,1
oof,4,f4b039,"[188,189]","[""HAU/user2/3-2-2"",""HAU/user2/3-2-3""]",2,pair,6,17,17,,2,1,[39],1,2,404,enumerated,Reading||Sitting down||Turning a page||Walking,4,94.29541838688539,Reading||Sitting down||Turning a page||Walking,1
oof,4,f4b040,"[190,191,192]","[""HAU/user2/5-1-1"",""HAU/user2/5-1-2"",""HAU/user2/5-1-3""]",3,triple,9,18,18,,3,1,[40],1,3,84,enumerated,Jumping jacks||Running||Squats,3,108.0,Jumping jacks||Running||Squats,1
oof,4,f4b041,"[193,194,195]","[""HAU/user23/7-2-1"",""HAU/user23/7-2-2"",""HAU/user23/7-2-3""]",3,triple,9,23,23,,3,1,[41],1,3,1,unsat_fallback,Checking body temperature||Taking medicine,2,133.1875757169305,Checking body temperature||Taking medicine,1
oof,4,f4b042,"[196,197]","[""HAU/user23/4-2-1"",""HAU/user23/4-2-2""]",2,pair,6,17,17,,3,1,[42],1,2,351,enumerated,Calling||Taking a selfie||Walking,3,88.31966131775894,Calling||Taking a selfie||Walking,1
oof,4,f4b043,"[198,199,200]","[""HAU/user19/4-1-1"",""HAU/user19/4-1-2"",""HAU/user19/4-1-3""]",3,triple,9,23,23,,3,1,[43],1,3,1,unsat_fallback,Checking the time||Reading||Typing on a keyboard,3,128.00925379847217,Checking the time||Reading||Typing on a keyboard,1
oof,4,f4b044,"[201,202]","[""HAU/user23/5-2-2"",""HAU/user23/5-2-3""]",2,pair,6,16,16,,3,1,[44],1,2,180,enumerated,Getting dressed||Undressing,2,84.6397149204735,Getting dressed||Undressing,1
oof,4,f4b045,"[203,204]","[""HAU/user23/2-3-1"",""HAU/user23/2-3-2""]",2,pair,6,15,15,,3,1,[45],1,2,84,enumerated,Eating||Stirring||Walking,3,81.84411870013561,Eating||Stirring||Walking,1
oof,4,f4b046,"[205,206,207]","[""HAU/user19/2-1-1"",""HAU/user19/2-1-2"",""HAU/user19/2-1-3""]",3,triple,9,20,20,,3,1,[46],1,3,296,enumerated,Grabbing utensils||Pouring||Stirring,3,109.72175310828632,Grabbing utensils||Pouring||Stirring,1
oof,4,f4b047,"[208,209,210]","[""HAU/user23/5-1-1"",""HAU/user23/5-1-2"",""HAU/user23/5-1-3""]",3,triple,9,18,18,,3,1,[47],1,3,36,enumerated,Listening to the music with headphones||Playing games,2,100.89607055873569,Listening to the music with headphones||Playing games,1
oof,4,f4b048,"[211,212,213]","[""HAU/user19/1-1-1"",""HAU/user19/1-1-2"",""HAU/user19/1-1-3""]",3,triple,12,22,17,Brushing teeth||Combing hair||Getting dressed||Stretching||Wiping hands,3,1,[48],1,3,48,enumerated,Brushing teeth||Combing hair||Getting dressed||Stretching||Wiping hands,5,97.25437093390829,Brushing teeth||Combing hair||Getting dressed||Stretching||Wiping hands,1
oof,4,f4b049,"[214,215]","[""HAU/user23/2-1-2"",""HAU/user23/2-1-3""]",2,pair,6,14,14,,3,1,[49],1,2,46,enumerated,Grabbing utensils||Peeling fruit,2,79.15673442093919,Grabbing utensils||Peeling fruit,1
oof,4,f4b050,"[216,217]","[""HAU/user2/6-1-1"",""HAU/user2/6-1-2""]",2,pair,8,20,14,Listening to the music with headphones||Pouring||Running||Sitting down||Stretching||Using a phone,2,1,[50],1,2,264,enumerated,Jumping jacks||Listening to the music with headphones||Pouring||Running||Sitting down||Stretching||Using a phone,7,64.91717553411604,Jumping jacks||Listening to the music with headphones||Pouring||Running||Sitting down||Stretching||Using a phone,1
