action,group,emotion_rows,errors,accuracy,median_duration_s,median_raw_speed
Brushing teeth,CARE,13,2,0.8461538461538461,15.899999998509884,0.3151222899575914
Brushing teeth,FAST,12,3,0.75,9.249999999068677,0.4122136857496616
Brushing teeth,NERV,3,0,1.0,21.899999998509884,0.5840317430434762
Brushing teeth,NEUT,5,2,0.6,15.300000000745058,0.353448762041281
Brushing teeth,SLOW,17,2,0.8823529411764706,16.800000000745058,0.3766422348509271
Calling,CARE,5,0,1.0,28.0,0.17752697063526668
Calling,FAST,8,0,1.0,18.799999999813735,0.2840994832133408
Calling,NERV,8,1,0.875,19.15000000037253,0.21408504025080105
Calling,NEUT,4,0,1.0,27.250000001862645,0.24022759064997815
Calling,SLOW,23,5,0.782608695652174,28.299999998882413,0.16062452321750822
Checking body temperature,CARE,8,0,1.0,26.500000001862645,0.20209097024471112
Checking body temperature,FAST,14,0,1.0,15.80000000167638,0.3221929185048502
Checking body temperature,NERV,6,0,1.0,11.300000000745058,0.37619539398265717
Checking body temperature,NEUT,7,0,1.0,25.199999999254942,0.26771585676535936
Checking body temperature,SLOW,25,2,0.92,17.299999997019768,0.2357660966430093
Checking the time,CARE,14,4,0.7142857142857143,18.050000000745058,0.24928334624567358
Checking the time,FAST,27,1,0.9629629629629629,15.0,0.3509679415137792
Checking the time,NERV,13,0,1.0,13.849999999627471,0.30540832467027634
Checking the time,NEUT,22,3,0.8636363636363636,26.399999999441206,0.23919342847818298
Checking the time,SLOW,43,5,0.8837209302325582,22.299999997019768,0.2357660966430093
Combing hair,CARE,14,1,0.9285714285714286,17.200000000186265,0.3225724766162027
Combing hair,FAST,14,3,0.7857142857142857,10.599999999627471,0.43477804096657857
Combing hair,NERV,5,0,1.0,21.300000000745058,0.3338890240303898
Combing hair,NEUT,4,2,0.5,17.050000000745058,0.34903567754020887
Combing hair,SLOW,20,2,0.9,25.799999999813735,0.293559124381235
Drinking,CARE,15,2,0.8666666666666667,33.5,0.14646219413734243
Drinking,FAST,39,5,0.8717948717948718,18.199999999254942,0.3448707518014501
Drinking,NERV,6,0,1.0,10.399999999441206,0.2087518262577711
Drinking,NEUT,26,1,0.9615384615384616,31.0,0.22798133304263998
Drinking,SLOW,45,4,0.9111111111111111,26.5,0.2182897608250375
Eating,CARE,21,3,0.8571428571428571,23.59999999962747,0.1704002524619984
Eating,FAST,54,6,0.8888888888888888,13.5,0.3975759550210677
Eating,NERV,5,1,0.8,9.399999998509884,0.33818171991408236
Eating,NEUT,31,3,0.9032258064516129,20.200000001117587,0.2837940136858042
Eating,SLOW,56,7,0.875,21.09999999962747,0.25878963875546585
Folding clothes,CARE,3,0,1.0,28.300000000745058,0.24928334624567358
Folding clothes,FAST,6,0,1.0,8.700000001117587,0.48283736349313766
Folding clothes,NERV,2,0,1.0,17.449999999254942,0.28666787303918784
Folding clothes,NEUT,4,0,1.0,15.999999999068677,0.3493296268210214
Folding clothes,SLOW,9,0,1.0,19.65000000037253,0.35848775192113674
Getting dressed,CARE,4,0,1.0,22.450000000186265,0.6222482926662232
Getting dressed,FAST,15,2,0.8666666666666667,15.0,0.5405791842521103
Getting dressed,NERV,4,0,1.0,21.899999998509884,0.5840317430434762
Getting dressed,NEUT,9,3,0.6666666666666666,18.699999999254942,0.39774537978403574
Getting dressed,SLOW,25,3,0.88,25.59999999962747,0.37927325824829133
Grabbing utensils,CARE,17,2,0.8823529411764706,32.75,0.16565158142903186
Grabbing utensils,FAST,40,2,0.95,14.299999998882413,0.29767930944330195
Grabbing utensils,NERV,5,1,0.8,19.90000000037253,0.33818171991408236
Grabbing utensils,NEUT,28,4,0.8571428571428571,20.5,0.1634223378435408
Grabbing utensils,SLOW,48,4,0.9166666666666666,22.899999998509884,0.25878963875546585
Jumping jacks,CARE,1,0,1.0,23.600000001490116,0.2764134819821779
Jumping jacks,FAST,13,0,1.0,15.699999999254942,0.45774881937677764
Jumping jacks,NERV,2,0,1.0,12.25,0.4360404220426473
Jumping jacks,NEUT,13,1,0.9230769230769231,21.40000000037253,0.31150540906735946
Jumping jacks,SLOW,15,2,0.8666666666666667,32.0,0.29673829769904236
Listening to the music with headphones,CARE,11,0,1.0,20.0,0.33377031239855365
Listening to the music with headphones,FAST,23,1,0.9565217391304348,16.0,0.3381915024645656
Listening to the music with headphones,NERV,12,1,0.9166666666666666,13.5,0.2283767182744972
Listening to the music with headphones,NEUT,11,1,0.9090909090909091,19.800000000745058,0.18986406549383794
Listening to the music with headphones,SLOW,44,6,0.8636363636363636,25.449999999254942,0.24164577625574424
Lunges,CARE,3,0,1.0,18.399999998509884,0.27399575977493973
Lunges,FAST,7,1,0.8571428571428571,13.399999998509884,0.42115341531967965
Lunges,NERV,2,0,1.0,14.149999999441206,0.36661096268175597
Lunges,NEUT,7,0,1.0,26.0,0.24382401130531356
Lunges,SLOW,7,1,0.8571428571428571,24.09999999962747,0.2533551519415412
Lying down,CARE,4,0,1.0,22.5,0.2468095373978516
Lying down,FAST,11,0,1.0,14.900000000372529,0.43886274854232865
Lying down,NERV,3,0,1.0,7.800000000745058,0.3757841862456546
Lying down,NEUT,6,0,1.0,19.100000000558794,0.31422895727814626
Lying down,SLOW,18,0,1.0,25.65000000037253,0.2662673378335412
Massaging oneself,CARE,10,1,0.9,22.0,0.20209097024471112
Massaging oneself,FAST,21,0,1.0,11.199999999254942,0.28555622714131257
Massaging oneself,NERV,5,0,1.0,21.899999998509884,0.28480589052661615
Massaging oneself,NEUT,12,0,1.0,20.399999999441206,0.20728327951084102
Massaging oneself,SLOW,30,2,0.9333333333333333,17.049999998882413,0.2124722959935605
Mopping,CARE,16,3,0.8125,23.65000000037253,0.24294500145050985
Mopping,FAST,21,2,0.9047619047619048,16.34999999962747,0.3484582678438722
Mopping,NEUT,8,1,0.875,28.0,0.24854847360668786
Mopping,SLOW,15,0,1.0,33.34999999962747,0.24718312334745202
Peeling fruit,CARE,25,2,0.92,14.199999999254942,0.27146138364724626
Peeling fruit,FAST,43,7,0.8372093023255814,10.850000001490116,0.4095920059195213
Peeling fruit,NERV,6,0,1.0,12.349999998696148,0.24115955773495984
Peeling fruit,NEUT,14,4,0.7142857142857143,23.450000000186265,0.2592323139980025
Peeling fruit,SLOW,46,6,0.8695652173913043,18.599999997764826,0.20545203172771384
Playing games,CARE,1,0,1.0,7.199999999254942,0.22999543905365533
Playing games,FAST,6,1,0.8333333333333334,13.999999999068677,0.30638693568619657
Playing games,NERV,9,1,0.8888888888888888,7.800000000745058,0.28009293565746723
Playing games,NEUT,8,1,0.875,14.75,0.23713314491711054
Playing games,SLOW,20,2,0.9,14.299999999813735,0.24706511227249411
Pouring,CARE,15,2,0.8666666666666667,20.399999998509884,0.2081502472720176
Pouring,FAST,47,6,0.8723404255319149,14.700000001117587,0.38464623055411884
Pouring,NERV,1,0,1.0,8.399999998509884,0.38967025760099183
Pouring,NEUT,30,3,0.9,18.5,0.2626990338798247
Pouring,SLOW,40,4,0.9,22.299999997019768,0.27940824631951316
Reading,CARE,17,6,0.6470588235294118,18.600000001490116,0.21357163434081586
Reading,FAST,20,0,1.0,16.40000000037253,0.3048143568842027
Reading,NERV,11,2,0.8181818181818182,18.199999999254942,0.2216986975332085
Reading,NEUT,10,0,1.0,23.950000001117587,0.18656059536342612
Reading,SLOW,34,9,0.7352941176470589,28.550000000745058,0.21036824895011313
Running,CARE,1,0,1.0,20.199999999254942,0.33942507746479467
Running,FAST,8,0,1.0,15.650000000372529,0.3328421971423866
Running,NERV,6,1,0.8333333333333334,17.200000000186265,0.36661096268175597
Running,NEUT,11,1,0.9090909090909091,26.0,0.2531382444203638
Running,SLOW,15,1,0.9333333333333333,25.700000002980232,0.20516817825146227
Sitting down,CARE,28,7,0.75,16.499999999068677,0.27977620804479597
Sitting down,FAST,49,2,0.9591836734693877,14.899999999441206,0.33670210287971003
Sitting down,NERV,22,2,0.9090909090909091,12.700000000186265,0.32489534614479065
Sitting down,NEUT,26,4,0.8461538461538461,20.050000000745058,0.2555781652704534
Sitting down,SLOW,82,14,0.8292682926829268,22.199999999254942,0.2400250320421125
Squats,CARE,10,0,1.0,26.0,0.2752046208785588
Squats,FAST,23,0,1.0,16.5,0.43886274854232865
Squats,NERV,3,0,1.0,7.300000000745058,0.45370622772340896
Squats,NEUT,17,1,0.9411764705882353,15.599999999627471,0.2877291200864207
Squats,SLOW,25,1,0.96,25.5,0.29407186104913885
Standing up,CARE,12,3,0.75,27.149999999441206,0.2328628023339369
Standing up,FAST,29,1,0.9655172413793104,20.09999999962747,0.30368068330601716
Standing up,NERV,12,1,0.9166666666666666,12.049999998882413,0.3051880063748791
Standing up,NEUT,21,1,0.9523809523809523,24.600000001490116,0.2567722878845246
Standing up,SLOW,45,2,0.9555555555555556,25.800000000745058,0.1925412009031559
Stirring,CARE,14,2,0.8571428571428571,19.449999999254942,0.19966988974058542
Stirring,FAST,42,4,0.9047619047619048,13.900000000372529,0.3923658000966085
Stirring,NERV,1,0,1.0,40.09999999962747,0.22869623280538687
Stirring,NEUT,28,2,0.9285714285714286,16.799999998882413,0.2699935407838333
Stirring,SLOW,39,5,0.8717948717948718,21.399999999441206,0.2695677260824558
Stretching,CARE,6,0,1.0,20.299999999813735,0.39645566779460295
Stretching,FAST,26,0,1.0,19.700000000186265,0.40007406524243966
Stretching,NERV,5,1,0.8,12.699999999254942,0.3831648087457773
Stretching,NEUT,20,1,0.95,26.25,0.26052049653735343
Stretching,SLOW,32,1,0.96875,26.399999999441206,0.2721518682267354
Sweeping,CARE,18,4,0.7777777777777778,26.0,0.24294500145050985
Sweeping,FAST,21,2,0.9047619047619048,16.850000000558794,0.3328421971423866
Sweeping,NEUT,8,1,0.875,31.200000001117587,0.2484424074399205
Sweeping,SLOW,16,1,0.9375,32.90000000037253,0.22248864311225247
Taking a selfie,CARE,4,1,0.75,9.0,0.2584760240500307
Taking a selfie,FAST,10,0,1.0,13.599999999627471,0.34089722409849654
Taking a selfie,NERV,4,1,0.75,12.5,0.35316159441922196
Taking a selfie,NEUT,8,2,0.75,15.850000000558794,0.3401663787113902
Taking a selfie,SLOW,16,6,0.625,19.25,0.24741478166011666
Taking medicine,CARE,8,1,0.875,28.75,0.1730236496603263
Taking medicine,FAST,17,0,1.0,16.300000000745058,0.2785433961166838
Taking medicine,NERV,9,0,1.0,11.600000001490116,0.286006357693472
Taking medicine,NEUT,11,0,1.0,34.399999998509884,0.25332513630934755
Taking medicine,SLOW,30,2,0.9333333333333333,20.15000000037253,0.19445667109109357
Turning a page,CARE,10,4,0.6,18.600000001490116,0.2332669094158792
Turning a page,FAST,14,0,1.0,17.600000000558794,0.3144169923357677
Turning a page,NERV,9,2,0.7777777777777778,18.400000002235174,0.19990121460155286
Turning a page,NEUT,8,0,1.0,25.850000001490116,0.2073039245538112
Turning a page,SLOW,27,5,0.8148148148148148,29.100000001490116,0.1876028767331326
Typing on a keyboard,CARE,14,1,0.9285714285714286,13.949999999254942,0.27977620804479597
Typing on a keyboard,FAST,17,1,0.9411764705882353,15.099999997764826,0.34304348526268647
Typing on a keyboard,NERV,14,1,0.9285714285714286,14.149999999441206,0.30987708122145685
Typing on a keyboard,NEUT,15,2,0.8666666666666667,24.600000001490116,0.23233231321817205
Typing on a keyboard,SLOW,32,4,0.875,22.500000000931323,0.21799567396225222
Undressing,CARE,2,0,1.0,12.800000000745058,0.29314174890816963
Undressing,FAST,10,0,1.0,9.600000001490116,0.46228070857518355
Undressing,NERV,5,0,1.0,10.899999998509884,0.5729890237392486
Undressing,NEUT,7,1,0.8571428571428571,16.099999997764826,0.32244827693567696
Undressing,SLOW,21,3,0.8571428571428571,20.099999997764826,0.33816440878782095
Using a phone,CARE,4,0,1.0,24.350000001490116,0.28432508281376745
Using a phone,FAST,17,1,0.9411764705882353,18.0,0.3145316430532539
Using a phone,NERV,3,0,1.0,11.399999998509884,0.2536228826645328
Using a phone,NEUT,13,2,0.8461538461538461,23.300000000745058,0.20271436706655915
Using a phone,SLOW,19,2,0.8947368421052632,22.299999997019768,0.18849350646592988
Walking,CARE,65,9,0.8615384615384616,15.749999999068677,0.33950654033155
Walking,FAST,126,8,0.9365079365079365,12.400000000372529,0.4460910691874409
Walking,NERV,17,3,0.8235294117647058,11.399999998509884,0.33818171991408236
Walking,NEUT,62,7,0.8870967741935484,18.549999999813735,0.334495251384598
Walking,SLOW,138,17,0.8768115942028986,19.200000001117587,0.2907428184352771
Washing dishes,CARE,6,1,0.8333333333333334,26.800000000745058,0.13387059386818181
Washing dishes,FAST,9,0,1.0,15.100000000558794,0.3246572755731148
Washing dishes,NERV,3,0,1.0,11.400000000372529,0.31058289548909673
Washing dishes,NEUT,9,0,1.0,17.5,0.19588366385870642
Washing dishes,SLOW,9,1,0.8888888888888888,17.300000000745058,0.3270251690230321
Washing face,CARE,9,2,0.7777777777777778,13.700000002980232,0.278223052171209
Washing face,FAST,11,1,0.9090909090909091,7.300000000745058,0.331677986029637
Washing face,NERV,3,0,1.0,21.899999998509884,0.5840317430434762
Washing face,NEUT,4,0,1.0,16.700000000186265,0.24552502455871072
Washing face,SLOW,14,2,0.8571428571428571,17.049999998882413,0.3672206421365851
Watching TV,CARE,3,0,1.0,13.900000002235174,0.20976802880751227
Watching TV,FAST,2,0,1.0,8.049999998882413,0.2873360216274758
Watching TV,NERV,3,1,0.6666666666666666,10.0,0.26590940156324605
Watching TV,NEUT,2,1,0.5,30.299999999813735,0.23385964659929395
Watching TV,SLOW,5,1,0.8,14.399999998509884,0.19025567266013574
Wiping hands,CARE,17,1,0.9411764705882353,10.800000000745058,0.3151222899575914
Wiping hands,FAST,22,2,0.9090909090909091,8.5,0.3349347442471013
Wiping hands,NERV,3,0,1.0,26.0,0.5840317430434762
Wiping hands,NEUT,5,2,0.6,18.09999999962747,0.353448762041281
Wiping hands,SLOW,30,2,0.9333333333333333,16.499999998137355,0.23363879332060639
Wiping surface,CARE,16,2,0.875,11.050000000745058,0.32287824975930585
Wiping surface,FAST,21,1,0.9523809523809523,7.400000002235174,0.4850768240890212
Wiping surface,NEUT,10,1,0.9,31.949999999254942,0.3072208202494876
Wiping surface,SLOW,9,0,1.0,19.399999998509884,0.3573178209945417
Writing,CARE,6,1,0.8333333333333334,16.40000000130385,0.1782579025412112
Writing,FAST,10,0,1.0,18.750000000931323,0.2768677718141871
Writing,NERV,5,0,1.0,18.199999999254942,0.19990121460155286
Writing,NEUT,7,0,1.0,19.90000000037253,0.21518348876437024
Writing,SLOW,19,1,0.9473684210526315,26.799999998882413,0.19660526198913397
