true_label,pred_label,n,is_diagonal
Absentmindedly,Absentmindedly,2,True
Absentmindedly,Anxiously,0,False
Absentmindedly,Attentively,0,False
Absentmindedly,Briskly,0,False
Absentmindedly,Calmly,0,False
Absentmindedly,Carefully,0,False
Absentmindedly,Casually,0,False
Absentmindedly,Cautiously,0,False
Absentmindedly,Confidently,0,False
Absentmindedly,Contently,0,False
Absentmindedly,Deliberately,0,False
Absentmindedly,Diligently,0,False
Absentmindedly,Eagerly,0,False
Absentmindedly,Earnestly,0,False
Absentmindedly,Evenly,0,False
Absentmindedly,Firmly,0,False
Absentmindedly,Forcefully,0,False
Absentmindedly,Frantically,0,False
Absentmindedly,Gently,0,False
Absentmindedly,Gracefully,0,False
Absentmindedly,Hasitly,0,False
Absentmindedly,Hastily,0,False
Absentmindedly,Hurriedly,0,False
Absentmindedly,Impatiently,0,False
Absentmindedly,Intently,0,False
Absentmindedly,Joyfully,0,False
Absentmindedly,Lazily,0,False
Absentmindedly,Leisurely,0,False
Absentmindedly,Lightly,0,False
Absentmindedly,Methodically,0,False
Absentmindedly,Meticulously,0,False
Absentmindedly,Naturally,0,False
Absentmindedly,Neatly,0,False
Absentmindedly,Nervously,0,False
Absentmindedly,Orderly,0,False
Absentmindedly,Patiently,0,False
Absentmindedly,Peacefully,0,False
Absentmindedly,Precisely,0,False
Absentmindedly,Quickly,0,False
Absentmindedly,Quietly,0,False
Absentmindedly,Rapidly,0,False
Absentmindedly,Relaxedly,0,False
Absentmindedly,Restlessly,0,False
Absentmindedly,Seriously,0,False
Absentmindedly,Slowly,0,False
Absentmindedly,Smoothly,0,False
Absentmindedly,Softly,0,False
Absentmindedly,Soothingly,0,False
Absentmindedly,Steadily,0,False
Absentmindedly,Swiftly,0,False
Absentmindedly,Tensely,0,False
Absentmindedly,Tensly,0,False
Absentmindedly,Thoroughly,0,False
Absentmindedly,Unhurriedly,0,False
Absentmindedly,Urgently,0,False
Absentmindedly,quickly,0,False
Anxiously,Absentmindedly,0,False
Anxiously,Anxiously,29,True
Anxiously,Attentively,0,False
Anxiously,Briskly,0,False
Anxiously,Calmly,1,False
Anxiously,Carefully,0,False
Anxiously,Casually,0,False
Anxiously,Cautiously,0,False
Anxiously,Confidently,0,False
Anxiously,Contently,0,False
Anxiously,Deliberately,0,False
Anxiously,Diligently,0,False
Anxiously,Eagerly,0,False
Anxiously,Earnestly,0,False
Anxiously,Evenly,0,False
Anxiously,Firmly,0,False
Anxiously,Forcefully,0,False
Anxiously,Frantically,0,False
Anxiously,Gently,0,False
Anxiously,Gracefully,0,False
Anxiously,Hasitly,0,False
Anxiously,Hastily,0,False
Anxiously,Hurriedly,0,False
Anxiously,Impatiently,0,False
Anxiously,Intently,0,False
Anxiously,Joyfully,0,False
Anxiously,Lazily,0,False
Anxiously,Leisurely,1,False
Anxiously,Lightly,0,False
Anxiously,Methodically,0,False
Anxiously,Meticulously,0,False
Anxiously,Naturally,0,False
Anxiously,Neatly,0,False
Anxiously,Nervously,0,False
Anxiously,Orderly,0,False
Anxiously,Patiently,0,False
Anxiously,Peacefully,0,False
Anxiously,Precisely,0,False
Anxiously,Quickly,0,False
Anxiously,Quietly,0,False
Anxiously,Rapidly,0,False
Anxiously,Relaxedly,0,False
Anxiously,Restlessly,0,False
Anxiously,Seriously,0,False
Anxiously,Slowly,0,False
Anxiously,Smoothly,0,False
Anxiously,Softly,0,False
Anxiously,Soothingly,0,False
Anxiously,Steadily,0,False
Anxiously,Swiftly,0,False
Anxiously,Tensely,0,False
Anxiously,Tensly,0,False
Anxiously,Thoroughly,0,False
Anxiously,Unhurriedly,0,False
Anxiously,Urgently,0,False
Anxiously,quickly,0,False
Attentively,Absentmindedly,0,False
Attentively,Anxiously,0,False
Attentively,Attentively,17,True
Attentively,Briskly,0,False
Attentively,Calmly,0,False
Attentively,Carefully,0,False
Attentively,Casually,0,False
Attentively,Cautiously,0,False
Attentively,Confidently,0,False
Attentively,Contently,0,False
Attentively,Deliberately,0,False
Attentively,Diligently,0,False
Attentively,Eagerly,0,False
Attentively,Earnestly,0,False
Attentively,Evenly,0,False
Attentively,Firmly,0,False
Attentively,Forcefully,0,False
Attentively,Frantically,0,False
Attentively,Gently,0,False
Attentively,Gracefully,0,False
Attentively,Hasitly,0,False
Attentively,Hastily,0,False
Attentively,Hurriedly,0,False
Attentively,Impatiently,0,False
Attentively,Intently,0,False
Attentively,Joyfully,0,False
Attentively,Lazily,0,False
Attentively,Leisurely,1,False
Attentively,Lightly,0,False
Attentively,Methodically,0,False
Attentively,Meticulously,0,False
Attentively,Naturally,0,False
Attentively,Neatly,0,False
Attentively,Nervously,0,False
Attentively,Orderly,0,False
Attentively,Patiently,0,False
Attentively,Peacefully,0,False
Attentively,Precisely,0,False
Attentively,Quickly,0,False
Attentively,Quietly,0,False
Attentively,Rapidly,0,False
Attentively,Relaxedly,0,False
Attentively,Restlessly,0,False
Attentively,Seriously,0,False
Attentively,Slowly,0,False
Attentively,Smoothly,0,False
Attentively,Softly,0,False
Attentively,Soothingly,0,False
Attentively,Steadily,0,False
Attentively,Swiftly,0,False
Attentively,Tensely,0,False
Attentively,Tensly,0,False
Attentively,Thoroughly,0,False
Attentively,Unhurriedly,0,False
Attentively,Urgently,0,False
Attentively,quickly,0,False
Briskly,Absentmindedly,0,False
Briskly,Anxiously,0,False
Briskly,Attentively,0,False
Briskly,Briskly,13,True
Briskly,Calmly,0,False
Briskly,Carefully,0,False
Briskly,Casually,0,False
Briskly,Cautiously,0,False
Briskly,Confidently,0,False
Briskly,Contently,0,False
Briskly,Deliberately,0,False
Briskly,Diligently,0,False
Briskly,Eagerly,0,False
Briskly,Earnestly,0,False
Briskly,Evenly,0,False
Briskly,Firmly,0,False
Briskly,Forcefully,0,False
Briskly,Frantically,0,False
Briskly,Gently,0,False
Briskly,Gracefully,0,False
Briskly,Hasitly,0,False
Briskly,Hastily,0,False
Briskly,Hurriedly,0,False
Briskly,Impatiently,0,False
Briskly,Intently,0,False
Briskly,Joyfully,0,False
Briskly,Lazily,0,False
Briskly,Leisurely,0,False
Briskly,Lightly,0,False
Briskly,Methodically,0,False
Briskly,Meticulously,0,False
Briskly,Naturally,0,False
Briskly,Neatly,0,False
Briskly,Nervously,0,False
Briskly,Orderly,0,False
Briskly,Patiently,0,False
Briskly,Peacefully,0,False
Briskly,Precisely,0,False
Briskly,Quickly,0,False
Briskly,Quietly,0,False
Briskly,Rapidly,0,False
Briskly,Relaxedly,0,False
Briskly,Restlessly,0,False
Briskly,Seriously,0,False
Briskly,Slowly,0,False
Briskly,Smoothly,0,False
Briskly,Softly,0,False
Briskly,Soothingly,0,False
Briskly,Steadily,0,False
Briskly,Swiftly,0,False
Briskly,Tensely,0,False
Briskly,Tensly,0,False
Briskly,Thoroughly,0,False
Briskly,Unhurriedly,0,False
Briskly,Urgently,0,False
Briskly,quickly,0,False
Calmly,Absentmindedly,0,False
Calmly,Anxiously,1,False
Calmly,Attentively,0,False
Calmly,Briskly,0,False
Calmly,Calmly,54,True
Calmly,Carefully,1,False
Calmly,Casually,0,False
Calmly,Cautiously,0,False
Calmly,Confidently,0,False
Calmly,Contently,0,False
Calmly,Deliberately,0,False
Calmly,Diligently,0,False
Calmly,Eagerly,0,False
Calmly,Earnestly,0,False
Calmly,Evenly,0,False
Calmly,Firmly,0,False
Calmly,Forcefully,0,False
Calmly,Frantically,0,False
Calmly,Gently,0,False
Calmly,Gracefully,1,False
Calmly,Hasitly,0,False
Calmly,Hastily,0,False
Calmly,Hurriedly,0,False
Calmly,Impatiently,0,False
Calmly,Intently,0,False
Calmly,Joyfully,0,False
Calmly,Lazily,0,False
Calmly,Leisurely,1,False
Calmly,Lightly,0,False
Calmly,Methodically,0,False
Calmly,Meticulously,0,False
Calmly,Naturally,0,False
Calmly,Neatly,0,False
Calmly,Nervously,0,False
Calmly,Orderly,0,False
Calmly,Patiently,0,False
Calmly,Peacefully,0,False
Calmly,Precisely,0,False
Calmly,Quickly,0,False
Calmly,Quietly,0,False
Calmly,Rapidly,0,False
Calmly,Relaxedly,0,False
Calmly,Restlessly,0,False
Calmly,Seriously,0,False
Calmly,Slowly,1,False
Calmly,Smoothly,0,False
Calmly,Softly,0,False
Calmly,Soothingly,0,False
Calmly,Steadily,0,False
Calmly,Swiftly,0,False
Calmly,Tensely,0,False
Calmly,Tensly,0,False
Calmly,Thoroughly,0,False
Calmly,Unhurriedly,0,False
Calmly,Urgently,0,False
Calmly,quickly,0,False
Carefully,Absentmindedly,0,False
Carefully,Anxiously,0,False
Carefully,Attentively,0,False
Carefully,Briskly,0,False
Carefully,Calmly,1,False
Carefully,Carefully,14,True
Carefully,Casually,0,False
Carefully,Cautiously,0,False
Carefully,Confidently,0,False
Carefully,Contently,0,False
Carefully,Deliberately,0,False
Carefully,Diligently,0,False
Carefully,Eagerly,0,False
Carefully,Earnestly,0,False
Carefully,Evenly,0,False
Carefully,Firmly,0,False
Carefully,Forcefully,0,False
Carefully,Frantically,0,False
Carefully,Gently,1,False
Carefully,Gracefully,0,False
Carefully,Hasitly,0,False
Carefully,Hastily,0,False
Carefully,Hurriedly,1,False
Carefully,Impatiently,0,False
Carefully,Intently,0,False
Carefully,Joyfully,0,False
Carefully,Lazily,0,False
Carefully,Leisurely,0,False
Carefully,Lightly,0,False
Carefully,Methodically,0,False
Carefully,Meticulously,2,False
Carefully,Naturally,0,False
Carefully,Neatly,0,False
Carefully,Nervously,0,False
Carefully,Orderly,0,False
Carefully,Patiently,0,False
Carefully,Peacefully,1,False
Carefully,Precisely,0,False
Carefully,Quickly,0,False
Carefully,Quietly,0,False
Carefully,Rapidly,1,False
Carefully,Relaxedly,0,False
Carefully,Restlessly,0,False
Carefully,Seriously,0,False
Carefully,Slowly,0,False
Carefully,Smoothly,0,False
Carefully,Softly,0,False
Carefully,Soothingly,0,False
Carefully,Steadily,0,False
Carefully,Swiftly,0,False
Carefully,Tensely,0,False
Carefully,Tensly,0,False
Carefully,Thoroughly,0,False
Carefully,Unhurriedly,0,False
Carefully,Urgently,0,False
Carefully,quickly,0,False
Casually,Absentmindedly,0,False
Casually,Anxiously,0,False
Casually,Attentively,0,False
Casually,Briskly,0,False
Casually,Calmly,0,False
Casually,Carefully,0,False
Casually,Casually,11,True
Casually,Cautiously,0,False
Casually,Confidently,0,False
Casually,Contently,0,False
Casually,Deliberately,0,False
Casually,Diligently,0,False
Casually,Eagerly,0,False
Casually,Earnestly,0,False
Casually,Evenly,0,False
Casually,Firmly,0,False
Casually,Forcefully,0,False
Casually,Frantically,0,False
Casually,Gently,0,False
Casually,Gracefully,0,False
Casually,Hasitly,0,False
Casually,Hastily,0,False
Casually,Hurriedly,0,False
Casually,Impatiently,0,False
Casually,Intently,0,False
Casually,Joyfully,0,False
Casually,Lazily,0,False
Casually,Leisurely,0,False
Casually,Lightly,0,False
Casually,Methodically,0,False
Casually,Meticulously,0,False
Casually,Naturally,0,False
Casually,Neatly,0,False
Casually,Nervously,0,False
Casually,Orderly,0,False
Casually,Patiently,0,False
Casually,Peacefully,0,False
Casually,Precisely,0,False
Casually,Quickly,0,False
Casually,Quietly,0,False
Casually,Rapidly,0,False
Casually,Relaxedly,0,False
Casually,Restlessly,0,False
Casually,Seriously,0,False
Casually,Slowly,0,False
Casually,Smoothly,0,False
Casually,Softly,0,False
Casually,Soothingly,0,False
Casually,Steadily,0,False
Casually,Swiftly,0,False
Casually,Tensely,0,False
Casually,Tensly,0,False
Casually,Thoroughly,0,False
Casually,Unhurriedly,0,False
Casually,Urgently,0,False
Casually,quickly,0,False
Cautiously,Absentmindedly,0,False
Cautiously,Anxiously,0,False
Cautiously,Attentively,0,False
Cautiously,Briskly,0,False
Cautiously,Calmly,0,False
Cautiously,Carefully,0,False
Cautiously,Casually,0,False
Cautiously,Cautiously,5,True
Cautiously,Confidently,0,False
Cautiously,Contently,0,False
Cautiously,Deliberately,0,False
Cautiously,Diligently,0,False
Cautiously,Eagerly,0,False
Cautiously,Earnestly,0,False
Cautiously,Evenly,0,False
Cautiously,Firmly,0,False
Cautiously,Forcefully,0,False
Cautiously,Frantically,0,False
Cautiously,Gently,0,False
Cautiously,Gracefully,0,False
Cautiously,Hasitly,0,False
Cautiously,Hastily,0,False
Cautiously,Hurriedly,0,False
Cautiously,Impatiently,0,False
Cautiously,Intently,0,False
Cautiously,Joyfully,0,False
Cautiously,Lazily,0,False
Cautiously,Leisurely,0,False
Cautiously,Lightly,0,False
Cautiously,Methodically,0,False
Cautiously,Meticulously,0,False
Cautiously,Naturally,0,False
Cautiously,Neatly,0,False
Cautiously,Nervously,0,False
Cautiously,Orderly,0,False
Cautiously,Patiently,0,False
Cautiously,Peacefully,0,False
Cautiously,Precisely,0,False
Cautiously,Quickly,0,False
Cautiously,Quietly,0,False
Cautiously,Rapidly,0,False
Cautiously,Relaxedly,0,False
Cautiously,Restlessly,0,False
Cautiously,Seriously,0,False
Cautiously,Slowly,0,False
Cautiously,Smoothly,0,False
Cautiously,Softly,0,False
Cautiously,Soothingly,0,False
Cautiously,Steadily,0,False
Cautiously,Swiftly,0,False
Cautiously,Tensely,0,False
Cautiously,Tensly,0,False
Cautiously,Thoroughly,0,False
Cautiously,Unhurriedly,0,False
Cautiously,Urgently,0,False
Cautiously,quickly,0,False
Confidently,Absentmindedly,0,False
Confidently,Anxiously,0,False
Confidently,Attentively,0,False
Confidently,Briskly,0,False
Confidently,Calmly,0,False
Confidently,Carefully,0,False
Confidently,Casually,0,False
Confidently,Cautiously,0,False
Confidently,Confidently,0,True
Confidently,Contently,0,False
Confidently,Deliberately,0,False
Confidently,Diligently,0,False
Confidently,Eagerly,0,False
Confidently,Earnestly,0,False
Confidently,Evenly,0,False
Confidently,Firmly,0,False
Confidently,Forcefully,0,False
Confidently,Frantically,0,False
Confidently,Gently,0,False
Confidently,Gracefully,0,False
Confidently,Hasitly,0,False
Confidently,Hastily,0,False
Confidently,Hurriedly,1,False
Confidently,Impatiently,0,False
Confidently,Intently,0,False
Confidently,Joyfully,0,False
Confidently,Lazily,0,False
Confidently,Leisurely,0,False
Confidently,Lightly,0,False
Confidently,Methodically,0,False
Confidently,Meticulously,0,False
Confidently,Naturally,0,False
Confidently,Neatly,0,False
Confidently,Nervously,0,False
Confidently,Orderly,0,False
Confidently,Patiently,0,False
Confidently,Peacefully,0,False
Confidently,Precisely,0,False
Confidently,Quickly,0,False
Confidently,Quietly,0,False
Confidently,Rapidly,0,False
Confidently,Relaxedly,0,False
Confidently,Restlessly,0,False
Confidently,Seriously,0,False
Confidently,Slowly,0,False
Confidently,Smoothly,0,False
Confidently,Softly,0,False
Confidently,Soothingly,0,False
Confidently,Steadily,0,False
Confidently,Swiftly,0,False
Confidently,Tensely,0,False
Confidently,Tensly,0,False
Confidently,Thoroughly,0,False
Confidently,Unhurriedly,0,False
Confidently,Urgently,0,False
Confidently,quickly,0,False
Contently,Absentmindedly,0,False
Contently,Anxiously,0,False
Contently,Attentively,0,False
Contently,Briskly,0,False
Contently,Calmly,0,False
Contently,Carefully,0,False
Contently,Casually,0,False
Contently,Cautiously,0,False
Contently,Confidently,0,False
Contently,Contently,1,True
Contently,Deliberately,0,False
Contently,Diligently,0,False
Contently,Eagerly,0,False
Contently,Earnestly,0,False
Contently,Evenly,0,False
Contently,Firmly,0,False
Contently,Forcefully,0,False
Contently,Frantically,0,False
Contently,Gently,0,False
Contently,Gracefully,0,False
Contently,Hasitly,0,False
Contently,Hastily,0,False
Contently,Hurriedly,0,False
Contently,Impatiently,0,False
Contently,Intently,0,False
Contently,Joyfully,0,False
Contently,Lazily,2,False
Contently,Leisurely,0,False
Contently,Lightly,0,False
Contently,Methodically,0,False
Contently,Meticulously,0,False
Contently,Naturally,0,False
Contently,Neatly,0,False
Contently,Nervously,0,False
Contently,Orderly,0,False
Contently,Patiently,0,False
Contently,Peacefully,0,False
Contently,Precisely,0,False
Contently,Quickly,0,False
Contently,Quietly,0,False
Contently,Rapidly,0,False
Contently,Relaxedly,0,False
Contently,Restlessly,0,False
Contently,Seriously,0,False
Contently,Slowly,0,False
Contently,Smoothly,0,False
Contently,Softly,0,False
Contently,Soothingly,0,False
Contently,Steadily,0,False
Contently,Swiftly,0,False
Contently,Tensely,0,False
Contently,Tensly,0,False
Contently,Thoroughly,0,False
Contently,Unhurriedly,0,False
Contently,Urgently,0,False
Contently,quickly,0,False
Deliberately,Absentmindedly,0,False
Deliberately,Anxiously,0,False
Deliberately,Attentively,0,False
Deliberately,Briskly,0,False
Deliberately,Calmly,0,False
Deliberately,Carefully,0,False
Deliberately,Casually,0,False
Deliberately,Cautiously,0,False
Deliberately,Confidently,0,False
Deliberately,Contently,0,False
Deliberately,Deliberately,2,True
Deliberately,Diligently,0,False
Deliberately,Eagerly,0,False
Deliberately,Earnestly,0,False
Deliberately,Evenly,0,False
Deliberately,Firmly,0,False
Deliberately,Forcefully,0,False
Deliberately,Frantically,0,False
Deliberately,Gently,0,False
Deliberately,Gracefully,0,False
Deliberately,Hasitly,0,False
Deliberately,Hastily,0,False
Deliberately,Hurriedly,0,False
Deliberately,Impatiently,0,False
Deliberately,Intently,0,False
Deliberately,Joyfully,0,False
Deliberately,Lazily,0,False
Deliberately,Leisurely,0,False
Deliberately,Lightly,0,False
Deliberately,Methodically,0,False
Deliberately,Meticulously,0,False
Deliberately,Naturally,0,False
Deliberately,Neatly,0,False
Deliberately,Nervously,0,False
Deliberately,Orderly,0,False
Deliberately,Patiently,0,False
Deliberately,Peacefully,0,False
Deliberately,Precisely,0,False
Deliberately,Quickly,0,False
Deliberately,Quietly,0,False
Deliberately,Rapidly,0,False
Deliberately,Relaxedly,0,False
Deliberately,Restlessly,0,False
Deliberately,Seriously,0,False
Deliberately,Slowly,0,False
Deliberately,Smoothly,0,False
Deliberately,Softly,0,False
Deliberately,Soothingly,0,False
Deliberately,Steadily,0,False
Deliberately,Swiftly,0,False
Deliberately,Tensely,0,False
Deliberately,Tensly,0,False
Deliberately,Thoroughly,0,False
Deliberately,Unhurriedly,0,False
Deliberately,Urgently,0,False
Deliberately,quickly,0,False
Diligently,Absentmindedly,0,False
Diligently,Anxiously,0,False
Diligently,Attentively,0,False
Diligently,Briskly,0,False
Diligently,Calmly,0,False
Diligently,Carefully,0,False
Diligently,Casually,0,False
Diligently,Cautiously,0,False
Diligently,Confidently,0,False
Diligently,Contently,0,False
Diligently,Deliberately,0,False
Diligently,Diligently,0,True
Diligently,Eagerly,0,False
Diligently,Earnestly,0,False
Diligently,Evenly,0,False
Diligently,Firmly,0,False
Diligently,Forcefully,0,False
Diligently,Frantically,0,False
Diligently,Gently,0,False
Diligently,Gracefully,0,False
Diligently,Hasitly,0,False
Diligently,Hastily,0,False
Diligently,Hurriedly,0,False
Diligently,Impatiently,0,False
Diligently,Intently,0,False
Diligently,Joyfully,0,False
Diligently,Lazily,0,False
Diligently,Leisurely,0,False
Diligently,Lightly,0,False
Diligently,Methodically,0,False
Diligently,Meticulously,0,False
Diligently,Naturally,0,False
Diligently,Neatly,0,False
Diligently,Nervously,0,False
Diligently,Orderly,0,False
Diligently,Patiently,0,False
Diligently,Peacefully,0,False
Diligently,Precisely,0,False
Diligently,Quickly,0,False
Diligently,Quietly,0,False
Diligently,Rapidly,1,False
Diligently,Relaxedly,0,False
Diligently,Restlessly,0,False
Diligently,Seriously,0,False
Diligently,Slowly,0,False
Diligently,Smoothly,0,False
Diligently,Softly,0,False
Diligently,Soothingly,0,False
Diligently,Steadily,0,False
Diligently,Swiftly,0,False
Diligently,Tensely,0,False
Diligently,Tensly,0,False
Diligently,Thoroughly,0,False
Diligently,Unhurriedly,0,False
Diligently,Urgently,0,False
Diligently,quickly,0,False
Eagerly,Absentmindedly,0,False
Eagerly,Anxiously,0,False
Eagerly,Attentively,0,False
Eagerly,Briskly,0,False
Eagerly,Calmly,0,False
Eagerly,Carefully,0,False
Eagerly,Casually,0,False
Eagerly,Cautiously,0,False
Eagerly,Confidently,0,False
Eagerly,Contently,0,False
Eagerly,Deliberately,0,False
Eagerly,Diligently,0,False
Eagerly,Eagerly,1,True
Eagerly,Earnestly,0,False
Eagerly,Evenly,0,False
Eagerly,Firmly,0,False
Eagerly,Forcefully,0,False
Eagerly,Frantically,0,False
Eagerly,Gently,0,False
Eagerly,Gracefully,0,False
Eagerly,Hasitly,0,False
Eagerly,Hastily,0,False
Eagerly,Hurriedly,0,False
Eagerly,Impatiently,0,False
Eagerly,Intently,0,False
Eagerly,Joyfully,0,False
Eagerly,Lazily,0,False
Eagerly,Leisurely,0,False
Eagerly,Lightly,0,False
Eagerly,Methodically,0,False
Eagerly,Meticulously,0,False
Eagerly,Naturally,0,False
Eagerly,Neatly,0,False
Eagerly,Nervously,0,False
Eagerly,Orderly,0,False
Eagerly,Patiently,0,False
Eagerly,Peacefully,0,False
Eagerly,Precisely,0,False
Eagerly,Quickly,0,False
Eagerly,Quietly,0,False
Eagerly,Rapidly,0,False
Eagerly,Relaxedly,0,False
Eagerly,Restlessly,0,False
Eagerly,Seriously,0,False
Eagerly,Slowly,0,False
Eagerly,Smoothly,0,False
Eagerly,Softly,0,False
Eagerly,Soothingly,0,False
Eagerly,Steadily,0,False
Eagerly,Swiftly,0,False
Eagerly,Tensely,0,False
Eagerly,Tensly,0,False
Eagerly,Thoroughly,0,False
Eagerly,Unhurriedly,0,False
Eagerly,Urgently,0,False
Eagerly,quickly,0,False
Earnestly,Absentmindedly,0,False
Earnestly,Anxiously,0,False
Earnestly,Attentively,0,False
Earnestly,Briskly,0,False
Earnestly,Calmly,0,False
Earnestly,Carefully,0,False
Earnestly,Casually,0,False
Earnestly,Cautiously,0,False
Earnestly,Confidently,0,False
Earnestly,Contently,0,False
Earnestly,Deliberately,0,False
Earnestly,Diligently,0,False
Earnestly,Eagerly,0,False
Earnestly,Earnestly,0,True
Earnestly,Evenly,0,False
Earnestly,Firmly,0,False
Earnestly,Forcefully,0,False
Earnestly,Frantically,0,False
Earnestly,Gently,0,False
Earnestly,Gracefully,0,False
Earnestly,Hasitly,0,False
Earnestly,Hastily,0,False
Earnestly,Hurriedly,0,False
Earnestly,Impatiently,0,False
Earnestly,Intently,0,False
Earnestly,Joyfully,0,False
Earnestly,Lazily,0,False
Earnestly,Leisurely,0,False
Earnestly,Lightly,0,False
Earnestly,Methodically,0,False
Earnestly,Meticulously,0,False
Earnestly,Naturally,0,False
Earnestly,Neatly,0,False
Earnestly,Nervously,0,False
Earnestly,Orderly,0,False
Earnestly,Patiently,0,False
Earnestly,Peacefully,0,False
Earnestly,Precisely,0,False
Earnestly,Quickly,1,False
Earnestly,Quietly,0,False
Earnestly,Rapidly,0,False
Earnestly,Relaxedly,0,False
Earnestly,Restlessly,0,False
Earnestly,Seriously,0,False
Earnestly,Slowly,0,False
Earnestly,Smoothly,0,False
Earnestly,Softly,0,False
Earnestly,Soothingly,0,False
Earnestly,Steadily,0,False
Earnestly,Swiftly,0,False
Earnestly,Tensely,0,False
Earnestly,Tensly,0,False
Earnestly,Thoroughly,0,False
Earnestly,Unhurriedly,0,False
Earnestly,Urgently,0,False
Earnestly,quickly,0,False
Evenly,Absentmindedly,0,False
Evenly,Anxiously,0,False
Evenly,Attentively,0,False
Evenly,Briskly,0,False
Evenly,Calmly,0,False
Evenly,Carefully,0,False
Evenly,Casually,0,False
Evenly,Cautiously,0,False
Evenly,Confidently,0,False
Evenly,Contently,0,False
Evenly,Deliberately,0,False
Evenly,Diligently,0,False
Evenly,Eagerly,0,False
Evenly,Earnestly,0,False
Evenly,Evenly,9,True
Evenly,Firmly,0,False
Evenly,Forcefully,0,False
Evenly,Frantically,0,False
Evenly,Gently,0,False
Evenly,Gracefully,0,False
Evenly,Hasitly,0,False
Evenly,Hastily,0,False
Evenly,Hurriedly,0,False
Evenly,Impatiently,0,False
Evenly,Intently,0,False
Evenly,Joyfully,0,False
Evenly,Lazily,0,False
Evenly,Leisurely,0,False
Evenly,Lightly,0,False
Evenly,Methodically,0,False
Evenly,Meticulously,0,False
Evenly,Naturally,0,False
Evenly,Neatly,0,False
Evenly,Nervously,0,False
Evenly,Orderly,0,False
Evenly,Patiently,0,False
Evenly,Peacefully,0,False
Evenly,Precisely,0,False
Evenly,Quickly,0,False
Evenly,Quietly,0,False
Evenly,Rapidly,0,False
Evenly,Relaxedly,0,False
Evenly,Restlessly,0,False
Evenly,Seriously,0,False
Evenly,Slowly,1,False
Evenly,Smoothly,0,False
Evenly,Softly,0,False
Evenly,Soothingly,0,False
Evenly,Steadily,0,False
Evenly,Swiftly,0,False
Evenly,Tensely,1,False
Evenly,Tensly,0,False
Evenly,Thoroughly,0,False
Evenly,Unhurriedly,0,False
Evenly,Urgently,0,False
Evenly,quickly,0,False
Firmly,Absentmindedly,0,False
Firmly,Anxiously,0,False
Firmly,Attentively,0,False
Firmly,Briskly,0,False
Firmly,Calmly,0,False
Firmly,Carefully,0,False
Firmly,Casually,0,False
Firmly,Cautiously,0,False
Firmly,Confidently,0,False
Firmly,Contently,0,False
Firmly,Deliberately,0,False
Firmly,Diligently,0,False
Firmly,Eagerly,0,False
Firmly,Earnestly,0,False
Firmly,Evenly,0,False
Firmly,Firmly,1,True
Firmly,Forcefully,0,False
Firmly,Frantically,0,False
Firmly,Gently,0,False
Firmly,Gracefully,0,False
Firmly,Hasitly,0,False
Firmly,Hastily,0,False
Firmly,Hurriedly,0,False
Firmly,Impatiently,0,False
Firmly,Intently,0,False
Firmly,Joyfully,0,False
Firmly,Lazily,0,False
Firmly,Leisurely,0,False
Firmly,Lightly,0,False
Firmly,Methodically,0,False
Firmly,Meticulously,0,False
Firmly,Naturally,0,False
Firmly,Neatly,0,False
Firmly,Nervously,0,False
Firmly,Orderly,0,False
Firmly,Patiently,0,False
Firmly,Peacefully,0,False
Firmly,Precisely,0,False
Firmly,Quickly,0,False
Firmly,Quietly,0,False
Firmly,Rapidly,0,False
Firmly,Relaxedly,0,False
Firmly,Restlessly,0,False
Firmly,Seriously,0,False
Firmly,Slowly,0,False
Firmly,Smoothly,0,False
Firmly,Softly,0,False
Firmly,Soothingly,0,False
Firmly,Steadily,0,False
Firmly,Swiftly,0,False
Firmly,Tensely,0,False
Firmly,Tensly,0,False
Firmly,Thoroughly,0,False
Firmly,Unhurriedly,0,False
Firmly,Urgently,0,False
Firmly,quickly,0,False
Forcefully,Absentmindedly,0,False
Forcefully,Anxiously,0,False
Forcefully,Attentively,0,False
Forcefully,Briskly,0,False
Forcefully,Calmly,0,False
Forcefully,Carefully,0,False
Forcefully,Casually,0,False
Forcefully,Cautiously,0,False
Forcefully,Confidently,0,False
Forcefully,Contently,0,False
Forcefully,Deliberately,0,False
Forcefully,Diligently,0,False
Forcefully,Eagerly,0,False
Forcefully,Earnestly,0,False
Forcefully,Evenly,0,False
Forcefully,Firmly,0,False
Forcefully,Forcefully,1,True
Forcefully,Frantically,0,False
Forcefully,Gently,0,False
Forcefully,Gracefully,0,False
Forcefully,Hasitly,0,False
Forcefully,Hastily,0,False
Forcefully,Hurriedly,0,False
Forcefully,Impatiently,0,False
Forcefully,Intently,0,False
Forcefully,Joyfully,0,False
Forcefully,Lazily,0,False
Forcefully,Leisurely,0,False
Forcefully,Lightly,0,False
Forcefully,Methodically,0,False
Forcefully,Meticulously,0,False
Forcefully,Naturally,0,False
Forcefully,Neatly,0,False
Forcefully,Nervously,0,False
Forcefully,Orderly,0,False
Forcefully,Patiently,0,False
Forcefully,Peacefully,0,False
Forcefully,Precisely,0,False
Forcefully,Quickly,0,False
Forcefully,Quietly,0,False
Forcefully,Rapidly,0,False
Forcefully,Relaxedly,0,False
Forcefully,Restlessly,0,False
Forcefully,Seriously,0,False
Forcefully,Slowly,0,False
Forcefully,Smoothly,0,False
Forcefully,Softly,0,False
Forcefully,Soothingly,0,False
Forcefully,Steadily,1,False
Forcefully,Swiftly,0,False
Forcefully,Tensely,0,False
Forcefully,Tensly,0,False
Forcefully,Thoroughly,0,False
Forcefully,Unhurriedly,0,False
Forcefully,Urgently,0,False
Forcefully,quickly,0,False
Frantically,Absentmindedly,0,False
Frantically,Anxiously,0,False
Frantically,Attentively,0,False
Frantically,Briskly,0,False
Frantically,Calmly,0,False
Frantically,Carefully,0,False
Frantically,Casually,0,False
Frantically,Cautiously,0,False
Frantically,Confidently,0,False
Frantically,Contently,0,False
Frantically,Deliberately,0,False
Frantically,Diligently,0,False
Frantically,Eagerly,0,False
Frantically,Earnestly,0,False
Frantically,Evenly,0,False
Frantically,Firmly,0,False
Frantically,Forcefully,0,False
Frantically,Frantically,10,True
Frantically,Gently,0,False
Frantically,Gracefully,0,False
Frantically,Hasitly,0,False
Frantically,Hastily,0,False
Frantically,Hurriedly,0,False
Frantically,Impatiently,0,False
Frantically,Intently,0,False
Frantically,Joyfully,0,False
Frantically,Lazily,0,False
Frantically,Leisurely,0,False
Frantically,Lightly,0,False
Frantically,Methodically,0,False
Frantically,Meticulously,0,False
Frantically,Naturally,0,False
Frantically,Neatly,0,False
Frantically,Nervously,0,False
Frantically,Orderly,0,False
Frantically,Patiently,0,False
Frantically,Peacefully,0,False
Frantically,Precisely,0,False
Frantically,Quickly,0,False
Frantically,Quietly,0,False
Frantically,Rapidly,0,False
Frantically,Relaxedly,0,False
Frantically,Restlessly,0,False
Frantically,Seriously,0,False
Frantically,Slowly,0,False
Frantically,Smoothly,1,False
Frantically,Softly,0,False
Frantically,Soothingly,0,False
Frantically,Steadily,0,False
Frantically,Swiftly,0,False
Frantically,Tensely,0,False
Frantically,Tensly,0,False
Frantically,Thoroughly,0,False
Frantically,Unhurriedly,0,False
Frantically,Urgently,0,False
Frantically,quickly,0,False
Gently,Absentmindedly,0,False
Gently,Anxiously,0,False
Gently,Attentively,0,False
Gently,Briskly,0,False
Gently,Calmly,0,False
Gently,Carefully,0,False
Gently,Casually,0,False
Gently,Cautiously,0,False
Gently,Confidently,0,False
Gently,Contently,0,False
Gently,Deliberately,0,False
Gently,Diligently,0,False
Gently,Eagerly,0,False
Gently,Earnestly,0,False
Gently,Evenly,1,False
Gently,Firmly,0,False
Gently,Forcefully,0,False
Gently,Frantically,0,False
Gently,Gently,34,True
Gently,Gracefully,0,False
Gently,Hasitly,0,False
Gently,Hastily,0,False
Gently,Hurriedly,0,False
Gently,Impatiently,0,False
Gently,Intently,0,False
Gently,Joyfully,0,False
Gently,Lazily,0,False
Gently,Leisurely,0,False
Gently,Lightly,0,False
Gently,Methodically,0,False
Gently,Meticulously,0,False
Gently,Naturally,0,False
Gently,Neatly,0,False
Gently,Nervously,0,False
Gently,Orderly,0,False
Gently,Patiently,0,False
Gently,Peacefully,0,False
Gently,Precisely,0,False
Gently,Quickly,0,False
Gently,Quietly,0,False
Gently,Rapidly,0,False
Gently,Relaxedly,0,False
Gently,Restlessly,0,False
Gently,Seriously,0,False
Gently,Slowly,0,False
Gently,Smoothly,0,False
Gently,Softly,0,False
Gently,Soothingly,0,False
Gently,Steadily,0,False
Gently,Swiftly,0,False
Gently,Tensely,0,False
Gently,Tensly,0,False
Gently,Thoroughly,0,False
Gently,Unhurriedly,0,False
Gently,Urgently,0,False
Gently,quickly,0,False
Gracefully,Absentmindedly,0,False
Gracefully,Anxiously,0,False
Gracefully,Attentively,0,False
Gracefully,Briskly,0,False
Gracefully,Calmly,1,False
Gracefully,Carefully,0,False
Gracefully,Casually,0,False
Gracefully,Cautiously,0,False
Gracefully,Confidently,0,False
Gracefully,Contently,0,False
Gracefully,Deliberately,0,False
Gracefully,Diligently,0,False
Gracefully,Eagerly,0,False
Gracefully,Earnestly,0,False
Gracefully,Evenly,0,False
Gracefully,Firmly,0,False
Gracefully,Forcefully,0,False
Gracefully,Frantically,0,False
Gracefully,Gently,0,False
Gracefully,Gracefully,13,True
Gracefully,Hasitly,0,False
Gracefully,Hastily,0,False
Gracefully,Hurriedly,0,False
Gracefully,Impatiently,0,False
Gracefully,Intently,0,False
Gracefully,Joyfully,0,False
Gracefully,Lazily,0,False
Gracefully,Leisurely,0,False
Gracefully,Lightly,0,False
Gracefully,Methodically,0,False
Gracefully,Meticulously,0,False
Gracefully,Naturally,0,False
Gracefully,Neatly,0,False
Gracefully,Nervously,0,False
Gracefully,Orderly,0,False
Gracefully,Patiently,0,False
Gracefully,Peacefully,0,False
Gracefully,Precisely,0,False
Gracefully,Quickly,0,False
Gracefully,Quietly,0,False
Gracefully,Rapidly,0,False
Gracefully,Relaxedly,0,False
Gracefully,Restlessly,0,False
Gracefully,Seriously,0,False
Gracefully,Slowly,0,False
Gracefully,Smoothly,0,False
Gracefully,Softly,0,False
Gracefully,Soothingly,0,False
Gracefully,Steadily,0,False
Gracefully,Swiftly,0,False
Gracefully,Tensely,0,False
Gracefully,Tensly,0,False
Gracefully,Thoroughly,0,False
Gracefully,Unhurriedly,0,False
Gracefully,Urgently,0,False
Gracefully,quickly,0,False
Hasitly,Absentmindedly,0,False
Hasitly,Anxiously,0,False
Hasitly,Attentively,0,False
Hasitly,Briskly,0,False
Hasitly,Calmly,0,False
Hasitly,Carefully,0,False
Hasitly,Casually,0,False
Hasitly,Cautiously,0,False
Hasitly,Confidently,0,False
Hasitly,Contently,0,False
Hasitly,Deliberately,0,False
Hasitly,Diligently,0,False
Hasitly,Eagerly,0,False
Hasitly,Earnestly,0,False
Hasitly,Evenly,0,False
Hasitly,Firmly,0,False
Hasitly,Forcefully,0,False
Hasitly,Frantically,0,False
Hasitly,Gently,0,False
Hasitly,Gracefully,0,False
Hasitly,Hasitly,2,True
Hasitly,Hastily,0,False
Hasitly,Hurriedly,0,False
Hasitly,Impatiently,0,False
Hasitly,Intently,0,False
Hasitly,Joyfully,0,False
Hasitly,Lazily,0,False
Hasitly,Leisurely,0,False
Hasitly,Lightly,0,False
Hasitly,Methodically,0,False
Hasitly,Meticulously,0,False
Hasitly,Naturally,0,False
Hasitly,Neatly,0,False
Hasitly,Nervously,0,False
Hasitly,Orderly,0,False
Hasitly,Patiently,0,False
Hasitly,Peacefully,0,False
Hasitly,Precisely,0,False
Hasitly,Quickly,0,False
Hasitly,Quietly,0,False
Hasitly,Rapidly,0,False
Hasitly,Relaxedly,0,False
Hasitly,Restlessly,0,False
Hasitly,Seriously,0,False
Hasitly,Slowly,0,False
Hasitly,Smoothly,0,False
Hasitly,Softly,0,False
Hasitly,Soothingly,0,False
Hasitly,Steadily,0,False
Hasitly,Swiftly,0,False
Hasitly,Tensely,0,False
Hasitly,Tensly,0,False
Hasitly,Thoroughly,0,False
Hasitly,Unhurriedly,0,False
Hasitly,Urgently,0,False
Hasitly,quickly,0,False
Hastily,Absentmindedly,0,False
Hastily,Anxiously,0,False
Hastily,Attentively,0,False
Hastily,Briskly,0,False
Hastily,Calmly,0,False
Hastily,Carefully,0,False
Hastily,Casually,0,False
Hastily,Cautiously,0,False
Hastily,Confidently,0,False
Hastily,Contently,0,False
Hastily,Deliberately,0,False
Hastily,Diligently,0,False
Hastily,Eagerly,0,False
Hastily,Earnestly,0,False
Hastily,Evenly,0,False
Hastily,Firmly,0,False
Hastily,Forcefully,0,False
Hastily,Frantically,0,False
Hastily,Gently,0,False
Hastily,Gracefully,0,False
Hastily,Hasitly,0,False
Hastily,Hastily,35,True
Hastily,Hurriedly,0,False
Hastily,Impatiently,0,False
Hastily,Intently,0,False
Hastily,Joyfully,0,False
Hastily,Lazily,0,False
Hastily,Leisurely,0,False
Hastily,Lightly,0,False
Hastily,Methodically,0,False
Hastily,Meticulously,0,False
Hastily,Naturally,0,False
Hastily,Neatly,0,False
Hastily,Nervously,0,False
Hastily,Orderly,0,False
Hastily,Patiently,0,False
Hastily,Peacefully,0,False
Hastily,Precisely,0,False
Hastily,Quickly,0,False
Hastily,Quietly,0,False
Hastily,Rapidly,0,False
Hastily,Relaxedly,0,False
Hastily,Restlessly,0,False
Hastily,Seriously,0,False
Hastily,Slowly,0,False
Hastily,Smoothly,0,False
Hastily,Softly,0,False
Hastily,Soothingly,0,False
Hastily,Steadily,0,False
Hastily,Swiftly,0,False
Hastily,Tensely,0,False
Hastily,Tensly,0,False
Hastily,Thoroughly,0,False
Hastily,Unhurriedly,0,False
Hastily,Urgently,0,False
Hastily,quickly,0,False
Hurriedly,Absentmindedly,0,False
Hurriedly,Anxiously,0,False
Hurriedly,Attentively,0,False
Hurriedly,Briskly,0,False
Hurriedly,Calmly,0,False
Hurriedly,Carefully,0,False
Hurriedly,Casually,0,False
Hurriedly,Cautiously,0,False
Hurriedly,Confidently,1,False
Hurriedly,Contently,0,False
Hurriedly,Deliberately,0,False
Hurriedly,Diligently,0,False
Hurriedly,Eagerly,0,False
Hurriedly,Earnestly,0,False
Hurriedly,Evenly,0,False
Hurriedly,Firmly,0,False
Hurriedly,Forcefully,0,False
Hurriedly,Frantically,0,False
Hurriedly,Gently,0,False
Hurriedly,Gracefully,0,False
Hurriedly,Hasitly,0,False
Hurriedly,Hastily,0,False
Hurriedly,Hurriedly,47,True
Hurriedly,Impatiently,0,False
Hurriedly,Intently,0,False
Hurriedly,Joyfully,0,False
Hurriedly,Lazily,0,False
Hurriedly,Leisurely,1,False
Hurriedly,Lightly,0,False
Hurriedly,Methodically,0,False
Hurriedly,Meticulously,0,False
Hurriedly,Naturally,0,False
Hurriedly,Neatly,0,False
Hurriedly,Nervously,0,False
Hurriedly,Orderly,0,False
Hurriedly,Patiently,0,False
Hurriedly,Peacefully,0,False
Hurriedly,Precisely,0,False
Hurriedly,Quickly,0,False
Hurriedly,Quietly,0,False
Hurriedly,Rapidly,0,False
Hurriedly,Relaxedly,0,False
Hurriedly,Restlessly,0,False
Hurriedly,Seriously,0,False
Hurriedly,Slowly,1,False
Hurriedly,Smoothly,0,False
Hurriedly,Softly,0,False
Hurriedly,Soothingly,0,False
Hurriedly,Steadily,0,False
Hurriedly,Swiftly,1,False
Hurriedly,Tensely,0,False
Hurriedly,Tensly,0,False
Hurriedly,Thoroughly,0,False
Hurriedly,Unhurriedly,0,False
Hurriedly,Urgently,0,False
Hurriedly,quickly,1,False
Impatiently,Absentmindedly,0,False
Impatiently,Anxiously,0,False
Impatiently,Attentively,0,False
Impatiently,Briskly,0,False
Impatiently,Calmly,0,False
Impatiently,Carefully,0,False
Impatiently,Casually,0,False
Impatiently,Cautiously,0,False
Impatiently,Confidently,0,False
Impatiently,Contently,0,False
Impatiently,Deliberately,0,False
Impatiently,Diligently,0,False
Impatiently,Eagerly,0,False
Impatiently,Earnestly,0,False
Impatiently,Evenly,0,False
Impatiently,Firmly,0,False
Impatiently,Forcefully,0,False
Impatiently,Frantically,0,False
Impatiently,Gently,0,False
Impatiently,Gracefully,0,False
Impatiently,Hasitly,0,False
Impatiently,Hastily,0,False
Impatiently,Hurriedly,0,False
Impatiently,Impatiently,9,True
Impatiently,Intently,0,False
Impatiently,Joyfully,0,False
Impatiently,Lazily,0,False
Impatiently,Leisurely,0,False
Impatiently,Lightly,0,False
Impatiently,Methodically,0,False
Impatiently,Meticulously,0,False
Impatiently,Naturally,0,False
Impatiently,Neatly,0,False
Impatiently,Nervously,0,False
Impatiently,Orderly,0,False
Impatiently,Patiently,0,False
Impatiently,Peacefully,0,False
Impatiently,Precisely,0,False
Impatiently,Quickly,0,False
Impatiently,Quietly,0,False
Impatiently,Rapidly,0,False
Impatiently,Relaxedly,0,False
Impatiently,Restlessly,0,False
Impatiently,Seriously,0,False
Impatiently,Slowly,0,False
Impatiently,Smoothly,0,False
Impatiently,Softly,0,False
Impatiently,Soothingly,0,False
Impatiently,Steadily,0,False
Impatiently,Swiftly,0,False
Impatiently,Tensely,0,False
Impatiently,Tensly,0,False
Impatiently,Thoroughly,0,False
Impatiently,Unhurriedly,0,False
Impatiently,Urgently,0,False
Impatiently,quickly,0,False
Intently,Absentmindedly,0,False
Intently,Anxiously,0,False
Intently,Attentively,0,False
Intently,Briskly,0,False
Intently,Calmly,0,False
Intently,Carefully,0,False
Intently,Casually,0,False
Intently,Cautiously,0,False
Intently,Confidently,0,False
Intently,Contently,0,False
Intently,Deliberately,0,False
Intently,Diligently,0,False
Intently,Eagerly,0,False
Intently,Earnestly,0,False
Intently,Evenly,0,False
Intently,Firmly,0,False
Intently,Forcefully,0,False
Intently,Frantically,0,False
Intently,Gently,0,False
Intently,Gracefully,0,False
Intently,Hasitly,0,False
Intently,Hastily,0,False
Intently,Hurriedly,0,False
Intently,Impatiently,0,False
Intently,Intently,9,True
Intently,Joyfully,0,False
Intently,Lazily,0,False
Intently,Leisurely,0,False
Intently,Lightly,0,False
Intently,Methodically,0,False
Intently,Meticulously,0,False
Intently,Naturally,0,False
Intently,Neatly,0,False
Intently,Nervously,0,False
Intently,Orderly,0,False
Intently,Patiently,0,False
Intently,Peacefully,0,False
Intently,Precisely,0,False
Intently,Quickly,0,False
Intently,Quietly,0,False
Intently,Rapidly,0,False
Intently,Relaxedly,0,False
Intently,Restlessly,0,False
Intently,Seriously,0,False
Intently,Slowly,1,False
Intently,Smoothly,0,False
Intently,Softly,0,False
Intently,Soothingly,0,False
Intently,Steadily,0,False
Intently,Swiftly,0,False
Intently,Tensely,0,False
Intently,Tensly,0,False
Intently,Thoroughly,0,False
Intently,Unhurriedly,0,False
Intently,Urgently,0,False
Intently,quickly,0,False
Joyfully,Absentmindedly,0,False
Joyfully,Anxiously,0,False
Joyfully,Attentively,0,False
Joyfully,Briskly,0,False
Joyfully,Calmly,0,False
Joyfully,Carefully,0,False
Joyfully,Casually,0,False
Joyfully,Cautiously,0,False
Joyfully,Confidently,0,False
Joyfully,Contently,0,False
Joyfully,Deliberately,0,False
Joyfully,Diligently,0,False
Joyfully,Eagerly,0,False
Joyfully,Earnestly,0,False
Joyfully,Evenly,0,False
Joyfully,Firmly,0,False
Joyfully,Forcefully,0,False
Joyfully,Frantically,0,False
Joyfully,Gently,0,False
Joyfully,Gracefully,0,False
Joyfully,Hasitly,0,False
Joyfully,Hastily,0,False
Joyfully,Hurriedly,0,False
Joyfully,Impatiently,0,False
Joyfully,Intently,0,False
Joyfully,Joyfully,0,True
Joyfully,Lazily,0,False
Joyfully,Leisurely,0,False
Joyfully,Lightly,0,False
Joyfully,Methodically,0,False
Joyfully,Meticulously,0,False
Joyfully,Naturally,0,False
Joyfully,Neatly,0,False
Joyfully,Nervously,0,False
Joyfully,Orderly,0,False
Joyfully,Patiently,0,False
Joyfully,Peacefully,0,False
Joyfully,Precisely,0,False
Joyfully,Quickly,0,False
Joyfully,Quietly,1,False
Joyfully,Rapidly,0,False
Joyfully,Relaxedly,0,False
Joyfully,Restlessly,0,False
Joyfully,Seriously,0,False
Joyfully,Slowly,0,False
Joyfully,Smoothly,0,False
Joyfully,Softly,0,False
Joyfully,Soothingly,0,False
Joyfully,Steadily,0,False
Joyfully,Swiftly,0,False
Joyfully,Tensely,0,False
Joyfully,Tensly,0,False
Joyfully,Thoroughly,0,False
Joyfully,Unhurriedly,0,False
Joyfully,Urgently,0,False
Joyfully,quickly,0,False
Lazily,Absentmindedly,0,False
Lazily,Anxiously,0,False
Lazily,Attentively,0,False
Lazily,Briskly,0,False
Lazily,Calmly,0,False
Lazily,Carefully,0,False
Lazily,Casually,0,False
Lazily,Cautiously,0,False
Lazily,Confidently,0,False
Lazily,Contently,2,False
Lazily,Deliberately,0,False
Lazily,Diligently,0,False
Lazily,Eagerly,0,False
Lazily,Earnestly,0,False
Lazily,Evenly,0,False
Lazily,Firmly,0,False
Lazily,Forcefully,0,False
Lazily,Frantically,0,False
Lazily,Gently,0,False
Lazily,Gracefully,0,False
Lazily,Hasitly,0,False
Lazily,Hastily,0,False
Lazily,Hurriedly,0,False
Lazily,Impatiently,0,False
Lazily,Intently,0,False
Lazily,Joyfully,0,False
Lazily,Lazily,4,True
Lazily,Leisurely,0,False
Lazily,Lightly,0,False
Lazily,Methodically,0,False
Lazily,Meticulously,0,False
Lazily,Naturally,0,False
Lazily,Neatly,0,False
Lazily,Nervously,0,False
Lazily,Orderly,0,False
Lazily,Patiently,0,False
Lazily,Peacefully,0,False
Lazily,Precisely,0,False
Lazily,Quickly,0,False
Lazily,Quietly,0,False
Lazily,Rapidly,0,False
Lazily,Relaxedly,0,False
Lazily,Restlessly,0,False
Lazily,Seriously,0,False
Lazily,Slowly,0,False
Lazily,Smoothly,0,False
Lazily,Softly,0,False
Lazily,Soothingly,0,False
Lazily,Steadily,0,False
Lazily,Swiftly,0,False
Lazily,Tensely,0,False
Lazily,Tensly,0,False
Lazily,Thoroughly,0,False
Lazily,Unhurriedly,0,False
Lazily,Urgently,0,False
Lazily,quickly,0,False
Leisurely,Absentmindedly,0,False
Leisurely,Anxiously,1,False
Leisurely,Attentively,1,False
Leisurely,Briskly,0,False
Leisurely,Calmly,1,False
Leisurely,Carefully,0,False
Leisurely,Casually,0,False
Leisurely,Cautiously,0,False
Leisurely,Confidently,0,False
Leisurely,Contently,0,False
Leisurely,Deliberately,0,False
Leisurely,Diligently,0,False
Leisurely,Eagerly,0,False
Leisurely,Earnestly,0,False
Leisurely,Evenly,0,False
Leisurely,Firmly,0,False
Leisurely,Forcefully,0,False
Leisurely,Frantically,0,False
Leisurely,Gently,1,False
Leisurely,Gracefully,0,False
Leisurely,Hasitly,0,False
Leisurely,Hastily,0,False
Leisurely,Hurriedly,0,False
Leisurely,Impatiently,0,False
Leisurely,Intently,0,False
Leisurely,Joyfully,0,False
Leisurely,Lazily,0,False
Leisurely,Leisurely,48,True
Leisurely,Lightly,0,False
Leisurely,Methodically,0,False
Leisurely,Meticulously,0,False
Leisurely,Naturally,0,False
Leisurely,Neatly,0,False
Leisurely,Nervously,0,False
Leisurely,Orderly,0,False
Leisurely,Patiently,0,False
Leisurely,Peacefully,0,False
Leisurely,Precisely,0,False
Leisurely,Quickly,0,False
Leisurely,Quietly,0,False
Leisurely,Rapidly,0,False
Leisurely,Relaxedly,0,False
Leisurely,Restlessly,0,False
Leisurely,Seriously,0,False
Leisurely,Slowly,0,False
Leisurely,Smoothly,0,False
Leisurely,Softly,0,False
Leisurely,Soothingly,0,False
Leisurely,Steadily,1,False
Leisurely,Swiftly,0,False
Leisurely,Tensely,0,False
Leisurely,Tensly,0,False
Leisurely,Thoroughly,0,False
Leisurely,Unhurriedly,0,False
Leisurely,Urgently,0,False
Leisurely,quickly,0,False
Lightly,Absentmindedly,0,False
Lightly,Anxiously,0,False
Lightly,Attentively,0,False
Lightly,Briskly,0,False
Lightly,Calmly,0,False
Lightly,Carefully,0,False
Lightly,Casually,0,False
Lightly,Cautiously,0,False
Lightly,Confidently,0,False
Lightly,Contently,0,False
Lightly,Deliberately,0,False
Lightly,Diligently,0,False
Lightly,Eagerly,0,False
Lightly,Earnestly,0,False
Lightly,Evenly,0,False
Lightly,Firmly,0,False
Lightly,Forcefully,0,False
Lightly,Frantically,0,False
Lightly,Gently,0,False
Lightly,Gracefully,0,False
Lightly,Hasitly,0,False
Lightly,Hastily,0,False
Lightly,Hurriedly,0,False
Lightly,Impatiently,0,False
Lightly,Intently,0,False
Lightly,Joyfully,0,False
Lightly,Lazily,0,False
Lightly,Leisurely,0,False
Lightly,Lightly,1,True
Lightly,Methodically,0,False
Lightly,Meticulously,0,False
Lightly,Naturally,0,False
Lightly,Neatly,0,False
Lightly,Nervously,0,False
Lightly,Orderly,0,False
Lightly,Patiently,0,False
Lightly,Peacefully,0,False
Lightly,Precisely,0,False
Lightly,Quickly,0,False
Lightly,Quietly,0,False
Lightly,Rapidly,0,False
Lightly,Relaxedly,0,False
Lightly,Restlessly,0,False
Lightly,Seriously,0,False
Lightly,Slowly,0,False
Lightly,Smoothly,0,False
Lightly,Softly,0,False
Lightly,Soothingly,0,False
Lightly,Steadily,1,False
Lightly,Swiftly,0,False
Lightly,Tensely,0,False
Lightly,Tensly,0,False
Lightly,Thoroughly,0,False
Lightly,Unhurriedly,0,False
Lightly,Urgently,0,False
Lightly,quickly,0,False
Methodically,Absentmindedly,0,False
Methodically,Anxiously,0,False
Methodically,Attentively,0,False
Methodically,Briskly,0,False
Methodically,Calmly,0,False
Methodically,Carefully,0,False
Methodically,Casually,0,False
Methodically,Cautiously,0,False
Methodically,Confidently,0,False
Methodically,Contently,0,False
Methodically,Deliberately,0,False
Methodically,Diligently,0,False
Methodically,Eagerly,0,False
Methodically,Earnestly,0,False
Methodically,Evenly,0,False
Methodically,Firmly,0,False
Methodically,Forcefully,0,False
Methodically,Frantically,0,False
Methodically,Gently,0,False
Methodically,Gracefully,0,False
Methodically,Hasitly,0,False
Methodically,Hastily,0,False
Methodically,Hurriedly,0,False
Methodically,Impatiently,0,False
Methodically,Intently,0,False
Methodically,Joyfully,0,False
Methodically,Lazily,0,False
Methodically,Leisurely,0,False
Methodically,Lightly,0,False
Methodically,Methodically,3,True
Methodically,Meticulously,0,False
Methodically,Naturally,0,False
Methodically,Neatly,0,False
Methodically,Nervously,0,False
Methodically,Orderly,0,False
Methodically,Patiently,0,False
Methodically,Peacefully,0,False
Methodically,Precisely,0,False
Methodically,Quickly,0,False
Methodically,Quietly,0,False
Methodically,Rapidly,0,False
Methodically,Relaxedly,0,False
Methodically,Restlessly,0,False
Methodically,Seriously,0,False
Methodically,Slowly,0,False
Methodically,Smoothly,0,False
Methodically,Softly,0,False
Methodically,Soothingly,0,False
Methodically,Steadily,0,False
Methodically,Swiftly,0,False
Methodically,Tensely,0,False
Methodically,Tensly,0,False
Methodically,Thoroughly,0,False
Methodically,Unhurriedly,0,False
Methodically,Urgently,0,False
Methodically,quickly,0,False
Meticulously,Absentmindedly,0,False
Meticulously,Anxiously,0,False
Meticulously,Attentively,0,False
Meticulously,Briskly,0,False
Meticulously,Calmly,0,False
Meticulously,Carefully,2,False
Meticulously,Casually,0,False
Meticulously,Cautiously,0,False
Meticulously,Confidently,0,False
Meticulously,Contently,0,False
Meticulously,Deliberately,0,False
Meticulously,Diligently,0,False
Meticulously,Eagerly,0,False
Meticulously,Earnestly,0,False
Meticulously,Evenly,0,False
Meticulously,Firmly,0,False
Meticulously,Forcefully,0,False
Meticulously,Frantically,0,False
Meticulously,Gently,0,False
Meticulously,Gracefully,0,False
Meticulously,Hasitly,0,False
Meticulously,Hastily,0,False
Meticulously,Hurriedly,0,False
Meticulously,Impatiently,0,False
Meticulously,Intently,0,False
Meticulously,Joyfully,0,False
Meticulously,Lazily,0,False
Meticulously,Leisurely,0,False
Meticulously,Lightly,0,False
Meticulously,Methodically,0,False
Meticulously,Meticulously,14,True
Meticulously,Naturally,0,False
Meticulously,Neatly,0,False
Meticulously,Nervously,0,False
Meticulously,Orderly,0,False
Meticulously,Patiently,0,False
Meticulously,Peacefully,0,False
Meticulously,Precisely,0,False
Meticulously,Quickly,0,False
Meticulously,Quietly,0,False
Meticulously,Rapidly,0,False
Meticulously,Relaxedly,0,False
Meticulously,Restlessly,0,False
Meticulously,Seriously,0,False
Meticulously,Slowly,0,False
Meticulously,Smoothly,0,False
Meticulously,Softly,0,False
Meticulously,Soothingly,0,False
Meticulously,Steadily,0,False
Meticulously,Swiftly,0,False
Meticulously,Tensely,0,False
Meticulously,Tensly,0,False
Meticulously,Thoroughly,0,False
Meticulously,Unhurriedly,0,False
Meticulously,Urgently,0,False
Meticulously,quickly,0,False
Naturally,Absentmindedly,0,False
Naturally,Anxiously,0,False
Naturally,Attentively,0,False
Naturally,Briskly,0,False
Naturally,Calmly,0,False
Naturally,Carefully,0,False
Naturally,Casually,0,False
Naturally,Cautiously,0,False
Naturally,Confidently,0,False
Naturally,Contently,0,False
Naturally,Deliberately,0,False
Naturally,Diligently,0,False
Naturally,Eagerly,0,False
Naturally,Earnestly,0,False
Naturally,Evenly,0,False
Naturally,Firmly,0,False
Naturally,Forcefully,0,False
Naturally,Frantically,0,False
Naturally,Gently,0,False
Naturally,Gracefully,0,False
Naturally,Hasitly,0,False
Naturally,Hastily,0,False
Naturally,Hurriedly,0,False
Naturally,Impatiently,0,False
Naturally,Intently,0,False
Naturally,Joyfully,0,False
Naturally,Lazily,0,False
Naturally,Leisurely,0,False
Naturally,Lightly,0,False
Naturally,Methodically,0,False
Naturally,Meticulously,0,False
Naturally,Naturally,9,True
Naturally,Neatly,0,False
Naturally,Nervously,0,False
Naturally,Orderly,0,False
Naturally,Patiently,0,False
Naturally,Peacefully,0,False
Naturally,Precisely,0,False
Naturally,Quickly,0,False
Naturally,Quietly,0,False
Naturally,Rapidly,0,False
Naturally,Relaxedly,0,False
Naturally,Restlessly,0,False
Naturally,Seriously,0,False
Naturally,Slowly,0,False
Naturally,Smoothly,0,False
Naturally,Softly,0,False
Naturally,Soothingly,0,False
Naturally,Steadily,0,False
Naturally,Swiftly,0,False
Naturally,Tensely,0,False
Naturally,Tensly,0,False
Naturally,Thoroughly,0,False
Naturally,Unhurriedly,0,False
Naturally,Urgently,0,False
Naturally,quickly,0,False
Neatly,Absentmindedly,0,False
Neatly,Anxiously,0,False
Neatly,Attentively,0,False
Neatly,Briskly,0,False
Neatly,Calmly,0,False
Neatly,Carefully,0,False
Neatly,Casually,0,False
Neatly,Cautiously,0,False
Neatly,Confidently,0,False
Neatly,Contently,0,False
Neatly,Deliberately,0,False
Neatly,Diligently,0,False
Neatly,Eagerly,0,False
Neatly,Earnestly,0,False
Neatly,Evenly,0,False
Neatly,Firmly,0,False
Neatly,Forcefully,0,False
Neatly,Frantically,0,False
Neatly,Gently,0,False
Neatly,Gracefully,0,False
Neatly,Hasitly,0,False
Neatly,Hastily,0,False
Neatly,Hurriedly,0,False
Neatly,Impatiently,0,False
Neatly,Intently,0,False
Neatly,Joyfully,0,False
Neatly,Lazily,0,False
Neatly,Leisurely,0,False
Neatly,Lightly,0,False
Neatly,Methodically,0,False
Neatly,Meticulously,0,False
Neatly,Naturally,0,False
Neatly,Neatly,9,True
Neatly,Nervously,0,False
Neatly,Orderly,0,False
Neatly,Patiently,0,False
Neatly,Peacefully,0,False
Neatly,Precisely,0,False
Neatly,Quickly,0,False
Neatly,Quietly,0,False
Neatly,Rapidly,0,False
Neatly,Relaxedly,0,False
Neatly,Restlessly,0,False
Neatly,Seriously,0,False
Neatly,Slowly,0,False
Neatly,Smoothly,0,False
Neatly,Softly,0,False
Neatly,Soothingly,0,False
Neatly,Steadily,0,False
Neatly,Swiftly,0,False
Neatly,Tensely,0,False
Neatly,Tensly,0,False
Neatly,Thoroughly,0,False
Neatly,Unhurriedly,0,False
Neatly,Urgently,0,False
Neatly,quickly,0,False
Nervously,Absentmindedly,0,False
Nervously,Anxiously,0,False
Nervously,Attentively,0,False
Nervously,Briskly,0,False
Nervously,Calmly,0,False
Nervously,Carefully,0,False
Nervously,Casually,0,False
Nervously,Cautiously,0,False
Nervously,Confidently,0,False
Nervously,Contently,0,False
Nervously,Deliberately,0,False
Nervously,Diligently,0,False
Nervously,Eagerly,0,False
Nervously,Earnestly,0,False
Nervously,Evenly,0,False
Nervously,Firmly,0,False
Nervously,Forcefully,0,False
Nervously,Frantically,0,False
Nervously,Gently,0,False
Nervously,Gracefully,0,False
Nervously,Hasitly,0,False
Nervously,Hastily,0,False
Nervously,Hurriedly,0,False
Nervously,Impatiently,0,False
Nervously,Intently,0,False
Nervously,Joyfully,0,False
Nervously,Lazily,0,False
Nervously,Leisurely,0,False
Nervously,Lightly,0,False
Nervously,Methodically,0,False
Nervously,Meticulously,0,False
Nervously,Naturally,0,False
Nervously,Neatly,0,False
Nervously,Nervously,12,True
Nervously,Orderly,0,False
Nervously,Patiently,0,False
Nervously,Peacefully,0,False
Nervously,Precisely,0,False
Nervously,Quickly,0,False
Nervously,Quietly,0,False
Nervously,Rapidly,0,False
Nervously,Relaxedly,0,False
Nervously,Restlessly,0,False
Nervously,Seriously,0,False
Nervously,Slowly,0,False
Nervously,Smoothly,0,False
Nervously,Softly,0,False
Nervously,Soothingly,0,False
Nervously,Steadily,1,False
Nervously,Swiftly,0,False
Nervously,Tensely,0,False
Nervously,Tensly,0,False
Nervously,Thoroughly,0,False
Nervously,Unhurriedly,0,False
Nervously,Urgently,0,False
Nervously,quickly,0,False
Orderly,Absentmindedly,0,False
Orderly,Anxiously,0,False
Orderly,Attentively,0,False
Orderly,Briskly,0,False
Orderly,Calmly,0,False
Orderly,Carefully,0,False
Orderly,Casually,0,False
Orderly,Cautiously,0,False
Orderly,Confidently,0,False
Orderly,Contently,0,False
Orderly,Deliberately,0,False
Orderly,Diligently,0,False
Orderly,Eagerly,0,False
Orderly,Earnestly,0,False
Orderly,Evenly,0,False
Orderly,Firmly,0,False
Orderly,Forcefully,0,False
Orderly,Frantically,0,False
Orderly,Gently,0,False
Orderly,Gracefully,0,False
Orderly,Hasitly,0,False
Orderly,Hastily,0,False
Orderly,Hurriedly,0,False
Orderly,Impatiently,0,False
Orderly,Intently,0,False
Orderly,Joyfully,0,False
Orderly,Lazily,0,False
Orderly,Leisurely,0,False
Orderly,Lightly,0,False
Orderly,Methodically,0,False
Orderly,Meticulously,0,False
Orderly,Naturally,0,False
Orderly,Neatly,0,False
Orderly,Nervously,0,False
Orderly,Orderly,19,True
Orderly,Patiently,0,False
Orderly,Peacefully,0,False
Orderly,Precisely,0,False
Orderly,Quickly,0,False
Orderly,Quietly,0,False
Orderly,Rapidly,0,False
Orderly,Relaxedly,0,False
Orderly,Restlessly,0,False
Orderly,Seriously,0,False
Orderly,Slowly,0,False
Orderly,Smoothly,0,False
Orderly,Softly,0,False
Orderly,Soothingly,0,False
Orderly,Steadily,0,False
Orderly,Swiftly,0,False
Orderly,Tensely,0,False
Orderly,Tensly,0,False
Orderly,Thoroughly,0,False
Orderly,Unhurriedly,0,False
Orderly,Urgently,0,False
Orderly,quickly,0,False
Patiently,Absentmindedly,0,False
Patiently,Anxiously,0,False
Patiently,Attentively,0,False
Patiently,Briskly,0,False
Patiently,Calmly,0,False
Patiently,Carefully,0,False
Patiently,Casually,0,False
Patiently,Cautiously,0,False
Patiently,Confidently,0,False
Patiently,Contently,0,False
Patiently,Deliberately,0,False
Patiently,Diligently,0,False
Patiently,Eagerly,0,False
Patiently,Earnestly,0,False
Patiently,Evenly,0,False
Patiently,Firmly,0,False
Patiently,Forcefully,0,False
Patiently,Frantically,0,False
Patiently,Gently,0,False
Patiently,Gracefully,0,False
Patiently,Hasitly,0,False
Patiently,Hastily,0,False
Patiently,Hurriedly,0,False
Patiently,Impatiently,0,False
Patiently,Intently,0,False
Patiently,Joyfully,0,False
Patiently,Lazily,0,False
Patiently,Leisurely,0,False
Patiently,Lightly,0,False
Patiently,Methodically,0,False
Patiently,Meticulously,0,False
Patiently,Naturally,0,False
Patiently,Neatly,0,False
Patiently,Nervously,0,False
Patiently,Orderly,0,False
Patiently,Patiently,10,True
Patiently,Peacefully,0,False
Patiently,Precisely,0,False
Patiently,Quickly,0,False
Patiently,Quietly,0,False
Patiently,Rapidly,0,False
Patiently,Relaxedly,0,False
Patiently,Restlessly,0,False
Patiently,Seriously,0,False
Patiently,Slowly,1,False
Patiently,Smoothly,0,False
Patiently,Softly,0,False
Patiently,Soothingly,0,False
Patiently,Steadily,0,False
Patiently,Swiftly,0,False
Patiently,Tensely,0,False
Patiently,Tensly,0,False
Patiently,Thoroughly,0,False
Patiently,Unhurriedly,0,False
Patiently,Urgently,0,False
Patiently,quickly,0,False
Peacefully,Absentmindedly,0,False
Peacefully,Anxiously,0,False
Peacefully,Attentively,0,False
Peacefully,Briskly,0,False
Peacefully,Calmly,0,False
Peacefully,Carefully,1,False
Peacefully,Casually,0,False
Peacefully,Cautiously,0,False
Peacefully,Confidently,0,False
Peacefully,Contently,0,False
Peacefully,Deliberately,0,False
Peacefully,Diligently,0,False
Peacefully,Eagerly,0,False
Peacefully,Earnestly,0,False
Peacefully,Evenly,0,False
Peacefully,Firmly,0,False
Peacefully,Forcefully,0,False
Peacefully,Frantically,0,False
Peacefully,Gently,0,False
Peacefully,Gracefully,0,False
Peacefully,Hasitly,0,False
Peacefully,Hastily,0,False
Peacefully,Hurriedly,0,False
Peacefully,Impatiently,0,False
Peacefully,Intently,1,False
Peacefully,Joyfully,0,False
Peacefully,Lazily,0,False
Peacefully,Leisurely,0,False
Peacefully,Lightly,0,False
Peacefully,Methodically,0,False
Peacefully,Meticulously,0,False
Peacefully,Naturally,0,False
Peacefully,Neatly,0,False
Peacefully,Nervously,0,False
Peacefully,Orderly,0,False
Peacefully,Patiently,0,False
Peacefully,Peacefully,7,True
Peacefully,Precisely,0,False
Peacefully,Quickly,0,False
Peacefully,Quietly,0,False
Peacefully,Rapidly,0,False
Peacefully,Relaxedly,0,False
Peacefully,Restlessly,0,False
Peacefully,Seriously,0,False
Peacefully,Slowly,0,False
Peacefully,Smoothly,0,False
Peacefully,Softly,0,False
Peacefully,Soothingly,0,False
Peacefully,Steadily,0,False
Peacefully,Swiftly,0,False
Peacefully,Tensely,0,False
Peacefully,Tensly,0,False
Peacefully,Thoroughly,0,False
Peacefully,Unhurriedly,0,False
Peacefully,Urgently,0,False
Peacefully,quickly,0,False
Precisely,Absentmindedly,0,False
Precisely,Anxiously,0,False
Precisely,Attentively,0,False
Precisely,Briskly,0,False
Precisely,Calmly,0,False
Precisely,Carefully,0,False
Precisely,Casually,0,False
Precisely,Cautiously,0,False
Precisely,Confidently,0,False
Precisely,Contently,0,False
Precisely,Deliberately,0,False
Precisely,Diligently,0,False
Precisely,Eagerly,0,False
Precisely,Earnestly,0,False
Precisely,Evenly,0,False
Precisely,Firmly,0,False
Precisely,Forcefully,0,False
Precisely,Frantically,0,False
Precisely,Gently,0,False
Precisely,Gracefully,0,False
Precisely,Hasitly,0,False
Precisely,Hastily,0,False
Precisely,Hurriedly,0,False
Precisely,Impatiently,0,False
Precisely,Intently,0,False
Precisely,Joyfully,0,False
Precisely,Lazily,0,False
Precisely,Leisurely,0,False
Precisely,Lightly,0,False
Precisely,Methodically,0,False
Precisely,Meticulously,0,False
Precisely,Naturally,0,False
Precisely,Neatly,0,False
Precisely,Nervously,0,False
Precisely,Orderly,0,False
Precisely,Patiently,0,False
Precisely,Peacefully,0,False
Precisely,Precisely,2,True
Precisely,Quickly,0,False
Precisely,Quietly,0,False
Precisely,Rapidly,0,False
Precisely,Relaxedly,0,False
Precisely,Restlessly,0,False
Precisely,Seriously,0,False
Precisely,Slowly,1,False
Precisely,Smoothly,0,False
Precisely,Softly,0,False
Precisely,Soothingly,0,False
Precisely,Steadily,0,False
Precisely,Swiftly,0,False
Precisely,Tensely,0,False
Precisely,Tensly,0,False
Precisely,Thoroughly,0,False
Precisely,Unhurriedly,0,False
Precisely,Urgently,0,False
Precisely,quickly,0,False
Quickly,Absentmindedly,0,False
Quickly,Anxiously,0,False
Quickly,Attentively,0,False
Quickly,Briskly,0,False
Quickly,Calmly,0,False
Quickly,Carefully,0,False
Quickly,Casually,0,False
Quickly,Cautiously,0,False
Quickly,Confidently,0,False
Quickly,Contently,0,False
Quickly,Deliberately,0,False
Quickly,Diligently,0,False
Quickly,Eagerly,0,False
Quickly,Earnestly,1,False
Quickly,Evenly,0,False
Quickly,Firmly,0,False
Quickly,Forcefully,0,False
Quickly,Frantically,0,False
Quickly,Gently,0,False
Quickly,Gracefully,0,False
Quickly,Hasitly,0,False
Quickly,Hastily,0,False
Quickly,Hurriedly,0,False
Quickly,Impatiently,0,False
Quickly,Intently,0,False
Quickly,Joyfully,0,False
Quickly,Lazily,0,False
Quickly,Leisurely,0,False
Quickly,Lightly,0,False
Quickly,Methodically,0,False
Quickly,Meticulously,0,False
Quickly,Naturally,0,False
Quickly,Neatly,0,False
Quickly,Nervously,0,False
Quickly,Orderly,0,False
Quickly,Patiently,0,False
Quickly,Peacefully,0,False
Quickly,Precisely,0,False
Quickly,Quickly,52,True
Quickly,Quietly,0,False
Quickly,Rapidly,0,False
Quickly,Relaxedly,0,False
Quickly,Restlessly,0,False
Quickly,Seriously,0,False
Quickly,Slowly,0,False
Quickly,Smoothly,0,False
Quickly,Softly,0,False
Quickly,Soothingly,0,False
Quickly,Steadily,0,False
Quickly,Swiftly,0,False
Quickly,Tensely,0,False
Quickly,Tensly,0,False
Quickly,Thoroughly,0,False
Quickly,Unhurriedly,0,False
Quickly,Urgently,0,False
Quickly,quickly,0,False
Quietly,Absentmindedly,0,False
Quietly,Anxiously,0,False
Quietly,Attentively,0,False
Quietly,Briskly,0,False
Quietly,Calmly,0,False
Quietly,Carefully,0,False
Quietly,Casually,0,False
Quietly,Cautiously,0,False
Quietly,Confidently,0,False
Quietly,Contently,0,False
Quietly,Deliberately,0,False
Quietly,Diligently,0,False
Quietly,Eagerly,0,False
Quietly,Earnestly,0,False
Quietly,Evenly,0,False
Quietly,Firmly,0,False
Quietly,Forcefully,0,False
Quietly,Frantically,0,False
Quietly,Gently,0,False
Quietly,Gracefully,0,False
Quietly,Hasitly,0,False
Quietly,Hastily,0,False
Quietly,Hurriedly,0,False
Quietly,Impatiently,0,False
Quietly,Intently,0,False
Quietly,Joyfully,0,False
Quietly,Lazily,0,False
Quietly,Leisurely,0,False
Quietly,Lightly,0,False
Quietly,Methodically,0,False
Quietly,Meticulously,0,False
Quietly,Naturally,0,False
Quietly,Neatly,0,False
Quietly,Nervously,0,False
Quietly,Orderly,0,False
Quietly,Patiently,0,False
Quietly,Peacefully,0,False
Quietly,Precisely,0,False
Quietly,Quickly,0,False
Quietly,Quietly,7,True
Quietly,Rapidly,0,False
Quietly,Relaxedly,0,False
Quietly,Restlessly,0,False
Quietly,Seriously,0,False
Quietly,Slowly,0,False
Quietly,Smoothly,1,False
Quietly,Softly,0,False
Quietly,Soothingly,0,False
Quietly,Steadily,0,False
Quietly,Swiftly,0,False
Quietly,Tensely,1,False
Quietly,Tensly,0,False
Quietly,Thoroughly,0,False
Quietly,Unhurriedly,0,False
Quietly,Urgently,0,False
Quietly,quickly,0,False
Rapidly,Absentmindedly,0,False
Rapidly,Anxiously,0,False
Rapidly,Attentively,0,False
Rapidly,Briskly,0,False
Rapidly,Calmly,0,False
Rapidly,Carefully,0,False
Rapidly,Casually,0,False
Rapidly,Cautiously,0,False
Rapidly,Confidently,0,False
Rapidly,Contently,0,False
Rapidly,Deliberately,0,False
Rapidly,Diligently,1,False
Rapidly,Eagerly,0,False
Rapidly,Earnestly,0,False
Rapidly,Evenly,0,False
Rapidly,Firmly,0,False
Rapidly,Forcefully,0,False
Rapidly,Frantically,0,False
Rapidly,Gently,0,False
Rapidly,Gracefully,0,False
Rapidly,Hasitly,0,False
Rapidly,Hastily,0,False
Rapidly,Hurriedly,0,False
Rapidly,Impatiently,0,False
Rapidly,Intently,0,False
Rapidly,Joyfully,0,False
Rapidly,Lazily,0,False
Rapidly,Leisurely,0,False
Rapidly,Lightly,0,False
Rapidly,Methodically,0,False
Rapidly,Meticulously,0,False
Rapidly,Naturally,0,False
Rapidly,Neatly,0,False
Rapidly,Nervously,0,False
Rapidly,Orderly,0,False
Rapidly,Patiently,0,False
Rapidly,Peacefully,0,False
Rapidly,Precisely,0,False
Rapidly,Quickly,0,False
Rapidly,Quietly,0,False
Rapidly,Rapidly,21,True
Rapidly,Relaxedly,0,False
Rapidly,Restlessly,0,False
Rapidly,Seriously,0,False
Rapidly,Slowly,0,False
Rapidly,Smoothly,0,False
Rapidly,Softly,0,False
Rapidly,Soothingly,0,False
Rapidly,Steadily,2,False
Rapidly,Swiftly,0,False
Rapidly,Tensely,0,False
Rapidly,Tensly,0,False
Rapidly,Thoroughly,0,False
Rapidly,Unhurriedly,0,False
Rapidly,Urgently,0,False
Rapidly,quickly,0,False
Relaxedly,Absentmindedly,0,False
Relaxedly,Anxiously,0,False
Relaxedly,Attentively,0,False
Relaxedly,Briskly,0,False
Relaxedly,Calmly,0,False
Relaxedly,Carefully,0,False
Relaxedly,Casually,0,False
Relaxedly,Cautiously,0,False
Relaxedly,Confidently,0,False
Relaxedly,Contently,0,False
Relaxedly,Deliberately,0,False
Relaxedly,Diligently,0,False
Relaxedly,Eagerly,0,False
Relaxedly,Earnestly,0,False
Relaxedly,Evenly,0,False
Relaxedly,Firmly,0,False
Relaxedly,Forcefully,0,False
Relaxedly,Frantically,0,False
Relaxedly,Gently,0,False
Relaxedly,Gracefully,0,False
Relaxedly,Hasitly,0,False
Relaxedly,Hastily,0,False
Relaxedly,Hurriedly,0,False
Relaxedly,Impatiently,0,False
Relaxedly,Intently,0,False
Relaxedly,Joyfully,0,False
Relaxedly,Lazily,0,False
Relaxedly,Leisurely,0,False
Relaxedly,Lightly,0,False
Relaxedly,Methodically,0,False
Relaxedly,Meticulously,0,False
Relaxedly,Naturally,0,False
Relaxedly,Neatly,0,False
Relaxedly,Nervously,0,False
Relaxedly,Orderly,0,False
Relaxedly,Patiently,0,False
Relaxedly,Peacefully,0,False
Relaxedly,Precisely,0,False
Relaxedly,Quickly,0,False
Relaxedly,Quietly,0,False
Relaxedly,Rapidly,0,False
Relaxedly,Relaxedly,7,True
Relaxedly,Restlessly,0,False
Relaxedly,Seriously,0,False
Relaxedly,Slowly,0,False
Relaxedly,Smoothly,0,False
Relaxedly,Softly,0,False
Relaxedly,Soothingly,0,False
Relaxedly,Steadily,0,False
Relaxedly,Swiftly,0,False
Relaxedly,Tensely,0,False
Relaxedly,Tensly,0,False
Relaxedly,Thoroughly,0,False
Relaxedly,Unhurriedly,0,False
Relaxedly,Urgently,0,False
Relaxedly,quickly,0,False
Restlessly,Absentmindedly,0,False
Restlessly,Anxiously,0,False
Restlessly,Attentively,0,False
Restlessly,Briskly,0,False
Restlessly,Calmly,0,False
Restlessly,Carefully,0,False
Restlessly,Casually,0,False
Restlessly,Cautiously,0,False
Restlessly,Confidently,0,False
Restlessly,Contently,0,False
Restlessly,Deliberately,0,False
Restlessly,Diligently,0,False
Restlessly,Eagerly,0,False
Restlessly,Earnestly,0,False
Restlessly,Evenly,0,False
Restlessly,Firmly,0,False
Restlessly,Forcefully,0,False
Restlessly,Frantically,0,False
Restlessly,Gently,0,False
Restlessly,Gracefully,0,False
Restlessly,Hasitly,0,False
Restlessly,Hastily,0,False
Restlessly,Hurriedly,0,False
Restlessly,Impatiently,0,False
Restlessly,Intently,0,False
Restlessly,Joyfully,0,False
Restlessly,Lazily,0,False
Restlessly,Leisurely,0,False
Restlessly,Lightly,0,False
Restlessly,Methodically,0,False
Restlessly,Meticulously,0,False
Restlessly,Naturally,0,False
Restlessly,Neatly,0,False
Restlessly,Nervously,0,False
Restlessly,Orderly,0,False
Restlessly,Patiently,0,False
Restlessly,Peacefully,0,False
Restlessly,Precisely,0,False
Restlessly,Quickly,0,False
Restlessly,Quietly,0,False
Restlessly,Rapidly,0,False
Restlessly,Relaxedly,0,False
Restlessly,Restlessly,4,True
Restlessly,Seriously,0,False
Restlessly,Slowly,0,False
Restlessly,Smoothly,0,False
Restlessly,Softly,0,False
Restlessly,Soothingly,0,False
Restlessly,Steadily,0,False
Restlessly,Swiftly,0,False
Restlessly,Tensely,0,False
Restlessly,Tensly,0,False
Restlessly,Thoroughly,0,False
Restlessly,Unhurriedly,0,False
Restlessly,Urgently,0,False
Restlessly,quickly,0,False
Seriously,Absentmindedly,0,False
Seriously,Anxiously,0,False
Seriously,Attentively,0,False
Seriously,Briskly,0,False
Seriously,Calmly,0,False
Seriously,Carefully,0,False
Seriously,Casually,0,False
Seriously,Cautiously,0,False
Seriously,Confidently,0,False
Seriously,Contently,0,False
Seriously,Deliberately,0,False
Seriously,Diligently,0,False
Seriously,Eagerly,0,False
Seriously,Earnestly,0,False
Seriously,Evenly,0,False
Seriously,Firmly,0,False
Seriously,Forcefully,0,False
Seriously,Frantically,0,False
Seriously,Gently,0,False
Seriously,Gracefully,0,False
Seriously,Hasitly,0,False
Seriously,Hastily,0,False
Seriously,Hurriedly,0,False
Seriously,Impatiently,0,False
Seriously,Intently,0,False
Seriously,Joyfully,0,False
Seriously,Lazily,0,False
Seriously,Leisurely,0,False
Seriously,Lightly,0,False
Seriously,Methodically,0,False
Seriously,Meticulously,0,False
Seriously,Naturally,0,False
Seriously,Neatly,0,False
Seriously,Nervously,0,False
Seriously,Orderly,0,False
Seriously,Patiently,0,False
Seriously,Peacefully,0,False
Seriously,Precisely,0,False
Seriously,Quickly,0,False
Seriously,Quietly,0,False
Seriously,Rapidly,0,False
Seriously,Relaxedly,0,False
Seriously,Restlessly,0,False
Seriously,Seriously,7,True
Seriously,Slowly,1,False
Seriously,Smoothly,0,False
Seriously,Softly,0,False
Seriously,Soothingly,0,False
Seriously,Steadily,0,False
Seriously,Swiftly,0,False
Seriously,Tensely,0,False
Seriously,Tensly,0,False
Seriously,Thoroughly,0,False
Seriously,Unhurriedly,0,False
Seriously,Urgently,0,False
Seriously,quickly,0,False
Slowly,Absentmindedly,0,False
Slowly,Anxiously,0,False
Slowly,Attentively,0,False
Slowly,Briskly,0,False
Slowly,Calmly,1,False
Slowly,Carefully,1,False
Slowly,Casually,0,False
Slowly,Cautiously,0,False
Slowly,Confidently,0,False
Slowly,Contently,0,False
Slowly,Deliberately,0,False
Slowly,Diligently,0,False
Slowly,Eagerly,0,False
Slowly,Earnestly,0,False
Slowly,Evenly,1,False
Slowly,Firmly,0,False
Slowly,Forcefully,0,False
Slowly,Frantically,0,False
Slowly,Gently,0,False
Slowly,Gracefully,0,False
Slowly,Hasitly,0,False
Slowly,Hastily,0,False
Slowly,Hurriedly,0,False
Slowly,Impatiently,0,False
Slowly,Intently,1,False
Slowly,Joyfully,0,False
Slowly,Lazily,0,False
Slowly,Leisurely,0,False
Slowly,Lightly,0,False
Slowly,Methodically,0,False
Slowly,Meticulously,0,False
Slowly,Naturally,0,False
Slowly,Neatly,0,False
Slowly,Nervously,0,False
Slowly,Orderly,0,False
Slowly,Patiently,1,False
Slowly,Peacefully,0,False
Slowly,Precisely,0,False
Slowly,Quickly,0,False
Slowly,Quietly,1,False
Slowly,Rapidly,0,False
Slowly,Relaxedly,0,False
Slowly,Restlessly,0,False
Slowly,Seriously,0,False
Slowly,Slowly,64,True
Slowly,Smoothly,0,False
Slowly,Softly,0,False
Slowly,Soothingly,0,False
Slowly,Steadily,0,False
Slowly,Swiftly,0,False
Slowly,Tensely,0,False
Slowly,Tensly,0,False
Slowly,Thoroughly,0,False
Slowly,Unhurriedly,0,False
Slowly,Urgently,0,False
Slowly,quickly,0,False
Smoothly,Absentmindedly,0,False
Smoothly,Anxiously,0,False
Smoothly,Attentively,0,False
Smoothly,Briskly,0,False
Smoothly,Calmly,0,False
Smoothly,Carefully,0,False
Smoothly,Casually,0,False
Smoothly,Cautiously,0,False
Smoothly,Confidently,0,False
Smoothly,Contently,0,False
Smoothly,Deliberately,0,False
Smoothly,Diligently,0,False
Smoothly,Eagerly,0,False
Smoothly,Earnestly,0,False
Smoothly,Evenly,0,False
Smoothly,Firmly,0,False
Smoothly,Forcefully,0,False
Smoothly,Frantically,1,False
Smoothly,Gently,0,False
Smoothly,Gracefully,0,False
Smoothly,Hasitly,0,False
Smoothly,Hastily,0,False
Smoothly,Hurriedly,1,False
Smoothly,Impatiently,0,False
Smoothly,Intently,0,False
Smoothly,Joyfully,0,False
Smoothly,Lazily,0,False
Smoothly,Leisurely,0,False
Smoothly,Lightly,0,False
Smoothly,Methodically,0,False
Smoothly,Meticulously,0,False
Smoothly,Naturally,0,False
Smoothly,Neatly,0,False
Smoothly,Nervously,0,False
Smoothly,Orderly,1,False
Smoothly,Patiently,0,False
Smoothly,Peacefully,0,False
Smoothly,Precisely,0,False
Smoothly,Quickly,0,False
Smoothly,Quietly,0,False
Smoothly,Rapidly,0,False
Smoothly,Relaxedly,0,False
Smoothly,Restlessly,0,False
Smoothly,Seriously,0,False
Smoothly,Slowly,0,False
Smoothly,Smoothly,15,True
Smoothly,Softly,0,False
Smoothly,Soothingly,0,False
Smoothly,Steadily,0,False
Smoothly,Swiftly,0,False
Smoothly,Tensely,0,False
Smoothly,Tensly,0,False
Smoothly,Thoroughly,0,False
Smoothly,Unhurriedly,0,False
Smoothly,Urgently,0,False
Smoothly,quickly,0,False
Softly,Absentmindedly,0,False
Softly,Anxiously,0,False
Softly,Attentively,0,False
Softly,Briskly,0,False
Softly,Calmly,0,False
Softly,Carefully,0,False
Softly,Casually,0,False
Softly,Cautiously,0,False
Softly,Confidently,0,False
Softly,Contently,0,False
Softly,Deliberately,0,False
Softly,Diligently,0,False
Softly,Eagerly,0,False
Softly,Earnestly,0,False
Softly,Evenly,0,False
Softly,Firmly,0,False
Softly,Forcefully,0,False
Softly,Frantically,0,False
Softly,Gently,0,False
Softly,Gracefully,0,False
Softly,Hasitly,0,False
Softly,Hastily,0,False
Softly,Hurriedly,0,False
Softly,Impatiently,0,False
Softly,Intently,0,False
Softly,Joyfully,0,False
Softly,Lazily,0,False
Softly,Leisurely,0,False
Softly,Lightly,0,False
Softly,Methodically,0,False
Softly,Meticulously,0,False
Softly,Naturally,0,False
Softly,Neatly,0,False
Softly,Nervously,0,False
Softly,Orderly,0,False
Softly,Patiently,0,False
Softly,Peacefully,0,False
Softly,Precisely,0,False
Softly,Quickly,0,False
Softly,Quietly,0,False
Softly,Rapidly,0,False
Softly,Relaxedly,0,False
Softly,Restlessly,0,False
Softly,Seriously,0,False
Softly,Slowly,0,False
Softly,Smoothly,0,False
Softly,Softly,6,True
Softly,Soothingly,0,False
Softly,Steadily,0,False
Softly,Swiftly,0,False
Softly,Tensely,0,False
Softly,Tensly,0,False
Softly,Thoroughly,0,False
Softly,Unhurriedly,0,False
Softly,Urgently,0,False
Softly,quickly,0,False
Soothingly,Absentmindedly,0,False
Soothingly,Anxiously,0,False
Soothingly,Attentively,0,False
Soothingly,Briskly,0,False
Soothingly,Calmly,0,False
Soothingly,Carefully,0,False
Soothingly,Casually,0,False
Soothingly,Cautiously,0,False
Soothingly,Confidently,0,False
Soothingly,Contently,0,False
Soothingly,Deliberately,0,False
Soothingly,Diligently,0,False
Soothingly,Eagerly,0,False
Soothingly,Earnestly,0,False
Soothingly,Evenly,0,False
Soothingly,Firmly,0,False
Soothingly,Forcefully,0,False
Soothingly,Frantically,0,False
Soothingly,Gently,0,False
Soothingly,Gracefully,0,False
Soothingly,Hasitly,0,False
Soothingly,Hastily,0,False
Soothingly,Hurriedly,0,False
Soothingly,Impatiently,0,False
Soothingly,Intently,0,False
Soothingly,Joyfully,0,False
Soothingly,Lazily,0,False
Soothingly,Leisurely,0,False
Soothingly,Lightly,0,False
Soothingly,Methodically,0,False
Soothingly,Meticulously,0,False
Soothingly,Naturally,0,False
Soothingly,Neatly,0,False
Soothingly,Nervously,0,False
Soothingly,Orderly,0,False
Soothingly,Patiently,0,False
Soothingly,Peacefully,0,False
Soothingly,Precisely,0,False
Soothingly,Quickly,0,False
Soothingly,Quietly,0,False
Soothingly,Rapidly,0,False
Soothingly,Relaxedly,0,False
Soothingly,Restlessly,0,False
Soothingly,Seriously,0,False
Soothingly,Slowly,0,False
Soothingly,Smoothly,0,False
Soothingly,Softly,0,False
Soothingly,Soothingly,2,True
Soothingly,Steadily,0,False
Soothingly,Swiftly,0,False
Soothingly,Tensely,0,False
Soothingly,Tensly,0,False
Soothingly,Thoroughly,0,False
Soothingly,Unhurriedly,0,False
Soothingly,Urgently,0,False
Soothingly,quickly,0,False
Steadily,Absentmindedly,0,False
Steadily,Anxiously,0,False
Steadily,Attentively,0,False
Steadily,Briskly,0,False
Steadily,Calmly,0,False
Steadily,Carefully,0,False
Steadily,Casually,0,False
Steadily,Cautiously,0,False
Steadily,Confidently,0,False
Steadily,Contently,0,False
Steadily,Deliberately,0,False
Steadily,Diligently,0,False
Steadily,Eagerly,0,False
Steadily,Earnestly,0,False
Steadily,Evenly,0,False
Steadily,Firmly,0,False
Steadily,Forcefully,1,False
Steadily,Frantically,0,False
Steadily,Gently,0,False
Steadily,Gracefully,0,False
Steadily,Hasitly,0,False
Steadily,Hastily,0,False
Steadily,Hurriedly,0,False
Steadily,Impatiently,0,False
Steadily,Intently,0,False
Steadily,Joyfully,0,False
Steadily,Lazily,0,False
Steadily,Leisurely,1,False
Steadily,Lightly,1,False
Steadily,Methodically,0,False
Steadily,Meticulously,0,False
Steadily,Naturally,0,False
Steadily,Neatly,0,False
Steadily,Nervously,1,False
Steadily,Orderly,0,False
Steadily,Patiently,0,False
Steadily,Peacefully,0,False
Steadily,Precisely,0,False
Steadily,Quickly,0,False
Steadily,Quietly,0,False
Steadily,Rapidly,2,False
Steadily,Relaxedly,0,False
Steadily,Restlessly,0,False
Steadily,Seriously,0,False
Steadily,Slowly,0,False
Steadily,Smoothly,0,False
Steadily,Softly,0,False
Steadily,Soothingly,0,False
Steadily,Steadily,54,True
Steadily,Swiftly,0,False
Steadily,Tensely,0,False
Steadily,Tensly,0,False
Steadily,Thoroughly,0,False
Steadily,Unhurriedly,0,False
Steadily,Urgently,0,False
Steadily,quickly,0,False
Swiftly,Absentmindedly,0,False
Swiftly,Anxiously,0,False
Swiftly,Attentively,0,False
Swiftly,Briskly,0,False
Swiftly,Calmly,0,False
Swiftly,Carefully,0,False
Swiftly,Casually,0,False
Swiftly,Cautiously,0,False
Swiftly,Confidently,0,False
Swiftly,Contently,0,False
Swiftly,Deliberately,0,False
Swiftly,Diligently,0,False
Swiftly,Eagerly,0,False
Swiftly,Earnestly,0,False
Swiftly,Evenly,0,False
Swiftly,Firmly,0,False
Swiftly,Forcefully,0,False
Swiftly,Frantically,0,False
Swiftly,Gently,0,False
Swiftly,Gracefully,0,False
Swiftly,Hasitly,0,False
Swiftly,Hastily,0,False
Swiftly,Hurriedly,1,False
Swiftly,Impatiently,0,False
Swiftly,Intently,0,False
Swiftly,Joyfully,0,False
Swiftly,Lazily,0,False
Swiftly,Leisurely,0,False
Swiftly,Lightly,0,False
Swiftly,Methodically,0,False
Swiftly,Meticulously,0,False
Swiftly,Naturally,0,False
Swiftly,Neatly,0,False
Swiftly,Nervously,0,False
Swiftly,Orderly,0,False
Swiftly,Patiently,0,False
Swiftly,Peacefully,0,False
Swiftly,Precisely,0,False
Swiftly,Quickly,0,False
Swiftly,Quietly,0,False
Swiftly,Rapidly,0,False
Swiftly,Relaxedly,0,False
Swiftly,Restlessly,0,False
Swiftly,Seriously,0,False
Swiftly,Slowly,0,False
Swiftly,Smoothly,0,False
Swiftly,Softly,0,False
Swiftly,Soothingly,0,False
Swiftly,Steadily,0,False
Swiftly,Swiftly,2,True
Swiftly,Tensely,0,False
Swiftly,Tensly,0,False
Swiftly,Thoroughly,0,False
Swiftly,Unhurriedly,0,False
Swiftly,Urgently,0,False
Swiftly,quickly,0,False
Tensely,Absentmindedly,0,False
Tensely,Anxiously,0,False
Tensely,Attentively,0,False
Tensely,Briskly,0,False
Tensely,Calmly,0,False
Tensely,Carefully,0,False
Tensely,Casually,0,False
Tensely,Cautiously,0,False
Tensely,Confidently,0,False
Tensely,Contently,0,False
Tensely,Deliberately,0,False
Tensely,Diligently,0,False
Tensely,Eagerly,0,False
Tensely,Earnestly,0,False
Tensely,Evenly,1,False
Tensely,Firmly,0,False
Tensely,Forcefully,0,False
Tensely,Frantically,0,False
Tensely,Gently,0,False
Tensely,Gracefully,0,False
Tensely,Hasitly,0,False
Tensely,Hastily,0,False
Tensely,Hurriedly,0,False
Tensely,Impatiently,0,False
Tensely,Intently,0,False
Tensely,Joyfully,1,False
Tensely,Lazily,0,False
Tensely,Leisurely,0,False
Tensely,Lightly,0,False
Tensely,Methodically,0,False
Tensely,Meticulously,0,False
Tensely,Naturally,0,False
Tensely,Neatly,0,False
Tensely,Nervously,0,False
Tensely,Orderly,0,False
Tensely,Patiently,0,False
Tensely,Peacefully,0,False
Tensely,Precisely,0,False
Tensely,Quickly,0,False
Tensely,Quietly,0,False
Tensely,Rapidly,0,False
Tensely,Relaxedly,0,False
Tensely,Restlessly,0,False
Tensely,Seriously,0,False
Tensely,Slowly,0,False
Tensely,Smoothly,0,False
Tensely,Softly,0,False
Tensely,Soothingly,0,False
Tensely,Steadily,0,False
Tensely,Swiftly,0,False
Tensely,Tensely,4,True
Tensely,Tensly,0,False
Tensely,Thoroughly,0,False
Tensely,Unhurriedly,0,False
Tensely,Urgently,0,False
Tensely,quickly,0,False
Tensly,Absentmindedly,0,False
Tensly,Anxiously,0,False
Tensly,Attentively,0,False
Tensly,Briskly,0,False
Tensly,Calmly,0,False
Tensly,Carefully,0,False
Tensly,Casually,0,False
Tensly,Cautiously,0,False
Tensly,Confidently,0,False
Tensly,Contently,0,False
Tensly,Deliberately,0,False
Tensly,Diligently,0,False
Tensly,Eagerly,0,False
Tensly,Earnestly,0,False
Tensly,Evenly,0,False
Tensly,Firmly,0,False
Tensly,Forcefully,0,False
Tensly,Frantically,0,False
Tensly,Gently,0,False
Tensly,Gracefully,0,False
Tensly,Hasitly,0,False
Tensly,Hastily,0,False
Tensly,Hurriedly,0,False
Tensly,Impatiently,0,False
Tensly,Intently,0,False
Tensly,Joyfully,0,False
Tensly,Lazily,0,False
Tensly,Leisurely,0,False
Tensly,Lightly,0,False
Tensly,Methodically,0,False
Tensly,Meticulously,0,False
Tensly,Naturally,0,False
Tensly,Neatly,0,False
Tensly,Nervously,0,False
Tensly,Orderly,0,False
Tensly,Patiently,0,False
Tensly,Peacefully,0,False
Tensly,Precisely,0,False
Tensly,Quickly,0,False
Tensly,Quietly,0,False
Tensly,Rapidly,0,False
Tensly,Relaxedly,0,False
Tensly,Restlessly,0,False
Tensly,Seriously,0,False
Tensly,Slowly,0,False
Tensly,Smoothly,0,False
Tensly,Softly,0,False
Tensly,Soothingly,0,False
Tensly,Steadily,0,False
Tensly,Swiftly,0,False
Tensly,Tensely,0,False
Tensly,Tensly,2,True
Tensly,Thoroughly,0,False
Tensly,Unhurriedly,0,False
Tensly,Urgently,0,False
Tensly,quickly,0,False
Thoroughly,Absentmindedly,0,False
Thoroughly,Anxiously,0,False
Thoroughly,Attentively,0,False
Thoroughly,Briskly,0,False
Thoroughly,Calmly,0,False
Thoroughly,Carefully,0,False
Thoroughly,Casually,0,False
Thoroughly,Cautiously,0,False
Thoroughly,Confidently,0,False
Thoroughly,Contently,0,False
Thoroughly,Deliberately,0,False
Thoroughly,Diligently,0,False
Thoroughly,Eagerly,0,False
Thoroughly,Earnestly,0,False
Thoroughly,Evenly,0,False
Thoroughly,Firmly,0,False
Thoroughly,Forcefully,0,False
Thoroughly,Frantically,0,False
Thoroughly,Gently,0,False
Thoroughly,Gracefully,0,False
Thoroughly,Hasitly,0,False
Thoroughly,Hastily,0,False
Thoroughly,Hurriedly,0,False
Thoroughly,Impatiently,0,False
Thoroughly,Intently,0,False
Thoroughly,Joyfully,0,False
Thoroughly,Lazily,0,False
Thoroughly,Leisurely,0,False
Thoroughly,Lightly,0,False
Thoroughly,Methodically,0,False
Thoroughly,Meticulously,0,False
Thoroughly,Naturally,0,False
Thoroughly,Neatly,0,False
Thoroughly,Nervously,0,False
Thoroughly,Orderly,0,False
Thoroughly,Patiently,0,False
Thoroughly,Peacefully,0,False
Thoroughly,Precisely,0,False
Thoroughly,Quickly,0,False
Thoroughly,Quietly,0,False
Thoroughly,Rapidly,0,False
Thoroughly,Relaxedly,0,False
Thoroughly,Restlessly,0,False
Thoroughly,Seriously,0,False
Thoroughly,Slowly,0,False
Thoroughly,Smoothly,0,False
Thoroughly,Softly,0,False
Thoroughly,Soothingly,0,False
Thoroughly,Steadily,0,False
Thoroughly,Swiftly,0,False
Thoroughly,Tensely,0,False
Thoroughly,Tensly,0,False
Thoroughly,Thoroughly,5,True
Thoroughly,Unhurriedly,0,False
Thoroughly,Urgently,0,False
Thoroughly,quickly,0,False
Unhurriedly,Absentmindedly,0,False
Unhurriedly,Anxiously,0,False
Unhurriedly,Attentively,0,False
Unhurriedly,Briskly,0,False
Unhurriedly,Calmly,0,False
Unhurriedly,Carefully,0,False
Unhurriedly,Casually,0,False
Unhurriedly,Cautiously,0,False
Unhurriedly,Confidently,0,False
Unhurriedly,Contently,0,False
Unhurriedly,Deliberately,0,False
Unhurriedly,Diligently,0,False
Unhurriedly,Eagerly,0,False
Unhurriedly,Earnestly,0,False
Unhurriedly,Evenly,0,False
Unhurriedly,Firmly,0,False
Unhurriedly,Forcefully,0,False
Unhurriedly,Frantically,0,False
Unhurriedly,Gently,0,False
Unhurriedly,Gracefully,0,False
Unhurriedly,Hasitly,0,False
Unhurriedly,Hastily,0,False
Unhurriedly,Hurriedly,0,False
Unhurriedly,Impatiently,0,False
Unhurriedly,Intently,0,False
Unhurriedly,Joyfully,0,False
Unhurriedly,Lazily,0,False
Unhurriedly,Leisurely,0,False
Unhurriedly,Lightly,0,False
Unhurriedly,Methodically,0,False
Unhurriedly,Meticulously,0,False
Unhurriedly,Naturally,0,False
Unhurriedly,Neatly,0,False
Unhurriedly,Nervously,0,False
Unhurriedly,Orderly,0,False
Unhurriedly,Patiently,0,False
Unhurriedly,Peacefully,0,False
Unhurriedly,Precisely,0,False
Unhurriedly,Quickly,0,False
Unhurriedly,Quietly,0,False
Unhurriedly,Rapidly,0,False
Unhurriedly,Relaxedly,0,False
Unhurriedly,Restlessly,0,False
Unhurriedly,Seriously,0,False
Unhurriedly,Slowly,0,False
Unhurriedly,Smoothly,0,False
Unhurriedly,Softly,0,False
Unhurriedly,Soothingly,0,False
Unhurriedly,Steadily,0,False
Unhurriedly,Swiftly,0,False
Unhurriedly,Tensely,0,False
Unhurriedly,Tensly,0,False
Unhurriedly,Thoroughly,0,False
Unhurriedly,Unhurriedly,11,True
Unhurriedly,Urgently,0,False
Unhurriedly,quickly,0,False
Urgently,Absentmindedly,0,False
Urgently,Anxiously,0,False
Urgently,Attentively,0,False
Urgently,Briskly,0,False
Urgently,Calmly,0,False
Urgently,Carefully,0,False
Urgently,Casually,0,False
Urgently,Cautiously,0,False
Urgently,Confidently,0,False
Urgently,Contently,0,False
Urgently,Deliberately,0,False
Urgently,Diligently,0,False
Urgently,Eagerly,0,False
Urgently,Earnestly,0,False
Urgently,Evenly,0,False
Urgently,Firmly,0,False
Urgently,Forcefully,0,False
Urgently,Frantically,0,False
Urgently,Gently,0,False
Urgently,Gracefully,0,False
Urgently,Hasitly,0,False
Urgently,Hastily,0,False
Urgently,Hurriedly,0,False
Urgently,Impatiently,0,False
Urgently,Intently,0,False
Urgently,Joyfully,0,False
Urgently,Lazily,0,False
Urgently,Leisurely,0,False
Urgently,Lightly,0,False
Urgently,Methodically,0,False
Urgently,Meticulously,0,False
Urgently,Naturally,0,False
Urgently,Neatly,0,False
Urgently,Nervously,0,False
Urgently,Orderly,0,False
Urgently,Patiently,0,False
Urgently,Peacefully,1,False
Urgently,Precisely,0,False
Urgently,Quickly,0,False
Urgently,Quietly,0,False
Urgently,Rapidly,0,False
Urgently,Relaxedly,0,False
Urgently,Restlessly,0,False
Urgently,Seriously,0,False
Urgently,Slowly,0,False
Urgently,Smoothly,0,False
Urgently,Softly,0,False
Urgently,Soothingly,0,False
Urgently,Steadily,0,False
Urgently,Swiftly,0,False
Urgently,Tensely,0,False
Urgently,Tensly,0,False
Urgently,Thoroughly,0,False
Urgently,Unhurriedly,0,False
Urgently,Urgently,14,True
Urgently,quickly,0,False
quickly,Absentmindedly,0,False
quickly,Anxiously,0,False
quickly,Attentively,0,False
quickly,Briskly,0,False
quickly,Calmly,0,False
quickly,Carefully,0,False
quickly,Casually,0,False
quickly,Cautiously,0,False
quickly,Confidently,0,False
quickly,Contently,0,False
quickly,Deliberately,0,False
quickly,Diligently,0,False
quickly,Eagerly,0,False
quickly,Earnestly,0,False
quickly,Evenly,0,False
quickly,Firmly,0,False
quickly,Forcefully,0,False
quickly,Frantically,0,False
quickly,Gently,0,False
quickly,Gracefully,0,False
quickly,Hasitly,0,False
quickly,Hastily,0,False
quickly,Hurriedly,1,False
quickly,Impatiently,0,False
quickly,Intently,0,False
quickly,Joyfully,0,False
quickly,Lazily,0,False
quickly,Leisurely,0,False
quickly,Lightly,0,False
quickly,Methodically,0,False
quickly,Meticulously,0,False
quickly,Naturally,0,False
quickly,Neatly,0,False
quickly,Nervously,0,False
quickly,Orderly,0,False
quickly,Patiently,0,False
quickly,Peacefully,0,False
quickly,Precisely,0,False
quickly,Quickly,0,False
quickly,Quietly,0,False
quickly,Rapidly,0,False
quickly,Relaxedly,0,False
quickly,Restlessly,0,False
quickly,Seriously,0,False
quickly,Slowly,0,False
quickly,Smoothly,0,False
quickly,Softly,0,False
quickly,Soothingly,0,False
quickly,Steadily,0,False
quickly,Swiftly,0,False
quickly,Tensely,0,False
quickly,Tensly,0,False
quickly,Thoroughly,0,False
quickly,Unhurriedly,0,False
quickly,Urgently,0,False
quickly,quickly,0,True
