label,group,n,correct,errors,accuracy,top_wrong_predictions,median_duration_s,median_raw_speed,median_raw_low_motion_frac,mean_z_duration_s,mean_rank_duration_s,mean_z_raw_speed_mean,mean_rank_raw_speed_mean,mean_z_raw_acc_mean,mean_rank_raw_acc_mean,mean_z_raw_jerk_mean,mean_rank_raw_jerk_mean,mean_z_raw_pose_amplitude,mean_rank_raw_pose_amplitude,mean_z_raw_low_motion_frac,mean_rank_raw_low_motion_frac,mean_z_raw_cad_hz,mean_rank_raw_cad_hz
Carefully,CARE,21,14,7,0.6666666666666666,Meticulously (2); Peacefully (1); Rapidly (1); Gently (1),17.05000000167638,0.25620668925601026,0.07367940627852522,0.5922678937249494,0.725,-0.5014890129509336,0.3,-0.4311939782599793,0.3,-0.3980970542726643,0.3,-0.4900998439418311,0.275,-0.2908396989897368,0.35,-0.24446108595163038,0.425
Slowly,SLOW,70,64,6,0.9142857142857143,Quietly (1); Evenly (1); Intently (1); Calmly (1),17.5,0.25878963875546585,0.07602339181286549,0.9997861692484171,0.9044117647058824,-0.6961725563295297,0.23529411764705882,-0.6043068719818322,0.25735294117647056,-0.5837955890438028,0.25735294117647056,-0.27061135808487247,0.38235294117647056,0.12774413841868124,0.5220588235294118,-0.18710803626699293,0.4411764705882353
Steadily,NEUT,60,54,6,0.9,Rapidly (2); Leisurely (1); Forcefully (1); Lightly (1),17.34999999962747,0.2905462427669525,0.11789525936957061,0.11152114607366787,0.5666666666666667,-0.27675072842148946,0.4083333333333333,-0.21049895075920985,0.44166666666666665,-0.18424425748812226,0.44166666666666665,-0.013210801944238347,0.5,0.07400703423646708,0.5375,-0.07197266642908072,0.4666666666666667
Calmly,SLOW,59,54,5,0.9152542372881356,Anxiously (1); Leisurely (1); Slowly (1); Gracefully (1),17.499999998137355,0.25148951602702385,0.09627904366371084,0.15188792372081622,0.5344827586206896,-0.3225060467034771,0.3706896551724138,-0.3219013578403019,0.41379310344827586,-0.31263413803875795,0.4051724137931034,-0.2112925758554216,0.41379310344827586,0.05102456772447863,0.5301724137931034,-0.14224452385121075,0.43103448275862066
Leisurely,SLOW,53,48,5,0.9056603773584906,Calmly (1); Steadily (1); Attentively (1); Anxiously (1),20.199999999254942,0.21863258329010596,0.06417112299465241,0.9453332428334887,0.8773584905660378,-0.6990773454248674,0.22641509433962265,-0.6652265139427077,0.24528301886792453,-0.6050584034006045,0.2830188679245283,-0.11293893979743351,0.44339622641509435,-0.12219331072180169,0.45754716981132076,-0.06699979637891229,0.46226415094339623
Hurriedly,FAST,52,47,5,0.9038461538461539,quickly (1); Swiftly (1); Confidently (1); Slowly (1),11.700000002980232,0.41394492561588797,0.09774436090225563,-1.2105046368981023,0.00980392156862745,1.02948584331124,0.9019607843137255,1.0253908520959278,0.8921568627450981,1.0160767759286282,0.8823529411764706,0.07245915668738583,0.5392156862745098,0.13485428981118636,0.5490196078431373,0.3410697969902912,0.6176470588235294
Rapidly,FAST,24,21,3,0.875,Steadily (2); Diligently (1),13.699999999254942,0.43477429221380887,0.10034453057708871,-1.1586038321519432,0.0625,1.1522899644156093,0.9375,1.059817944132126,0.9166666666666666,0.9916184060904408,0.8958333333333334,0.6323288831373769,0.7708333333333334,0.09100257910007896,0.5208333333333334,0.15810981835823623,0.5625
Smoothly,NEUT,18,15,3,0.8333333333333334,Frantically (1); Orderly (1); Hurriedly (1),16.750000001862645,0.2599261038143279,0.07515135789655769,0.5583166181453544,0.6944444444444444,-0.6217887614647138,0.3055555555555556,-0.6222062117781464,0.25,-0.639221587937495,0.2222222222222222,0.3074242508925587,0.6666666666666666,-0.04299092639201427,0.5,-0.19541728909122408,0.4166666666666667
Anxiously,NERV,31,29,2,0.9354838709677419,Calmly (1); Leisurely (1),11.949999999254942,0.28540612411004407,0.05089400490826224,-1.2541000033739704,0.0,1.0621370847062421,0.8833333333333333,0.9443990742920725,0.8333333333333334,0.9131240410092735,0.8333333333333334,0.2979846016312362,0.6166666666666667,-0.05652077205572308,0.4583333333333333,0.10460272243964377,0.5333333333333333
Meticulously,CARE,16,14,2,0.875,Carefully (2),21.0,0.278223052171209,0.059907834101382486,0.8374388479139457,0.8666666666666667,-0.7370327924461508,0.2,-0.693202760408457,0.23333333333333334,-0.6671123167556795,0.23333333333333334,-0.12957746608067758,0.4666666666666667,0.4973072067912785,0.7,-0.021586327662692816,0.5
Evenly,NEUT,11,9,2,0.8181818181818182,Slowly (1); Tensely (1),14.400000000372529,0.37971047980870803,0.09937888198757763,0.10219630061303184,0.5,-0.3607624837139935,0.4090909090909091,-0.39180907130799447,0.3181818181818182,-0.3604331079861801,0.36363636363636365,-0.44451987588709635,0.3181818181818182,0.5870052058078835,0.6818181818181818,-0.14329578120556466,0.5
Peacefully,SLOW,9,7,2,0.7777777777777778,Carefully (1); Intently (1),20.200000001117587,0.20908520574328865,0.08235294117647059,0.7292818265513566,0.7777777777777778,-0.6555966194251442,0.3333333333333333,-0.8870133017897912,0.2222222222222222,-0.8919468941134188,0.16666666666666666,-0.011435327246906126,0.5,-0.2249169240149666,0.3888888888888889,-0.4030606441901947,0.3888888888888889
Quietly,SLOW,9,7,2,0.7777777777777778,Smoothly (1); Tensely (1),13.400000000372529,0.2515573387773966,0.09550561797752809,0.7438604045053339,0.7777777777777778,-0.7594992362032181,0.16666666666666666,-0.8260110621183094,0.16666666666666666,-0.8181832157630299,0.16666666666666666,-0.3642232311809371,0.3888888888888889,-0.5964805585029693,0.25,0.24577834437441226,0.6111111111111112
Lazily,SLOW,6,4,2,0.6666666666666666,Contently (2),26.900000002235174,0.17499580092328504,0.03289473684210526,0.9015603823798882,0.9,-0.3859423425910894,0.4,-0.41101403317768404,0.4,-0.37284423564600006,0.4,0.793913681992484,0.8,-0.28663743658040397,0.4,0.3091628217948375,0.6
Tensely,NERV,6,4,2,0.6666666666666666,Evenly (1); Joyfully (1),10.800000000745058,0.3251558663503785,0.04755639097744361,-1.039590579669331,0.0,0.631465489416344,0.75,0.8483812639028452,0.8333333333333334,0.7688780302271723,0.8333333333333334,-0.1816350645380107,0.3333333333333333,-0.19669145360793935,0.5,0.06030739969181259,0.5
Contently,SLOW,3,1,2,0.3333333333333333,Lazily (2),28.0,0.2718470610147965,0.1392857142857143,0.433092373229415,0.6666666666666666,-0.04852985022914854,0.5,-0.05591587769680947,0.5,0.02597128979989353,0.5,0.09735237799334773,0.5,0.6959193261127293,0.8333333333333334,-0.2991160239446308,0.3333333333333333
Quickly,FAST,53,52,1,0.9811320754716981,Earnestly (1),8.800000000745058,0.3387866777541713,0.04918032786885246,-1.1042464648257642,0.05660377358490566,0.9604127937567718,0.8773584905660378,0.9472968163645905,0.8584905660377359,0.8943871712059861,0.8113207547169812,0.07128695276269778,0.5188679245283019,-0.3036794054406412,0.37264150943396224,0.23099998923282103,0.5943396226415094
Gently,SLOW,35,34,1,0.9714285714285714,Evenly (1),14.900000002235174,0.2346784285048467,0.08275862068965517,1.050701948767836,0.9242424242424242,-0.6938615450487141,0.19696969696969696,-0.6918549166731855,0.18181818181818182,-0.6652791038236584,0.22727272727272727,0.0033707777475535865,0.48484848484848486,0.2865104290051227,0.6590909090909091,0.1751752342701019,0.5757575757575758
Attentively,CARE,18,17,1,0.9444444444444444,Leisurely (1),15.350000001490116,0.2441251446673073,0.07910872313527181,0.3066544941474243,0.6111111111111112,-0.054084943348267224,0.5,0.008721609646470015,0.5277777777777778,0.04499028689940334,0.5555555555555556,0.4047810734480907,0.6666666666666666,0.44504060046173344,0.6805555555555556,0.24882835989907415,0.5555555555555556
Urgently,FAST,15,14,1,0.9333333333333333,Peacefully (1),10.599999999627471,0.3346171859538106,0.06896551724137931,-1.1613558014900014,0.03333333333333333,0.7694969814420215,0.8,0.8841871350322068,0.8666666666666667,0.870417778939834,0.8666666666666667,-0.1406042563965078,0.4666666666666667,-0.317203154240889,0.4166666666666667,0.13658999319774348,0.5357142857142857
Gracefully,NEUT,14,13,1,0.9285714285714286,Calmly (1),20.649999998509884,0.20033826335030264,0.07201843671980027,1.0562452110465386,0.9285714285714286,-0.6342839311073788,0.21428571428571427,-0.6228594446683263,0.21428571428571427,-0.5732757567142047,0.25,-0.03928341038734743,0.5,-0.5139425401899141,0.32142857142857145,-0.5299259086624599,0.2857142857142857
Nervously,NERV,13,12,1,0.9230769230769231,Steadily (1),11.400000000372529,0.34288943364745694,0.04738154613466334,-1.0586542229001448,0.07692307692307693,1.0486088474005202,0.9615384615384616,1.0567976639450862,0.9230769230769231,1.0329943647609996,0.8846153846153846,0.6110055610038573,0.7307692307692307,0.16010244492610523,0.5961538461538461,0.24696460994423533,0.6538461538461539
Frantically,FAST,11,10,1,0.9090909090909091,Smoothly (1),19.699999999254942,0.318265323802714,0.03786754966887417,-1.1921260177789448,0.05,1.2433203101362693,0.95,1.1606664259379016,0.9,1.1396382993478957,0.9,0.36253030556528054,0.55,-0.45052066595022316,0.325,-0.16454220693145025,0.45
Patiently,SLOW,11,10,1,0.9090909090909091,Slowly (1),17.799999998882413,0.24582461966765315,0.06944444444444445,0.9730266652235277,0.9545454545454546,-0.779966486837337,0.22727272727272727,-0.6802782847439609,0.2727272727272727,-0.6195681305432617,0.2727272727272727,-0.10814861832154876,0.45454545454545453,0.31668147725420803,0.6818181818181818,0.29482964876354134,0.6363636363636364
Intently,CARE,10,9,1,0.9,Slowly (1),9.900000000372529,0.32884436263516864,0.1502016129032258,0.3898680081259849,0.65,-0.24269888164026715,0.35,-0.20179280540776312,0.35,-0.18370958144010413,0.35,-0.1875084417052159,0.35,-0.22200358233341477,0.325,-0.16504124355322394,0.45
Seriously,CARE,8,7,1,0.875,Slowly (1),11.300000002607703,0.1829372535190902,0.03317957166392092,0.26201984779806875,0.5625,-0.5591030781964444,0.25,-0.6119227480812728,0.25,-0.6751251763355468,0.3125,-0.12383063100200312,0.4375,0.4359072147124735,0.625,0.7727013106917793,0.8125
Precisely,CARE,3,2,1,0.6666666666666666,Slowly (1),15.750000000931323,0.2345091440297544,0.02348993288590604,-0.2261671545954589,0.5,-0.21627772648529953,0.5,-0.331972908492588,0.5,-0.3866696048508944,0.5,0.005486135423324656,0.5,0.28984172631041627,0.625,-0.6907699449583854,0.25
Swiftly,FAST,3,2,1,0.6666666666666666,Hurriedly (1),3.600000001490116,0.3926688491276275,0.1626984126984127,-1.0097962647270828,0.16666666666666666,0.7741525518589453,0.6666666666666666,0.5901541312778221,0.6666666666666666,0.5273765677995677,0.6666666666666666,0.26312010944861647,0.6666666666666666,0.056323079193726845,0.5,0.26050386762477074,0.5
Forcefully,FAST,2,1,1,0.5,Steadily (1),29.59999999962747,0.41617181457841057,0.13881262868908717,-0.3819019821034349,0.25,0.5583161380855456,0.75,-0.5115923724114695,0.25,-0.5216409848512418,0.25,-0.01651909132448559,0.5,1.2699689884629752,1.0,-0.49422951832169965,0.25
Lightly,SLOW,2,1,1,0.5,Steadily (1),11.650000000372529,0.26763732601995144,0.195124716553288,0.8767567502745482,0.75,-0.9944878051930154,0.0,-0.9050186360775494,0.0,-0.8795415725264543,0.0,-1.1113144910775827,0.0,0.2923983863933328,0.75,0.17523295216759416,0.5
Confidently,NEUT,1,0,1,0.0,Hurriedly (1),19.800000000745058,0.25783119423155926,0.025252525252525252,-0.059690412482396295,0.5,-0.6317469728938427,0.5,-0.610964665984017,0.5,-0.5360535932129546,0.5,-0.6824455579651577,0.5,-1.3760531298243175,0.0,1.4134694639630134,1.0
Diligently,CARE,1,0,1,0.0,Rapidly (1),30.600000001490116,0.30025240765682876,0.013071895424836602,1.0868567809228034,1.0,-0.7984870067640959,0.0,-0.8884249276877187,0.0,-0.8990840530170279,0.0,-0.6978574735195106,0.5,-1.406094866912163,0.0,1.0525772579193293,1.0
Earnestly,CARE,1,0,1,0.0,Quickly (1),5.799999997019768,0.3037249594177292,0.017241379310344827,-0.6906001907345644,0.5,1.3514710423830967,1.0,0.9864672844203894,1.0,0.7952292001915875,1.0,-0.4821628274139135,0.5,-0.7151152790249742,0.0,1.3379531860508005,1.0
Joyfully,NEUT,1,0,1,0.0,Quietly (1),14.300000000745058,0.33078963170118997,0.08391608391608392,1.252211866014832,1.0,-1.1586139141550582,0.0,-1.1158372208435612,0.0,-0.868374694277804,0.0,1.3693368295998123,1.0,-1.1273315472009169,0.0,-0.18762728148005356,0.5
quickly,FAST,1,0,1,0.0,Hurriedly (1),5.799999998882413,1.2680913187757457,0.43103448275862066,-0.4777174665440073,0.5,0.8160928098258573,1.0,0.7574932288318214,1.0,0.7179442926383754,1.0,1.3794533257246442,1.0,0.5070499461579354,0.5,-0.6514151956830732,0.5
Hastily,FAST,35,35,0,1.0,,11.549999998882413,0.37176108951821285,0.04521072796934866,-1.2227674423373505,0.014705882352941176,1.1093960200873452,0.9264705882352942,0.9933231537985617,0.8970588235294118,0.8928488629193256,0.8529411764705882,0.27893261657231533,0.6470588235294118,-0.3669540110170352,0.35294117647058826,0.40681992921539306,0.6617647058823529
Orderly,CARE,19,19,0,1.0,,19.40000000037253,0.3196575854380319,0.06479866660779725,0.21810393318997204,0.6111111111111112,-0.23596218251873577,0.4166666666666667,-0.23919380819568692,0.4444444444444444,-0.2660358271836493,0.4722222222222222,0.053816340153451284,0.5555555555555556,0.3288617734761363,0.625,-0.33402578300009733,0.3055555555555556
Briskly,FAST,13,13,0,1.0,,13.699999999254942,0.45861226029913593,0.0945945945945946,-0.895283506048582,0.11538461538461539,0.5616900455844959,0.6923076923076923,0.5140226051953,0.6538461538461539,0.4554229350990483,0.6538461538461539,0.1856165566611665,0.5769230769230769,-0.20536900650845552,0.38461538461538464,-0.17577509206781844,0.5
Casually,NEUT,11,11,0,1.0,,19.5,0.23233231321817205,0.06905370843989769,0.8441212138003962,0.8636363636363636,-0.9245942014164261,0.18181818181818182,-0.9381786387987862,0.045454545454545456,-0.8736425049039144,0.13636363636363635,-0.18968480984006986,0.4090909090909091,-0.10284977772846299,0.4090909090909091,-0.44955477898586316,0.2727272727272727
Unhurriedly,SLOW,11,11,0,1.0,,14.200000001117587,0.34519562104472357,0.13402061855670103,1.1373243051177113,0.9545454545454546,-0.552689522372607,0.22727272727272727,-0.6658546332400236,0.22727272727272727,-0.6664342923664438,0.22727272727272727,0.12061188331116371,0.5,0.6335727636700687,0.7727272727272727,-0.049799807211236474,0.45454545454545453
Impatiently,FAST,9,9,0,1.0,,12.5,0.2799846893109609,0.04318936877076412,-1.2692987962012732,0.0,1.0414150833066635,0.8888888888888888,1.0770296054191322,0.8888888888888888,1.06770335947529,0.8888888888888888,0.19096812408663955,0.6111111111111112,0.07494839036131988,0.5277777777777778,-0.16988786109134654,0.5
Naturally,NEUT,9,9,0,1.0,,18.699999999254942,0.32244827693567696,0.03879310344827586,0.0095608266193298,0.5,-0.2963066850097131,0.3888888888888889,-0.2838525117600221,0.3888888888888889,-0.29675748040706823,0.3888888888888889,-0.26083288191012105,0.3888888888888889,-0.11333033010035863,0.4444444444444444,-0.5464248087803834,0.2222222222222222
Neatly,CARE,9,9,0,1.0,,11.900000002235174,0.28700012132901914,0.07692307692307693,0.23796216190684583,0.6111111111111112,-0.2897763758773507,0.3888888888888889,-0.21718554182056582,0.5,-0.26257633454167467,0.5,-0.21586875752624782,0.4444444444444444,0.3582192492928973,0.6666666666666666,-0.1709839334502208,0.3888888888888889
Relaxedly,SLOW,7,7,0,1.0,,31.200000001117587,0.2306725942149365,0.05858585858585859,1.0067875926453578,0.8571428571428571,-0.82670329930931,0.14285714285714285,-0.8146997229544857,0.14285714285714285,-0.7881970182596196,0.14285714285714285,0.0852152037209519,0.5714285714285714,-0.12509153890651054,0.5357142857142857,-0.8951918716510063,0.2857142857142857
Softly,SLOW,6,6,0,1.0,,8.549999999813735,0.15360006441348342,0.0891173342786246,0.7042237782986264,0.8333333333333334,-0.5002167942138773,0.25,-0.5398512142934048,0.25,-0.5296247295021803,0.25,0.31776714306390935,0.5833333333333334,-0.21211095265308896,0.375,0.35554921984564375,0.6666666666666666
Cautiously,CARE,5,5,0,1.0,,18.5,0.3191687269218317,0.17575757575757575,1.0173272625659924,0.9,-1.156355058700383,0.0,-1.1375026032475366,0.0,-1.1034433541020918,0.0,-1.1294395332527276,0.0,0.15663938510709255,0.6,-0.17000469863483256,0.4
Thoroughly,CARE,5,5,0,1.0,,10.0,0.34270207648557127,0.010416666666666666,0.43107234061429694,0.6,0.08839415777906234,0.6,0.0036230078723197058,0.6,0.02844182417789707,0.6,0.1710883406797252,0.5,-0.26836146508896536,0.35,-0.6009720846516302,0.2
Restlessly,NERV,4,4,0,1.0,,7.5,0.35376723190103176,0.17517128540750587,-1.2718251896216974,0.0,0.9375587311777178,0.875,0.7711885677101487,0.875,0.7130033298555967,0.875,0.1126689948148866,0.625,0.07242835034029765,0.5,0.001436303844882636,0.5
Methodically,CARE,3,3,0,1.0,,16.300000000745058,0.1949789769143844,0.04990757855822551,0.2679138812331136,0.5,-0.5351863976208452,0.3333333333333333,-0.48722876666033293,0.5,-0.3024032483586701,0.5,-0.33524820578210507,0.3333333333333333,-0.12307243164516792,0.5,-0.23821286633961913,0.5
Absentmindedly,SLOW,2,2,0,1.0,,8.799999999813735,0.3358633467238028,0.03497615262321145,-0.8571266564526705,0.0,-1.3912982058037013,0.0,-1.3605340248412057,0.0,-1.3127918460917016,0.0,-0.1610426697777846,0.5,-1.322653316981491,0.0,0.13291664130819308,0.75
Deliberately,CARE,2,2,0,1.0,,23.15000000037253,0.18008136428863214,0.01301548796417242,1.3201271478206467,1.0,-1.0989996424945003,0.0,-1.0209674345691044,0.0,-0.9823279523722477,0.0,-0.5688549778596409,0.25,0.13137764466149293,0.5,0.35841327849894583,0.75
Hasitly,FAST,2,2,0,1.0,,5.75,0.6847003452092156,0.016129032258064516,-1.009524665905845,0.0,1.0843776318849732,1.0,1.0921533630678004,1.0,1.1305640563595298,1.0,0.20191518536437697,0.75,-0.2039978944374642,0.5,0.04727358004477111,0.5
Soothingly,SLOW,2,2,0,1.0,,35.15000000130385,0.20902959808240362,0.04901548146250412,0.99174872111892,1.0,-0.9580284601846005,0.25,-0.9544587227213861,0.25,-0.9522781099354447,0.25,-0.6546331476000097,0.25,-0.29276471041729824,0.5,0.014030563871438306,0.5
Tensly,NERV,2,2,0,1.0,,8.300000000745058,0.35260688764613773,0.0832758620689655,-0.9230493495746339,0.25,0.8772354711184656,0.75,0.8152157317475411,0.75,0.758467323843465,0.75,0.7811516226719549,0.75,0.0906793124398993,0.75,1.3361006844110275,1.0
Eagerly,FAST,1,1,0,1.0,,13.199999999254942,0.29791628949265664,0.05303030303030303,-1.0,0.0,1.0,1.0,1.0,1.0,1.0,1.0,0.9999999999999992,1.0,-1.0,0.0,1.0,1.0
Firmly,NEUT,1,1,0,1.0,,23.5,0.5437805196652319,0.03829787234042553,0.9106758276601975,1.0,-0.5939440649821897,0.5,-0.600972717780256,0.5,-0.6129805423011825,0.5,-1.4128856097378375,0.0,-0.39272770172496824,0.5,-0.7106630731862247,0.0
