label_a,label_b,symmetric_oof_errors,matched_sessions,feature,n_pairs,mean_a_minus_b_rank,median_a_minus_b_rank,sign_consistency,paired_standardised_mean,abs_mean_rank_delta
Carefully,Meticulously,4,3,sk_cad_pow,2,1.0,1.0,1.0,,1.0
Contently,Lazily,4,2,raw_low_motion_frac,2,1.0,1.0,1.0,,1.0
Carefully,Meticulously,4,3,sk_spec_cent,2,-0.75,-0.75,1.0,-2.1213203435596424,0.75
Carefully,Meticulously,4,3,raw_low_motion_frac,2,-0.75,-0.75,1.0,-2.1213203435596424,0.75
Contently,Lazily,4,2,sk_v_mean,2,0.75,0.75,1.0,2.1213203435596424,0.75
Contently,Lazily,4,2,sk_v_p90,2,0.75,0.75,1.0,2.1213203435596424,0.75
Contently,Lazily,4,2,sk_jerk_mean,2,0.75,0.75,1.0,2.1213203435596424,0.75
Contently,Lazily,4,2,sk_vwrist_mean,2,0.75,0.75,1.0,2.1213203435596424,0.75
Contently,Lazily,4,2,sk_vankle_mean,2,0.75,0.75,1.0,2.1213203435596424,0.75
Contently,Lazily,4,2,raw_ankle_speed_mean,2,0.75,0.75,1.0,2.1213203435596424,0.75
Contently,Lazily,4,2,raw_wrist_ankle_ratio,2,-0.75,-0.75,1.0,-2.1213203435596424,0.75
Rapidly,Steadily,4,10,sk_cad_pow,10,0.7,0.5,1.0,2.7110883423451915,0.7
Carefully,Meticulously,4,3,dino_cad_pow,3,0.6666666666666666,0.5,1.0,2.309401076758503,0.6666666666666666
Carefully,Meticulously,4,3,rad_v_p90,3,-0.5833333333333334,-0.75,0.6666666666666666,-1.12089707663561,0.5833333333333334
Rapidly,Steadily,4,10,duration_s,10,-0.55,-0.5,0.9,-1.256288529584354,0.55
Rapidly,Steadily,4,10,raw_duration_s,10,-0.55,-0.5,0.9,-1.256288529584354,0.55
Carefully,Meticulously,4,3,duration_s,2,0.5,0.5,1.0,,0.5
Carefully,Meticulously,4,3,sk_v_mean,2,-0.5,-0.5,1.0,,0.5
Carefully,Meticulously,4,3,sk_v_p90,2,-0.5,-0.5,1.0,,0.5
Rapidly,Steadily,4,10,dino_path,10,-0.5,-0.5,0.9,-1.224744871391589,0.5
Rapidly,Steadily,4,10,imu_dacc_mean,10,0.45,0.5,0.8,0.8178064193007666,0.45
Rapidly,Steadily,4,10,dino_v_mean,10,0.45,0.5,0.8,0.8178064193007666,0.45
Rapidly,Steadily,4,10,raw_speed_p90,10,0.45,0.5,0.8,0.6567807448042018,0.45
Rapidly,Steadily,4,10,raw_wrist_speed_mean,10,0.45,0.5,0.8,0.8178064193007666,0.45
Carefully,Peacefully,2,2,raw_speed_cv,2,1.0,1.0,1.0,,1.0
Confidently,Hurriedly,2,1,sk_v_p90,1,-1.0,-1.0,1.0,,1.0
Confidently,Hurriedly,2,1,sk_vmax_mean,1,-1.0,-1.0,1.0,,1.0
Confidently,Hurriedly,2,1,sk_vwrist_mean,1,-1.0,-1.0,1.0,,1.0
Confidently,Hurriedly,2,1,sk_cad_pow,1,-1.0,-1.0,1.0,,1.0
Confidently,Hurriedly,2,1,imu_acc_std,1,-1.0,-1.0,1.0,,1.0
Confidently,Hurriedly,2,1,imu_dacc_mean,1,-1.0,-1.0,1.0,,1.0
Confidently,Hurriedly,2,1,imu_acc_energy,1,-1.0,-1.0,1.0,,1.0
Confidently,Hurriedly,2,1,rad_v_mean,1,-1.0,-1.0,1.0,,1.0
Diligently,Rapidly,2,1,duration_s,1,1.0,1.0,1.0,,1.0
Diligently,Rapidly,2,1,sk_v_p90,1,-1.0,-1.0,1.0,,1.0
Diligently,Rapidly,2,1,sk_a_mean,1,-1.0,-1.0,1.0,,1.0
Diligently,Rapidly,2,1,sk_jerk_mean,1,-1.0,-1.0,1.0,,1.0
Diligently,Rapidly,2,1,sk_cad_hz,1,-1.0,-1.0,1.0,,1.0
Diligently,Rapidly,2,1,sk_spec_cent,1,-1.0,-1.0,1.0,,1.0
Diligently,Rapidly,2,1,sk_v_iqr,1,-1.0,-1.0,1.0,,1.0
Diligently,Rapidly,2,1,imu_acc_std,1,-1.0,-1.0,1.0,,1.0
Earnestly,Quickly,2,1,dino_v_mean,1,1.0,1.0,1.0,,1.0
Earnestly,Quickly,2,1,dino_v_p90,1,1.0,1.0,1.0,,1.0
Earnestly,Quickly,2,1,dino_cos_mean,1,-1.0,-1.0,1.0,,1.0
Earnestly,Quickly,2,1,dino_v_iqr,1,1.0,1.0,1.0,,1.0
Earnestly,Quickly,2,1,dino_cad_hz,1,-1.0,-1.0,1.0,,1.0
Earnestly,Quickly,2,1,dino_spec_cent,1,-1.0,-1.0,1.0,,1.0
Earnestly,Quickly,2,1,raw_wrist_ankle_ratio,1,1.0,1.0,1.0,,1.0
Earnestly,Quickly,2,1,raw_hip_speed_mean,1,1.0,1.0,1.0,,1.0
Evenly,Tensely,2,1,sk_cad_pow,1,1.0,1.0,1.0,,1.0
Evenly,Tensely,2,1,sk_spec_cent,1,-1.0,-1.0,1.0,,1.0
Evenly,Tensely,2,1,dino_v_p90,1,1.0,1.0,1.0,,1.0
Evenly,Tensely,2,1,raw_ankle_speed_mean,1,-1.0,-1.0,1.0,,1.0
Evenly,Tensely,2,1,raw_hip_efficiency,1,1.0,1.0,1.0,,1.0
Frantically,Smoothly,2,1,sk_cad_pow,1,1.0,1.0,1.0,,1.0
Frantically,Smoothly,2,1,imu_acc_std,1,1.0,1.0,1.0,,1.0
Frantically,Smoothly,2,1,imu_dacc_mean,1,1.0,1.0,1.0,,1.0
Frantically,Smoothly,2,1,imu_acc_energy,1,1.0,1.0,1.0,,1.0
Frantically,Smoothly,2,1,imu_gyr_mean,1,1.0,1.0,1.0,,1.0
Frantically,Smoothly,2,1,imu_gyr_energy,1,1.0,1.0,1.0,,1.0
Frantically,Smoothly,2,1,dino_v_mean,1,1.0,1.0,1.0,,1.0
Frantically,Smoothly,2,1,dino_v_p90,1,1.0,1.0,1.0,,1.0
Hurriedly,Swiftly,2,1,sk_cad_hz,1,-1.0,-1.0,1.0,,1.0
Hurriedly,Swiftly,2,1,dino_v_p90,1,-1.0,-1.0,1.0,,1.0
Hurriedly,Swiftly,2,1,dino_spec_cent,1,1.0,1.0,1.0,,1.0
Hurriedly,Swiftly,2,1,raw_speed_cv,1,1.0,1.0,1.0,,1.0
Hurriedly,Swiftly,2,1,raw_wrist_ankle_ratio,1,1.0,1.0,1.0,,1.0
Hurriedly,Swiftly,2,1,raw_pose_amplitude,1,-1.0,-1.0,1.0,,1.0
Hurriedly,Swiftly,2,1,raw_cad_hz,1,1.0,1.0,1.0,,1.0
Hurriedly,Swiftly,2,1,raw_cad_peak_frac,1,-1.0,-1.0,1.0,,1.0
Hurriedly,quickly,2,1,sk_hip_path,1,-1.0,-1.0,1.0,,1.0
Hurriedly,quickly,2,1,sk_spec_cent,1,1.0,1.0,1.0,,1.0
Hurriedly,quickly,2,1,dino_spec_cent,1,-1.0,-1.0,1.0,,1.0
Hurriedly,quickly,2,1,raw_wrist_ankle_ratio,1,-1.0,-1.0,1.0,,1.0
Hurriedly,quickly,2,1,raw_hip_path,1,-1.0,-1.0,1.0,,1.0
Hurriedly,quickly,2,1,raw_hip_efficiency,1,1.0,1.0,1.0,,1.0
Hurriedly,quickly,2,1,raw_pose_amplitude,1,-1.0,-1.0,1.0,,1.0
Intently,Slowly,2,1,sk_hip_path,1,-1.0,-1.0,1.0,,1.0
Intently,Slowly,2,1,dino_acc_mean,1,1.0,1.0,1.0,,1.0
Intently,Slowly,2,1,dino_spec_cent,1,1.0,1.0,1.0,,1.0
Intently,Slowly,2,1,raw_wrist_ankle_ratio,1,-1.0,-1.0,1.0,,1.0
Intently,Slowly,2,1,raw_hip_path,1,-1.0,-1.0,1.0,,1.0
Intently,Slowly,2,1,raw_low_motion_frac,1,-1.0,-1.0,1.0,,1.0
Intently,Slowly,2,1,raw_longest_low_motion_s,1,-1.0,-1.0,1.0,,1.0
Lightly,Steadily,2,2,raw_speed_cv,2,1.0,1.0,1.0,,1.0
Nervously,Steadily,2,2,dino_spec_cent,2,-1.0,-1.0,1.0,,1.0
Patiently,Slowly,2,1,sk_v_p90,1,1.0,1.0,1.0,,1.0
Patiently,Slowly,2,1,sk_vwrist_mean,1,1.0,1.0,1.0,,1.0
Patiently,Slowly,2,1,sk_cad_pow,1,1.0,1.0,1.0,,1.0
Patiently,Slowly,2,1,sk_spec_cent,1,-1.0,-1.0,1.0,,1.0
Patiently,Slowly,2,1,raw_speed_p90,1,1.0,1.0,1.0,,1.0
Patiently,Slowly,2,1,raw_wrist_ankle_ratio,1,1.0,1.0,1.0,,1.0
Anxiously,Leisurely,2,8,duration_s,8,-0.9375,-1.0,1.0,-5.303300858899106,0.9375
Anxiously,Leisurely,2,8,raw_duration_s,8,-0.9375,-1.0,1.0,-5.303300858899106,0.9375
Anxiously,Leisurely,2,8,imu_gyr_mean,8,0.875,1.0,1.0,3.780432074071252,0.875
Anxiously,Leisurely,2,8,dino_path,8,-0.8125,-1.0,1.0,-3.139798295007712,0.8125
Anxiously,Leisurely,2,8,sk_v_iqr,8,0.75,0.75,1.0,2.806243040080456,0.75
Anxiously,Leisurely,2,8,imu_acc_std,8,0.75,0.75,1.0,2.806243040080456,0.75
Anxiously,Leisurely,2,8,imu_dacc_mean,8,0.75,0.75,1.0,2.806243040080456,0.75
Anxiously,Leisurely,2,8,imu_acc_energy,8,0.75,0.75,1.0,2.806243040080456,0.75
Calmly,Gracefully,2,2,sk_cad_hz,2,0.75,0.75,1.0,2.1213203435596424,0.75
Calmly,Gracefully,2,2,dino_v_mean,2,-0.75,-0.75,1.0,-2.1213203435596424,0.75
Calmly,Gracefully,2,2,dino_v_iqr,2,-0.75,-0.75,1.0,-2.1213203435596424,0.75
Calmly,Gracefully,2,2,raw_acc_mean,2,0.75,0.75,1.0,2.1213203435596424,0.75
Calmly,Gracefully,2,2,raw_hip_speed_mean,2,0.75,0.75,1.0,2.1213203435596424,0.75
Carefully,Peacefully,2,2,sk_vwrist_mean,2,0.75,0.75,1.0,2.1213203435596424,0.75
Carefully,Peacefully,2,2,sk_hip_path,2,0.75,0.75,1.0,2.1213203435596424,0.75
Carefully,Peacefully,2,2,raw_wrist_speed_mean,2,0.75,0.75,1.0,2.1213203435596424,0.75
Carefully,Peacefully,2,2,raw_hip_path,2,0.75,0.75,1.0,2.1213203435596424,0.75
Carefully,Peacefully,2,2,raw_hip_efficiency,2,-0.75,-0.75,1.0,-2.1213203435596424,0.75
Evenly,Slowly,2,4,sk_a_mean,4,-0.75,-0.75,1.0,-2.598076211353316,0.75
Evenly,Slowly,2,4,raw_pose_amplitude,4,-0.75,-0.75,1.0,-2.598076211353316,0.75
Forcefully,Steadily,2,2,imu_gyr_mean,2,-0.75,-0.75,1.0,-2.1213203435596424,0.75
Forcefully,Steadily,2,2,rad_v_mean,2,0.75,0.75,1.0,2.1213203435596424,0.75
Forcefully,Steadily,2,2,dino_acc_mean,2,-0.75,-0.75,1.0,-2.1213203435596424,0.75
Forcefully,Steadily,2,2,dino_spec_cent,2,-0.75,-0.75,1.0,-2.1213203435596424,0.75
Forcefully,Steadily,2,2,raw_jerk_mean,2,-0.75,-0.75,1.0,-2.1213203435596424,0.75
Forcefully,Steadily,2,2,raw_wrist_ankle_ratio,2,0.75,0.75,1.0,2.1213203435596424,0.75
Forcefully,Steadily,2,2,raw_low_motion_frac,2,0.75,0.75,1.0,2.1213203435596424,0.75
Forcefully,Steadily,2,2,raw_longest_low_motion_s,2,0.75,0.75,1.0,2.1213203435596424,0.75
Intently,Slowly,2,1,rad_v_p90,1,-0.75,-0.75,1.0,,0.75
Lightly,Steadily,2,2,sk_v_mean,2,-0.75,-0.75,1.0,-2.1213203435596424,0.75
Lightly,Steadily,2,2,sk_v_p90,2,-0.75,-0.75,1.0,-2.1213203435596424,0.75
Lightly,Steadily,2,2,sk_a_mean,2,-0.75,-0.75,1.0,-2.1213203435596424,0.75
Lightly,Steadily,2,2,sk_jerk_mean,2,-0.75,-0.75,1.0,-2.1213203435596424,0.75
Lightly,Steadily,2,2,sk_vwrist_mean,2,-0.75,-0.75,1.0,-2.1213203435596424,0.75
Lightly,Steadily,2,2,sk_hip_path,2,-0.75,-0.75,1.0,-2.1213203435596424,0.75
Lightly,Steadily,2,2,sk_cad_hz,2,-0.75,-0.75,1.0,-2.1213203435596424,0.75
Nervously,Steadily,2,2,sk_cad_pow,2,0.75,0.75,1.0,2.1213203435596424,0.75
Nervously,Steadily,2,2,raw_hip_efficiency,2,-0.75,-0.75,1.0,-2.1213203435596424,0.75
Nervously,Steadily,2,2,raw_low_motion_frac,2,0.75,0.75,1.0,2.1213203435596424,0.75
Anxiously,Calmly,2,18,imu_acc_std,17,0.6470588235294118,0.5,1.0,2.7553868807746578,0.6470588235294118
Anxiously,Calmly,2,18,imu_dacc_mean,17,0.6470588235294118,0.5,1.0,2.7553868807746578,0.6470588235294118
Anxiously,Calmly,2,18,imu_acc_energy,17,0.6470588235294118,0.5,1.0,2.7553868807746578,0.6470588235294118
Anxiously,Calmly,2,18,imu_gyr_mean,17,0.6470588235294118,0.5,1.0,2.7553868807746578,0.6470588235294118
Anxiously,Calmly,2,18,imu_gyr_energy,17,0.6470588235294118,0.5,1.0,2.7553868807746578,0.6470588235294118
Anxiously,Calmly,2,18,dino_cos_mean,18,-0.6388888888888888,-0.5,0.9444444444444444,-1.699389742746521,0.6388888888888888
Evenly,Slowly,2,4,sk_v_mean,4,-0.625,-0.5,1.0,-2.5,0.625
Evenly,Slowly,2,4,sk_vmax_mean,4,-0.625,-0.5,1.0,-2.5,0.625
Evenly,Slowly,2,4,sk_jerk_mean,4,-0.625,-0.5,1.0,-2.5,0.625
Evenly,Slowly,2,4,imu_gyr_energy,4,0.625,0.5,1.0,2.5,0.625
Evenly,Slowly,2,4,dino_v_mean,4,0.625,0.5,1.0,2.5,0.625
Evenly,Slowly,2,4,raw_wrist_ankle_ratio,4,-0.625,-0.5,1.0,-2.5,0.625
Anxiously,Calmly,2,18,dino_v_mean,18,0.5833333333333334,0.5,0.9444444444444444,1.6499158227686108,0.5833333333333334
Anxiously,Calmly,2,18,dino_straight,18,0.5833333333333334,0.5,0.8888888888888888,1.2632440146753225,0.5833333333333334
Calmly,Carefully,2,4,dino_v_p90,4,0.5,0.75,0.75,0.7071067811865475,0.5
Calmly,Carefully,2,4,raw_speed_cv,4,0.5,0.75,0.75,0.7071067811865475,0.5
Calmly,Carefully,2,4,raw_ankle_speed_mean,4,0.5,0.5,1.0,,0.5
Calmly,Gracefully,2,2,duration_s,2,-0.5,-0.5,1.0,,0.5
Calmly,Gracefully,2,2,sk_jerk_mean,2,0.5,0.5,1.0,,0.5
Calmly,Gracefully,2,2,sk_v_iqr,2,0.5,0.5,1.0,,0.5
Carefully,Peacefully,2,2,sk_v_mean,2,0.5,0.5,1.0,,0.5
Carefully,Peacefully,2,2,sk_v_p90,2,0.5,0.5,1.0,,0.5
Evenly,Tensely,2,1,duration_s,1,0.5,0.5,1.0,,0.5
Evenly,Tensely,2,1,sk_v_mean,1,0.5,0.5,1.0,,0.5
Evenly,Tensely,2,1,sk_v_p90,1,0.5,0.5,1.0,,0.5
Hurriedly,quickly,2,1,duration_s,1,-0.5,-0.5,1.0,,0.5
Nervously,Steadily,2,2,raw_speed_cv,2,0.5,0.5,1.0,,0.5
Nervously,Steadily,2,2,raw_longest_low_motion_s,2,0.5,0.5,1.0,,0.5
Nervously,Steadily,2,2,raw_cad_hz,2,0.5,0.5,1.0,,0.5
Patiently,Slowly,2,1,duration_s,1,-0.5,-0.5,1.0,,0.5
Patiently,Slowly,2,1,sk_v_mean,1,0.5,0.5,1.0,,0.5
Calmly,Slowly,2,12,duration_s,12,-0.4583333333333333,-0.5,0.9166666666666666,-1.371110317525493,0.4583333333333333
Calmly,Slowly,2,12,dino_path,12,-0.4583333333333333,-0.5,0.9166666666666666,-1.371110317525493,0.4583333333333333
Calmly,Slowly,2,12,raw_duration_s,12,-0.4583333333333333,-0.5,0.9166666666666666,-1.371110317525493,0.4583333333333333
Calmly,Slowly,2,12,imu_acc_std,12,0.4166666666666667,0.5,0.9166666666666666,1.4433756729740645,0.4166666666666667
Calmly,Slowly,2,12,imu_dacc_mean,12,0.4166666666666667,0.5,0.9166666666666666,1.4433756729740645,0.4166666666666667
Calmly,Slowly,2,12,imu_acc_energy,12,0.4166666666666667,0.5,0.9166666666666666,1.4433756729740645,0.4166666666666667
Calmly,Slowly,2,12,imu_gyr_mean,12,0.4166666666666667,0.5,0.9166666666666666,1.4433756729740645,0.4166666666666667
Calmly,Slowly,2,12,imu_gyr_energy,12,0.4166666666666667,0.5,0.9166666666666666,1.4433756729740645,0.4166666666666667
Calmly,Leisurely,2,16,sk_hip_path,16,-0.40625,-0.5,0.8125,-0.8281766860861415,0.40625
Calmly,Leisurely,2,16,dino_path,16,-0.40625,-0.5,0.875,-1.0833333333333333,0.40625
Calmly,Leisurely,2,16,dino_cad_pow,16,0.40625,0.5,0.8125,0.8281766860861415,0.40625
Calmly,Leisurely,2,16,raw_hip_path,16,-0.40625,-0.5,0.8125,-0.8281766860861415,0.40625
Leisurely,Steadily,2,14,dino_straight,14,-0.39285714285714285,-0.5,0.7857142857142857,-0.7476568467440781,0.39285714285714285
Attentively,Leisurely,2,4,sk_hip_path,4,0.375,0.5,0.75,0.5960395606792698,0.375
Attentively,Leisurely,2,4,raw_hip_path,4,0.375,0.5,0.75,0.5960395606792698,0.375
Attentively,Leisurely,2,4,raw_pose_amplitude,4,0.375,0.75,0.75,0.3962029078465307,0.375
Calmly,Carefully,2,4,sk_jerk_mean,4,0.375,0.5,0.75,0.5960395606792698,0.375
Calmly,Carefully,2,4,imu_acc_std,4,0.375,0.5,0.75,0.5960395606792698,0.375
Calmly,Carefully,2,4,imu_acc_energy,4,0.375,0.5,0.75,0.5960395606792698,0.375
Calmly,Carefully,2,4,rad_v_mean,4,0.375,0.5,0.75,0.5960395606792698,0.375
Calmly,Carefully,2,4,dino_v_mean,4,0.375,0.5,0.75,0.5960395606792698,0.375
Calmly,Leisurely,2,16,duration_s,16,-0.375,-0.5,0.875,-1.0978875820671,0.375
Calmly,Leisurely,2,16,raw_duration_s,16,-0.375,-0.5,0.875,-1.0978875820671,0.375
Nervously,Steadily,2,2,rad_v_p90,2,-0.375,-0.375,0.5,-0.7071067811865476,0.375
Leisurely,Steadily,2,14,dino_path,14,0.35714285714285715,0.5,0.7857142857142857,0.7182430061427789,0.35714285714285715
Leisurely,Steadily,2,14,duration_s,14,0.32142857142857145,0.5,0.7857142857142857,0.6921501885649404,0.32142857142857145
Leisurely,Steadily,2,14,sk_hip_path,14,0.32142857142857145,0.5,0.7142857142857143,0.42883331153419413,0.32142857142857145
Leisurely,Steadily,2,14,raw_duration_s,14,0.32142857142857145,0.5,0.7857142857142857,0.6921501885649404,0.32142857142857145
Leisurely,Steadily,2,14,raw_hip_path,14,0.32142857142857145,0.5,0.7142857142857143,0.42883331153419413,0.32142857142857145
Calmly,Leisurely,2,16,rad_v_mean,16,0.3125,0.5,0.75,0.5190342490858748,0.3125
Leisurely,Steadily,2,14,imu_gyr_energy,13,-0.3076923076923077,-0.5,0.7692307692307693,-0.6405126152203486,0.3076923076923077
Leisurely,Steadily,2,14,sk_v_iqr,14,-0.2857142857142857,-0.5,0.7142857142857143,-0.5245305283129621,0.2857142857142857
Attentively,Leisurely,2,4,duration_s,4,0.25,0.5,0.75,0.5,0.25
Attentively,Leisurely,2,4,sk_vmax_mean,4,0.25,0.5,0.75,0.2886751345948129,0.25
Attentively,Leisurely,2,4,sk_jerk_mean,4,-0.25,-0.25,0.5,-0.2886751345948129,0.25
Attentively,Leisurely,2,4,sk_v_iqr,4,0.25,0.5,0.75,0.2886751345948129,0.25
Attentively,Leisurely,2,4,imu_gyr_mean,4,-0.25,-0.5,0.75,-0.5,0.25
Calmly,Leisurely,2,16,sk_cad_pow,16,0.25,0.5,0.6875,0.3952847075210474,0.25
Carefully,Gently,1,1,rad_v_mean,1,1.0,1.0,1.0,,1.0
Carefully,Gently,1,1,dino_cad_hz,1,1.0,1.0,1.0,,1.0
Carefully,Gently,1,1,raw_hip_efficiency,1,1.0,1.0,1.0,,1.0
Carefully,Hurriedly,1,6,imu_dacc_mean,5,-1.0,-1.0,1.0,,1.0
Carefully,Hurriedly,1,6,imu_gyr_mean,5,-1.0,-1.0,1.0,,1.0
Carefully,Hurriedly,1,6,dino_path,6,1.0,1.0,1.0,,1.0
Carefully,Hurriedly,1,6,dino_straight,6,-1.0,-1.0,1.0,,1.0
Carefully,Rapidly,1,3,raw_pose_amplitude,3,-1.0,-1.0,1.0,,1.0
Carefully,Slowly,1,2,imu_acc_std,1,1.0,1.0,1.0,,1.0
Carefully,Slowly,1,2,imu_dacc_mean,1,-1.0,-1.0,1.0,,1.0
Carefully,Slowly,1,2,imu_acc_energy,1,1.0,1.0,1.0,,1.0
Carefully,Slowly,1,2,imu_gyr_mean,1,-1.0,-1.0,1.0,,1.0
Carefully,Slowly,1,2,imu_gyr_energy,1,-1.0,-1.0,1.0,,1.0
Carefully,Slowly,1,2,dino_v_mean,2,-1.0,-1.0,1.0,,1.0
Carefully,Slowly,1,2,dino_cos_mean,2,1.0,1.0,1.0,,1.0
Carefully,Slowly,1,2,raw_wrist_ankle_ratio,2,-1.0,-1.0,1.0,,1.0
Evenly,Gently,1,1,sk_vmax_mean,1,-1.0,-1.0,1.0,,1.0
Evenly,Gently,1,1,sk_cad_hz,1,-1.0,-1.0,1.0,,1.0
Evenly,Gently,1,1,imu_acc_std,1,1.0,1.0,1.0,,1.0
Evenly,Gently,1,1,imu_dacc_mean,1,1.0,1.0,1.0,,1.0
Evenly,Gently,1,1,imu_acc_energy,1,1.0,1.0,1.0,,1.0
Evenly,Gently,1,1,imu_gyr_mean,1,1.0,1.0,1.0,,1.0
Evenly,Gently,1,1,imu_gyr_energy,1,1.0,1.0,1.0,,1.0
Evenly,Gently,1,1,rad_v_mean,1,1.0,1.0,1.0,,1.0
Carefully,Hurriedly,1,6,duration_s,5,0.9,1.0,1.0,4.024922359499621,0.9
Carefully,Hurriedly,1,6,imu_gyr_energy,5,-0.9,-1.0,1.0,-4.024922359499621,0.9
Carefully,Hurriedly,1,6,raw_duration_s,5,0.9,1.0,1.0,4.024922359499621,0.9
Carefully,Hurriedly,1,6,dino_cos_mean,6,0.8333333333333334,1.0,1.0,3.2274861218395148,0.8333333333333334
Carefully,Rapidly,1,3,dino_v_p90,3,-0.8333333333333334,-1.0,1.0,-2.886751345948129,0.8333333333333334
Carefully,Rapidly,1,3,dino_straight,3,-0.8333333333333334,-1.0,1.0,-2.886751345948129,0.8333333333333334
Carefully,Rapidly,1,3,duration_s,3,0.6666666666666666,0.5,1.0,2.309401076758503,0.6666666666666666
Carefully,Rapidly,1,3,sk_v_mean,3,-0.6666666666666666,-0.5,1.0,-2.309401076758503,0.6666666666666666
Carefully,Rapidly,1,3,sk_vmax_mean,3,-0.6666666666666666,-0.5,1.0,-2.309401076758503,0.6666666666666666
Carefully,Rapidly,1,3,sk_vankle_mean,3,-0.6666666666666666,-0.5,1.0,-2.309401076758503,0.6666666666666666
Carefully,Rapidly,1,3,sk_cad_pow,3,-0.6666666666666666,-0.5,1.0,-2.309401076758503,0.6666666666666666
Carefully,Gently,1,1,duration_s,1,-0.5,-0.5,1.0,,0.5
Carefully,Gently,1,1,sk_v_mean,1,0.5,0.5,1.0,,0.5
Carefully,Gently,1,1,sk_v_p90,1,0.5,0.5,1.0,,0.5
Carefully,Gently,1,1,sk_vmax_mean,1,0.5,0.5,1.0,,0.5
Carefully,Gently,1,1,sk_a_mean,1,0.5,0.5,1.0,,0.5
