fold,user,truth,clock,gbm,clock_margin,gap,lrat,adj_truth,adj_clock,adj_gbm
0,user17,"(0, 1)","(0, 1)","(1, 2)",0.3199761458289887,99.29999999701977,0.5012561727498399,True,True,True
0,user17,"(0, 2)","(0, 2)","(0, 1)",0.7193671980604971,179.29999999701977,0.5668534552356532,False,False,True
0,user17,"(1, 2)","(0, 1)","(1, 2)",0.22955615307433752,80.0,0.06559728248581327,True,True,True
0,user17,"(0, 1)","(0, 2)","(0, 2)",0.7245787435316573,138.09999999776483,0.736397164353762,True,False,False
0,user17,"(0, 2)","(0, 2)","(0, 2)",0.9471735913710916,233.80000000074506,0.5232481437645479,False,False,False
0,user17,"(1, 2)","(1, 2)","(1, 2)",0.43761495996139654,95.70000000298023,-0.2131490205892141,True,True,True
0,user17,"(0, 1)","(0, 1)","(0, 1)",0.4521746317896118,92.10000000149012,0.3014065548773467,True,True,True
0,user17,"(0, 2)","(0, 2)","(0, 2)",0.15414321473236958,167.19999999925494,0.41292782930975397,False,False,False
0,user17,"(1, 2)","(0, 1)","(0, 1)",0.2742788767557949,75.09999999776483,0.11152127443240721,True,True,True
0,user17,"(0, 1)","(0, 1)","(0, 1)",0.2461648736531845,132.10000000149012,0.018868484304382736,True,True,True
0,user17,"(0, 2)","(0, 2)","(0, 2)",1.425961837290337,232.80000000074506,0.7088460901030491,False,False,False
0,user17,"(1, 2)","(0, 2)","(1, 2)",0.12260049331041534,100.69999999925494,0.6899776057986663,True,False,True
0,user17,"(0, 1)","(0, 1)","(0, 1)",0.5068889636008289,126.10000000149012,0.2886214806937166,True,True,True
0,user17,"(0, 2)","(0, 2)","(0, 2)",1.6124735991048342,271.4000000022352,0.7783675886686534,False,False,False
0,user17,"(1, 2)","(0, 2)","(0, 1)",0.1634316161825472,145.30000000074506,0.4897461079749367,True,False,True
0,user17,"(0, 1)","(0, 1)","(0, 1)",0.4396634185903726,95.69999999925494,0.21484474849951474,True,True,True
0,user17,"(0, 2)","(0, 1)","(0, 2)",0.13963407639387881,176.0,0.27443684570176036,False,True,False
0,user17,"(1, 2)","(0, 1)","(1, 2)",0.2210356482627951,80.30000000074506,0.0595920972022456,True,True,True
0,user17,"(0, 1)","(0, 1)","(1, 2)",0.4160348084241491,85.89999999850988,0.22314355131420976,True,True,True
0,user17,"(0, 2)","(0, 1)","(0, 2)",0.1424261015184265,160.0,0.32850406697203605,False,True,False
0,user17,"(1, 2)","(0, 1)","(1, 2)",0.2615217719917795,74.10000000149012,0.10536051565782635,True,True,True
0,user17,"(0, 1)","(0, 1)","(0, 1)",0.5049652905048432,145.69999999925494,0.23849182826100926,True,True,True
0,user17,"(0, 2)","(0, 2)","(0, 2)",0.9032689175496252,261.5,0.46163537957521894,False,False,False
0,user17,"(1, 2)","(0, 1)","(0, 1)",0.4793750896139306,115.80000000074506,0.22314355131420976,True,True,True
0,user17,"(0, 1)","(0, 1)","(0, 1)",0.2598438331083338,128.69999999925494,0.4112960284189576,True,True,True
0,user17,"(0, 2)","(0, 2)","(0, 2)",1.3472150005788701,210.89999999850988,0.7907856501238614,False,False,False
0,user17,"(1, 2)","(0, 1)","(1, 2)",0.3951340014886786,82.19999999925494,0.3794896217049037,True,True,True
0,user17,"(0, 1)","(0, 2)","(0, 2)",0.5890124753504203,444.9000000022352,0.1112256351102244,True,False,False
0,user17,"(0, 2)","(0, 2)","(0, 2)",1.3133096108340474,532.6000000014901,0.34705434595174994,False,False,False
0,user17,"(1, 2)","(0, 1)","(1, 2)",0.4275848699926791,87.69999999925494,0.23582871084152549,True,True,True
0,user17,"(0, 1)","(0, 1)","(0, 1)",0.39707145058621196,113.19999999925494,0.127833371509885,True,True,True
0,user17,"(0, 2)","(0, 2)","(0, 2)",0.9283875684636013,196.30000000074506,0.5917946862996578,False,False,False
0,user17,"(1, 2)","(0, 1)","(1, 2)",0.3231292080230864,83.10000000149012,0.4639613147897729,True,True,True
0,user17,"(0, 1)","(0, 1)","(1, 2)",0.40540600628681134,79.10000000149012,0.2648162477147777,True,True,True
0,user17,"(0, 2)","(0, 2)","(0, 2)",0.48272854712576185,181.69999999925494,0.4839783737298027,False,False,False
0,user17,"(1, 2)","(0, 1)","(1, 2)",0.45697774614670805,102.59999999776483,0.2191621260150248,True,True,True
0,user17,"(0, 1)","(0, 1)","(0, 1)",0.19750310800977666,90.69999999925494,0.5621189181535412,True,True,True
0,user17,"(0, 2)","(0, 2)","(0, 2)",1.2930078971290087,300.0999999977648,0.5361434317502806,False,False,False
0,user17,"(1, 2)","(0, 1)","(1, 2)",0.13443605452624952,209.39999999850988,-0.025975486403260677,True,True,True
0,user17,"(0, 1)","(0, 1)","(1, 2)",0.40032558107396954,77.19999999925494,0.29298712468147414,True,True,True
0,user17,"(0, 2)","(0, 2)","(0, 2)",0.8218864649533324,144.39999999850988,0.8289487217190071,False,False,False
0,user17,"(1, 2)","(0, 1)","(1, 2)",0.14430331401460317,67.19999999925494,0.5359615970375329,True,True,True
0,user17,"(0, 1)","(0, 1)","(1, 2)",0.42680534738310494,89.70000000298023,0.22089383158019424,True,True,True
0,user17,"(0, 2)","(0, 2)","(1, 2)",0.08754941237796743,166.30000000074506,0.3920420877760237,False,False,True
0,user17,"(1, 2)","(0, 1)","(1, 2)",0.34481821156566905,76.59999999776483,0.17114825619582946,True,True,True
0,user17,"(0, 1)","(0, 2)","(0, 2)",0.5798390397917541,316.79999999701977,0.2585739882937103,True,False,False
0,user17,"(0, 2)","(0, 2)","(0, 2)",1.7935263746702517,495.0999999977648,0.5517355265101168,False,False,False
0,user17,"(1, 2)","(0, 1)","(1, 2)",0.0733738981497537,178.30000000074506,0.29316153821640645,True,True,True
0,user22,"(0, 1)","(0, 2)","(0, 2)",1.4050418653038608,221.19999999925494,0.7997569156182036,True,False,False
0,user22,"(0, 2)","(0, 2)","(0, 2)",1.2499625389916287,892.2999999970198,0.2839437503411738,False,False,False
0,user22,"(1, 2)","(1, 2)","(1, 2)",2.2726828820427265,671.0999999977648,-0.5158131652770298,True,True,True
0,user22,"(0, 1)","(0, 1)","(0, 1)",0.4698400452116328,121.19999999925494,0.19703889932048282,True,True,True
0,user22,"(0, 2)","(0, 2)","(0, 2)",1.6847873749429787,293.80000000074506,0.7854392494213647,False,False,False
0,user22,"(1, 2)","(0, 2)","(1, 2)",0.7328831074326108,172.60000000149012,0.588400350100882,True,False,True
0,user22,"(0, 1)","(1, 2)","(0, 1)",0.07652705266319815,111.10000000149012,-0.10880285984879906,True,True,True
0,user22,"(0, 2)","(0, 2)","(0, 2)",1.1443322326218102,202.30000000074506,0.6445394814945685,False,False,False
0,user22,"(1, 2)","(1, 2)","(1, 2)",0.04453865892718911,91.19999999925494,0.7533423413433676,True,True,True
0,user22,"(0, 1)","(0, 1)","(0, 1)",0.3739845814682278,77.60000000149012,0.20448312859680712,True,True,True
0,user22,"(0, 2)","(0, 2)","(0, 2)",0.20472284972461263,144.5,0.50626980723013,False,False,False
0,user22,"(1, 2)","(0, 1)","(1, 2)",0.34662425893462534,66.89999999850988,0.3017866786333229,True,True,True
0,user22,"(0, 1)","(0, 1)","(0, 1)",0.3541546700908943,102.19999999925494,0.4807481685287128,True,True,True
0,user22,"(0, 2)","(0, 2)","(0, 2)",0.9992123141890297,167.40000000223517,0.9833770250905249,False,False,False
0,user22,"(1, 2)","(0, 1)","(1, 2)",0.18424243887663183,65.20000000298023,0.5026288565618122,True,True,True
0,user22,"(0, 1)","(0, 1)","(0, 1)",0.04222065430523991,83.60000000149012,-0.037139546949456766,True,True,True
0,user22,"(0, 2)","(0, 1)","(0, 1)",0.09581125873882612,159.60000000149012,-0.05264373348542203,False,True,True
0,user22,"(1, 2)","(0, 1)","(0, 1)",0.059933554499738695,76.0,-0.015504186535965199,True,True,True
0,user22,"(0, 1)","(0, 1)","(0, 1)",0.28144472729883996,62.600000001490116,0.19105523676270922,True,True,True
0,user22,"(0, 2)","(0, 2)","(0, 2)",0.6233381824461948,136.69999999925494,1.0560526742493137,False,False,False
0,user22,"(1, 2)","(1, 2)","(1, 2)",0.4861203645059943,74.09999999776483,0.8649974374866045,True,True,True
0,user22,"(0, 1)","(0, 2)","(1, 2)",0.332259321534199,425.30000000074506,0.012987195526811112,True,False,True
0,user22,"(0, 2)","(1, 2)","(0, 1)",12.285776303167964,174216.6000000015,-0.12136085700426748,False,True,True
0,user22,"(1, 2)","(1, 2)","(0, 2)",12.31560363866506,173791.30000000075,-0.13434805253107854,True,True,False
0,user22,"(0, 1)","(0, 1)","(1, 2)",0.3201394408297593,68.30000000074506,0.39429180751003917,True,True,True
0,user22,"(0, 2)","(0, 2)","(0, 2)",0.4654804388597874,127.10000000149012,1.0874389880699844,False,False,False
0,user22,"(1, 2)","(1, 2)","(1, 2)",0.2663905277260079,58.80000000074506,0.6931471805599453,True,True,True
0,user22,"(0, 1)","(0, 2)","(0, 2)",0.4900384252277501,323.80000000074506,0.21130909366720696,True,False,False
0,user22,"(0, 2)","(0, 2)","(0, 2)",1.055340674387244,404.1000000014901,0.34390721510873096,False,False,False
0,user22,"(1, 2)","(0, 1)","(0, 1)",0.3220818033526023,80.30000000074506,0.13259812144152416,True,True,True
0,user22,"(0, 1)","(0, 1)","(1, 2)",0.3524629236905521,81.0,0.15927626767607062,True,True,True
0,user22,"(0, 2)","(0, 1)","(0, 2)",0.05573522710110379,151.0,0.3932698350143462,False,True,False
0,user22,"(1, 2)","(0, 1)","(1, 2)",0.35220487034338355,70.0,0.23399356733827556,True,True,True
0,user22,"(0, 1)","(0, 1)","(0, 1)",0.47991601538572026,141.19999999925494,0.19429312282535,True,True,True
0,user22,"(0, 2)","(0, 2)","(1, 2)",0.7197034445065692,230.5,0.4536316663763041,False,False,True
0,user22,"(1, 2)","(0, 1)","(0, 1)",0.44013349449169625,89.30000000074506,0.25933854355095404,True,True,True
0,user22,"(0, 1)","(0, 1)","(0, 1)",0.3267766924039329,66.19999999925494,0.22705745063534608,True,True,True
0,user22,"(0, 2)","(0, 2)","(0, 2)",0.6590468289140556,134.79999999701977,0.6931471805599453,False,False,False
0,user22,"(1, 2)","(0, 1)","(0, 1)",0.25361267399050136,68.59999999776483,0.46608972992459924,True,True,True
0,user22,"(0, 1)","(0, 1)","(1, 2)",0.34677162030201014,81.80000000074506,0.1502822030493379,True,True,True
0,user22,"(0, 2)","(0, 2)","(0, 2)",0.8481194326778889,147.80000000074506,0.9085686857802447,False,False,False
0,user22,"(1, 2)","(1, 2)","(1, 2)",0.4115721389597966,66.0,0.7582864827309068,True,True,True
0,user22,"(0, 1)","(0, 1)","(1, 2)",0.10674691895863553,56.900000002235174,0.5130210143294264,True,True,True
0,user22,"(0, 2)","(0, 1)","(0, 1)",0.3882532865376114,144.0,0.2964927021339359,False,True,True
0,user22,"(1, 2)","(1, 2)","(1, 2)",0.4737065503288411,87.09999999776483,-0.21652831219549049,True,True,True
0,user4,"(0, 1)","(0, 1)","(1, 2)",0.04501778986630578,122.29999999888241,-0.06820825002653358,True,True,True
0,user4,"(0, 2)","(0, 2)","(0, 2)",0.8545013928261089,261.7999999988824,0.44445055482111806,False,False,False
0,user4,"(1, 2)","(0, 2)","(0, 2)",0.16846688551554334,139.5,0.5126588048476517,True,False,False
0,user4,"(0, 1)","(0, 2)","(0, 2)",0.5447282785894986,700.1999999992549,0.0446724400515926,True,False,False
0,user4,"(0, 2)","(0, 2)","(0, 2)",1.6985222565507199,827.8999999985099,0.4836890823309898,False,False,False
0,user4,"(1, 2)","(0, 1)","(0, 1)",0.19348897638145612,127.69999999925494,0.4390166422793972,True,True,True
0,user4,"(0, 1)","(0, 1)","(0, 1)",0.27790203684842074,152.5,0.30466040898619884,True,True,True
0,user4,"(0, 2)","(0, 2)","(0, 2)",1.0849657115303142,227.30000000074506,0.5787368293822011,False,False,False
0,user4,"(1, 2)","(0, 1)","(0, 1)",0.387993502454131,74.80000000074506,0.2740764203960024,True,True,True
0,user4,"(0, 1)","(1, 2)","(0, 1)",0.23068784600351,130.0,-0.16616611657166938,True,True,True
0,user4,"(0, 2)","(0, 2)","(0, 2)",1.192541745520963,389.40000000037253,0.40739003651774874,False,False,False
0,user4,"(1, 2)","(0, 2)","(0, 2)",1.2368169276938739,259.40000000037253,0.5735561530894182,True,False,False
0,user4,"(0, 1)","(0, 1)","(0, 1)",0.07061789961655052,134.0,-0.06124362524071867,True,True,True
0,user4,"(0, 2)","(0, 2)","(0, 2)",0.48620724442148044,243.80000000074506,0.3442214828674457,False,False,False
0,user4,"(1, 2)","(0, 1)","(0, 1)",0.44561377542744784,109.80000000074506,0.4054651081081644,True,True,True
0,user4,"(0, 1)","(0, 1)","(0, 1)",0.21552272968641284,83.19999999925494,0.049723435352430574,True,True,True
0,user4,"(0, 2)","(0, 2)","(0, 2)",0.07706368385358009,168.40000000037253,0.38150082766943577,False,False,False
0,user4,"(1, 2)","(0, 1)","(0, 1)",0.42634197606105373,85.20000000111759,0.3317773923170052,True,True,True
0,user4,"(0, 1)","(0, 2)","(0, 2)",0.012246736717796969,217.0,0.21656458021616737,True,False,False
0,user4,"(0, 2)","(0, 2)","(0, 2)",1.752619924355042,350.90000000037253,0.663876798259832,False,False,False
0,user4,"(1, 2)","(0, 1)","(1, 2)",0.0921683925923823,133.90000000037253,0.44731221804366483,True,True,True
0,user4,"(0, 1)","(0, 1)","(0, 1)",0.4389785872149229,171.0,0.14809617091855215,True,True,True
0,user4,"(0, 2)","(0, 2)","(0, 2)",1.2366467729212447,288.59999999962747,0.5326545942074028,False,False,False
0,user4,"(1, 2)","(0, 1)","(0, 1)",0.47049370605585683,117.59999999962747,0.38455842328885076,True,True,True
0,user4,"(0, 1)","(1, 2)","(0, 1)",0.2182305231145767,145.89999999850988,-0.16419039427544144,True,True,True
0,user4,"(0, 2)","(0, 2)","(0, 2)",0.12736313276514466,316.19999999925494,0.05737711258330243,False,False,False
0,user4,"(1, 2)","(0, 1)","(1, 2)",0.31734037364882994,170.30000000074506,0.22156750685874405,True,True,True
0,user4,"(0, 1)","(0, 2)","(0, 1)",0.2871778771210449,438.69999999925494,-0.0020140993717012562,True,False,True
0,user4,"(0, 2)","(0, 2)","(0, 2)",1.3613597801569353,551.5,0.3543734469504532,False,False,False
0,user4,"(1, 2)","(0, 1)","(0, 1)",0.4796419619478537,112.80000000074506,0.35638754632215436,True,True,True
0,user4,"(0, 1)","(1, 2)","(0, 1)",0.5833154898446695,113.39999999850988,-0.2611024346470689,True,True,True
0,user4,"(0, 2)","(0, 2)","(0, 2)",0.03937693328651126,230.19999999925494,0.19485883747562777,False,False,False
0,user4,"(1, 2)","(0, 1)","(0, 2)",0.2931699273904558,116.80000000074506,0.4559612721226966,True,True,False
0,user4,"(0, 1)","(0, 1)","(1, 2)",0.17346772342077987,192.60000000149012,-0.01324522675002068,True,True,True
0,user4,"(0, 2)","(0, 2)","(0, 2)",0.7530272581476595,343.5,0.29213642280116114,False,False,False
0,user4,"(1, 2)","(0, 1)","(1, 2)",0.2923382262038928,150.89999999850988,0.3053816495511819,True,True,True
0,user6,"(0, 1)","(0, 1)","(0, 2)",0.25632012518510927,185.2999999988824,0.025975486403260736,True,True,False
0,user6,"(0, 2)","(0, 2)","(0, 2)",1.6142245982982737,298.40000000037253,0.6431367599852839,False,False,False
0,user6,"(1, 2)","(0, 2)","(0, 2)",0.15378709204835717,113.10000000149012,0.6171612735820233,True,False,False
0,user6,"(0, 1)","(0, 1)","(0, 1)",0.22139077806998686,124.09999999962747,0.44569579483549326,True,True,True
0,user6,"(0, 2)","(0, 2)","(0, 2)",1.0153560559473984,191.40000000037253,1.1437812570360213,False,False,False
0,user6,"(1, 2)","(1, 2)","(0, 1)",0.22094054327099866,67.30000000074506,0.6980854622005279,True,True,True
0,user6,"(0, 1)","(0, 1)","(0, 1)",0.43518401069260804,96.30000000074506,0.20479441264601322,True,True,True
0,user6,"(0, 2)","(0, 2)","(0, 2)",0.856659089261771,168.60000000149012,0.636576829071551,False,False,False
0,user6,"(1, 2)","(0, 1)","(1, 2)",0.31087905437885655,72.30000000074506,0.43178241642553783,True,True,True
0,user6,"(0, 1)","(0, 1)","(1, 2)",0.38647954584215316,84.40000000037253,0.18442903913351932,True,True,True
0,user6,"(0, 2)","(0, 2)","(0, 2)",1.1571292588392226,226.40000000037253,0.6026331730191135,False,False,False
0,user6,"(1, 2)","(0, 1)","(0, 2)",0.08184189288041122,142.0,0.4182041338855941,True,True,False
0,user6,"(0, 1)","(0, 1)","(0, 1)",0.2869463977720921,69.09999999962747,0.14974538635934198,True,True,True
0,user6,"(0, 2)","(0, 2)","(0, 1)",0.44995079382952596,120.5,0.6734744149612405,False,False,True
0,user6,"(1, 2)","(0, 1)","(1, 2)",0.03773753229761234,51.40000000037253,0.5237290286018985,True,True,True
0,user6,"(0, 1)","(0, 2)","(0, 1)",0.24264524950194666,143.0,0.52401625195194,True,False,True
0,user6,"(0, 2)","(0, 2)","(0, 2)",1.032577124659754,233.80000000074506,1.2726147370480996,False,False,False
0,user6,"(1, 2)","(1, 2)","(1, 2)",0.055720860447282194,90.80000000074506,0.7485984850961596,True,True,True
0,user6,"(0, 1)","(0, 1)","(0, 1)",0.33527143209219545,79.5,0.14785144639927122,True,True,True
0,user6,"(0, 2)","(0, 2)","(0, 2)",0.8041902343161248,173.90000000037253,0.6069260051128165,False,False,False
0,user6,"(1, 2)","(0, 1)","(1, 2)",0.3633453439805745,94.40000000037253,0.45907455871354524,True,True,True
0,user6,"(0, 1)","(0, 2)","(0, 2)",0.8324632620040973,577.8000000007451,0.1274449465681203,True,False,False
0,user6,"(0, 2)","(0, 2)","(0, 2)",1.7230508620684777,994.7000000011176,0.5426662296216495,False,False,False
0,user6,"(1, 2)","(0, 2)","(0, 2)",1.2818508836526472,416.90000000037253,0.415221283053529,True,False,False
0,user6,"(0, 1)","(0, 1)","(0, 1)",0.37627181257135844,132.7999999988824,0.09754315430863729,True,True,True
0,user6,"(0, 2)","(0, 2)","(1, 2)",0.37622717251842175,246.69999999925494,0.2963940130538024,False,False,True
0,user6,"(1, 2)","(0, 1)","(0, 1)",0.4629018617420688,113.90000000037253,0.19885085874516517,True,True,True
0,user6,"(0, 1)","(0, 1)","(1, 2)",0.3896212008526525,107.09999999962747,0.12921173148000625,True,True,True
0,user6,"(0, 2)","(0, 2)","(0, 2)",0.9567128538032911,185.5,0.6248279365824682,False,False,False
0,user6,"(1, 2)","(0, 1)","(1, 2)",0.2636383450762807,78.40000000037253,0.49561620510246196,True,True,True
0,user6,"(0, 1)","(0, 1)","(0, 1)",0.32982215944635596,78.20000000111759,0.147809504488811,True,True,True
0,user6,"(0, 2)","(0, 2)","(0, 2)",0.12900087594570264,134.59999999962747,0.5184884965115598,False,False,False
0,user6,"(1, 2)","(0, 1)","(0, 1)",0.2493595434827317,56.399999998509884,0.3706789920227488,True,True,True
0,user6,"(0, 1)","(0, 1)","(0, 1)",0.277469873323261,114.89999999850988,0.044124804908938095,True,True,True
0,user6,"(0, 2)","(0, 2)","(0, 2)",1.9454311156604536,706.5999999996275,0.6578078141146365,False,False,False
0,user6,"(1, 2)","(0, 2)","(0, 2)",1.9025779224329977,591.7000000011176,0.6136830092056985,True,False,False
0,user6,"(0, 1)","(0, 1)","(1, 2)",0.1875334253096671,129.0,0.4353180712578455,True,True,True
0,user6,"(0, 2)","(0, 2)","(1, 2)",0.16798949184748946,238.19999999925494,0.23052365861183235,False,False,True
0,user6,"(1, 2)","(1, 2)","(1, 2)",0.3818591849161963,109.19999999925494,-0.20479441264601328,True,True,True
0,user6,"(0, 1)","(0, 2)","(0, 1)",0.11186009668038388,98.0,0.7783049889002521,True,False,True
0,user6,"(0, 2)","(0, 1)","(0, 2)",0.3085304486492412,190.80000000074506,0.15415067982725836,False,True,False
0,user6,"(1, 2)","(1, 2)","(1, 2)",2.4924451469632087,92.80000000074506,-0.6241543090729939,True,True,True
0,user6,"(0, 1)","(0, 1)","(0, 1)",0.40877799304453655,79.19999999925494,0.2905848321097423,True,True,True
0,user6,"(0, 2)","(0, 1)","(0, 2)",0.2610633687850481,145.69999999925494,0.3382128810989969,False,True,False
0,user6,"(1, 2)","(0, 1)","(0, 1)",0.13202391361231414,66.5,0.047628048989254664,True,True,True
0,user6,"(0, 1)","(0, 1)","(0, 1)",0.4396129602928771,90.5,0.2455004584154862,True,True,True
0,user6,"(0, 2)","(0, 2)","(0, 2)",1.0829448642628101,178.5,0.6863674935745665,False,False,False
0,user6,"(1, 2)","(0, 1)","(1, 2)",0.3651695887900608,88.0,0.44086703515908027,True,True,True
0,user6,"(0, 1)","(0, 1)","(0, 1)",0.17519348596100015,66.5,0.07410797215372183,True,True,True
0,user6,"(0, 2)","(0, 1)","(0, 1)",0.37148025897780257,133.5,0.34905101882807305,False,True,True
0,user6,"(1, 2)","(0, 1)","(1, 2)",0.3461515816060735,67.0,0.2749430466743511,True,True,True
1,user1,"(0, 1)","(0, 2)","(0, 2)",2.0511944792575525,703.0999999996275,0.051767565205072266,True,False,False
1,user1,"(0, 2)","(0, 2)","(0, 2)",4.007088283369582,1008.6999999992549,1.0206507471983979,False,False,False
1,user1,"(1, 2)","(0, 2)","(0, 2)",2.112754811090626,305.59999999962747,0.9688831819933256,True,False,False
1,user1,"(0, 1)","(0, 2)","(0, 1)",0.6245674548770209,393.2000000011176,-0.06959329179919523,True,False,True
1,user1,"(0, 2)","(0, 2)","(0, 2)",3.050792664043101,655.4000000003725,0.4539174914941112,False,False,False
1,user1,"(1, 2)","(0, 2)","(0, 2)",1.4861565910499817,262.19999999925494,0.5235107832933064,True,False,False
1,user1,"(0, 1)","(1, 2)","(0, 1)",0.11788876511011515,75.5,-0.07777770104268426,True,True,True
1,user1,"(0, 2)","(0, 2)","(0, 2)",0.7813483486345535,153.59999999962747,0.7230001437096264,False,False,False
1,user1,"(1, 2)","(1, 2)","(0, 1)",0.6268317407974687,78.09999999962747,0.8007778447523106,True,True,True
1,user1,"(0, 1)","(0, 2)","(0, 1)",0.7351823620963706,388.2000000011176,-0.03761686357130672,True,False,True
1,user1,"(0, 2)","(0, 2)","(0, 2)",2.929656131148672,670.9000000003725,0.37590630586662,False,False,False
1,user1,"(1, 2)","(0, 2)","(0, 2)",1.3148930721332155,282.69999999925494,0.41352316943792683,True,False,False
1,user1,"(0, 1)","(0, 2)","(0, 2)",0.9108648811344983,304.69999999925494,0.20052116275159224,True,False,False
1,user1,"(0, 2)","(0, 2)","(0, 2)",3.2249388708554467,604.5999999996275,0.6811069013278646,False,False,False
1,user1,"(1, 2)","(0, 2)","(0, 2)",1.6979434946101775,299.90000000037253,0.4805857385762724,True,False,False
1,user1,"(0, 1)","(0, 2)","(0, 2)",0.7700553904356939,456.5,-0.0948792381902435,True,False,False
1,user1,"(0, 2)","(0, 2)","(0, 2)",2.6742201953312366,733.1999999992549,0.22195941855299298,False,False,False
1,user1,"(1, 2)","(0, 2)","(0, 2)",0.962702597287086,276.69999999925494,0.3168386567432364,True,False,False
1,user1,"(0, 1)","(1, 2)","(1, 2)",0.21800757983691788,139.5,-0.19979618731721863,True,True,True
1,user1,"(0, 2)","(0, 2)","(0, 2)",0.6860217278443193,200.59999999962747,0.4855078157817008,False,False,False
1,user1,"(1, 2)","(1, 2)","(0, 1)",0.5758075513871213,61.09999999962747,0.6853040030989194,True,True,True
1,user1,"(0, 1)","(0, 1)","(0, 2)",0.1192602549597338,231.5,0.06782259633876109,True,True,False
1,user1,"(0, 2)","(0, 2)","(0, 2)",2.2167817448247797,413.40000000037253,0.4120440792062069,False,False,False
1,user1,"(1, 2)","(0, 2)","(0, 2)",0.006855253135564343,181.90000000037253,0.3442214828674457,True,False,False
1,user1,"(0, 1)","(0, 2)","(0, 2)",0.20188985313755903,263.59999999962747,0.0620724286423777,True,False,False
1,user1,"(0, 2)","(0, 2)","(0, 2)",2.5320750050565604,451.09999999962747,0.5039051809214169,False,False,False
1,user1,"(1, 2)","(0, 2)","(0, 2)",0.3820262655042549,187.5,0.44183275227903923,True,False,False
1,user16,"(0, 1)","(0, 1)","(0, 1)",0.18551972533595906,96.60000000149012,-0.023392879574705462,True,True,True
1,user16,"(0, 2)","(0, 2)","(0, 2)",1.09398702000425,176.10000000149012,0.8957922103258141,False,False,False
1,user16,"(1, 2)","(1, 2)","(1, 2)",0.587661777337585,79.5,0.9191850899005196,True,True,True
1,user16,"(0, 1)","(1, 2)","(0, 1)",0.5136746878655615,88.30000000074506,-0.23582871084152554,True,True,True
1,user16,"(0, 2)","(0, 1)","(0, 2)",0.08206422265104463,179.59999999776483,0.3237870770938972,False,True,False
1,user16,"(1, 2)","(0, 1)","(1, 2)",0.1256627007888682,91.29999999701977,0.5596157879354227,True,True,True
1,user16,"(0, 1)","(0, 1)","(0, 1)",0.4989956486239461,100.80000000074506,0.34110723912536145,True,True,True
1,user16,"(0, 2)","(0, 2)","(0, 2)",0.9781397849359657,183.90000000223517,0.6206921013445229,False,False,False
1,user16,"(1, 2)","(0, 1)","(1, 2)",0.4052494670835497,83.10000000149012,0.2795848622191615,True,True,True
1,user16,"(0, 1)","(0, 1)","(0, 2)",0.45227076488426876,186.09999999776483,0.0870113769896297,True,True,False
1,user16,"(0, 2)","(0, 2)","(0, 2)",1.8195432689051692,273.19999999925494,0.6325225587435105,False,False,False
1,user16,"(1, 2)","(0, 1)","(1, 2)",0.12738505562456037,87.10000000149012,0.5455111817538808,True,True,True
1,user16,"(0, 1)","(0, 1)","(0, 1)",0.4427180100629746,88.60000000149012,0.30715417586460125,True,True,True
1,user16,"(0, 2)","(0, 1)","(0, 2)",0.119946223633707,152.60000000149012,0.42634269312971956,False,True,False
1,user16,"(1, 2)","(0, 1)","(1, 2)",0.09170302568414179,64.0,0.11918851726511835,True,True,True
1,user16,"(0, 1)","(0, 1)","(0, 1)",0.023702197220154764,208.39999999850988,-0.0977977432761265,True,True,True
1,user16,"(0, 2)","(0, 2)","(0, 2)",2.0268670595784344,320.0999999977648,0.5647660139117384,False,False,False
1,user16,"(1, 2)","(0, 2)","(0, 1)",0.07459257869752811,111.69999999925494,0.662563757187865,True,False,True
1,user16,"(0, 1)","(0, 1)","(0, 1)",0.5175079534470242,101.69999999925494,0.21130909366720696,True,True,True
1,user16,"(0, 2)","(0, 2)","(0, 2)",0.4787972376666927,188.09999999776483,0.468644009729696,False,False,False
1,user16,"(1, 2)","(0, 1)","(1, 2)",0.4338503239095517,86.39999999850988,0.25733491606248904,True,True,True
1,user16,"(0, 1)","(0, 1)","(0, 2)",0.6094956602120375,144.5,0.2814124594381855,True,True,False
1,user16,"(0, 2)","(0, 2)","(0, 2)",0.9326892129140718,230.5,0.458746474721101,False,False,False
1,user16,"(1, 2)","(0, 1)","(1, 2)",0.4029305574091734,86.0,0.17733401528291545,True,True,True
1,user16,"(0, 1)","(0, 2)","(0, 2)",1.2516577996375369,293.69999999925494,0.359933723300211,True,False,False
1,user16,"(0, 2)","(0, 2)","(0, 2)",2.6249541226845254,603.6000000014901,0.31638547805447553,False,False,False
1,user16,"(1, 2)","(0, 2)","(1, 2)",0.3135993821823805,309.9000000022352,-0.043548245245735355,True,False,True
1,user16,"(0, 1)","(0, 1)","(0, 2)",0.06935509200448065,229.09999999776483,0.1031842362352308,True,True,False
1,user16,"(0, 2)","(0, 2)","(0, 2)",1.2711803453877368,347.8999999985099,0.1941560144409574,False,False,False
1,user16,"(1, 2)","(0, 1)","(0, 1)",0.47075159299505887,118.80000000074506,0.09097177820572679,True,True,True
1,user16,"(0, 1)","(0, 1)","(0, 1)",0.2757244895783848,77.5,0.12160713209478698,True,True,True
1,user16,"(0, 2)","(0, 2)","(0, 2)",0.4187581658432925,155.20000000298023,0.5711322299969818,False,False,False
1,user16,"(1, 2)","(0, 1)","(1, 2)",0.21786973473080096,77.70000000298023,0.44952509790219486,True,True,True
1,user16,"(0, 1)","(0, 1)","(0, 1)",0.057551535380056085,147.20000000298023,0.4677517383150324,True,True,True
1,user16,"(0, 2)","(0, 2)","(0, 2)",2.2297181974870472,321.6000000014901,0.8900675367750526,False,False,False
1,user16,"(1, 2)","(0, 2)","(0, 2)",0.15487737998833173,174.39999999850988,0.4223157984600201,True,False,False
1,user16,"(0, 1)","(0, 2)","(0, 2)",1.8110129167380093,257.6000000014901,0.7742288493659008,True,False,False
1,user16,"(0, 2)","(0, 2)","(0, 2)",2.3584950765736643,384.1000000014901,0.5729440918641902,False,False,False
1,user16,"(1, 2)","(1, 2)","(1, 2)",0.23489825277481424,126.5,-0.20128475750171065,True,True,True
1,user16,"(0, 1)","(0, 1)","(0, 1)",0.6055473400843157,139.89999999850988,0.295926142226863,True,True,True
1,user16,"(0, 2)","(0, 2)","(0, 1)",0.6273199169971588,363.69999999925494,-0.036279674080648784,False,False,True
1,user16,"(1, 2)","(1, 2)","(0, 2)",0.8812838617647778,223.80000000074506,-0.33220581630751184,True,True,False
1,user16,"(0, 1)","(0, 1)","(0, 1)",0.2576526294665843,105.40000000223517,0.5332984796180493,True,True,True
1,user16,"(0, 2)","(0, 2)","(0, 2)",1.1973455327862288,198.10000000149012,1.0986122886681098,False,False,False
1,user16,"(1, 2)","(0, 1)","(1, 2)",0.12147598622841571,92.69999999925494,0.5653138090500605,True,True,True
1,user16,"(0, 1)","(0, 1)","(1, 2)",0.39210298873579097,85.80000000074506,0.16430305129127634,True,True,True
1,user16,"(0, 2)","(0, 2)","(0, 2)",0.798293697763057,231.90000000223517,0.41306970749338373,False,False,False
1,user16,"(1, 2)","(0, 1)","(0, 1)",0.6102854310762047,146.10000000149012,0.2487666562021073,True,True,True
1,user16,"(0, 1)","(1, 2)","(0, 1)",0.11900276742676796,72.89999999850988,-0.06632264293107261,True,True,True
1,user16,"(0, 2)","(0, 1)","(0, 2)",0.2643031080524415,151.5,0.38566248081198473,False,True,False
1,user16,"(1, 2)","(0, 1)","(1, 2)",0.22361142598227324,78.60000000149012,0.4519851237430572,True,True,True
1,user21,"(0, 1)","(0, 1)","(0, 1)",0.16638073489891836,76.69999999925494,0.04831857727080773,True,True,True
1,user21,"(0, 2)","(0, 2)","(0, 2)",0.9219637196855952,161.30000000074506,0.8567766043417474,False,False,False
1,user21,"(1, 2)","(1, 2)","(1, 2)",0.4468072066546116,84.60000000149012,0.8084580270709397,True,True,True
1,user21,"(0, 1)","(0, 1)","(0, 1)",0.28954102601472975,87.30000000074506,0.06453852113757116,True,True,True
1,user21,"(0, 2)","(0, 2)","(0, 1)",5.498132467855072,92356.5,-0.012422519998557209,False,False,True
1,user21,"(1, 2)","(0, 2)","(0, 1)",5.232942322506808,92269.19999999925,-0.07696104113612832,True,False,True
1,user21,"(0, 1)","(0, 1)","(0, 1)",0.3647644112995403,102.19999999925494,0.055843736216092864,True,True,True
1,user21,"(0, 2)","(0, 2)","(0, 2)",1.3724231014115258,204.60000000149012,0.7694694481195788,False,False,False
1,user21,"(1, 2)","(1, 2)","(0, 1)",0.07180703002192301,102.40000000223517,0.713625711903486,True,True,True
1,user21,"(0, 1)","(0, 1)","(0, 1)",0.4779659851094241,96.19999999925494,0.3364722366212129,True,True,True
1,user21,"(0, 2)","(0, 2)","(0, 2)",3.0023870105655766,537.2999999970198,0.6439569363691735,False,False,False
1,user21,"(1, 2)","(0, 2)","(0, 2)",2.0895111725796376,441.0999999977648,0.3074846997479607,True,False,False
1,user21,"(0, 1)","(0, 1)","(0, 1)",0.1379273458454373,65.09999999776483,0.37668614355812097,True,True,True
1,user21,"(0, 2)","(0, 2)","(0, 2)",0.6212847325872406,139.5,0.8091070616548137,False,False,False
1,user21,"(1, 2)","(0, 1)","(1, 2)",0.20485476564843075,74.40000000223517,0.4324209180966926,True,True,True
1,user21,"(0, 1)","(0, 2)","(0, 2)",1.678109679594682,359.9000000022352,0.3090048419206021,True,False,False
1,user21,"(0, 2)","(0, 2)","(0, 2)",2.852306796576337,469.1000000014901,0.7406723224227906,False,False,False
1,user21,"(1, 2)","(0, 1)","(1, 2)",0.44568812594308027,109.19999999925494,0.43166748050218845,True,True,True
1,user21,"(0, 1)","(0, 2)","(0, 2)",0.1479025778111298,185.0,0.3780661339200499,True,False,False
1,user21,"(0, 2)","(0, 2)","(0, 2)",1.933965123297856,272.9000000022352,0.8534898306351247,False,False,False
1,user21,"(1, 2)","(0, 1)","(1, 2)",0.26865065953797174,87.90000000223517,0.4754236967150748,True,True,True
1,user21,"(0, 1)","(1, 2)","(0, 1)",0.6439905735275591,67.30000000074506,0.7346469114666981,True,True,True
1,user21,"(0, 2)","(0, 2)","(1, 2)",0.3190001007050203,121.80000000074506,0.7517413448259981,False,False,True
1,user21,"(1, 2)","(1, 2)","(0, 1)",0.2512018513103439,54.5,0.01709443335930004,True,True,True
1,user21,"(0, 1)","(0, 1)","(0, 1)",0.12709975811374363,68.09999999776483,0.09531017980432493,True,True,True
1,user21,"(0, 2)","(0, 2)","(0, 2)",1.7703992429683244,260.8999999985099,0.6706743247078867,False,False,False
1,user21,"(1, 2)","(0, 2)","(0, 2)",0.9146905289892018,192.80000000074506,0.5753641449035618,True,False,False
1,user21,"(0, 1)","(0, 1)","(0, 1)",0.5859672823607682,128.5,0.19975661861605612,True,True,True
1,user21,"(0, 2)","(0, 2)","(0, 2)",1.4451340506312134,297.19999999925494,0.4116570783560855,False,False,False
1,user21,"(1, 2)","(0, 1)","(0, 2)",0.5268581674229299,168.69999999925494,0.2119004597400294,True,True,False
1,user21,"(0, 1)","(1, 2)","(0, 1)",0.5225693084392378,76.59999999776483,-0.21007146974685703,True,True,True
1,user21,"(0, 2)","(0, 2)","(0, 2)",0.8707743582323705,163.89999999850988,0.6675047499466077,False,False,False
1,user21,"(1, 2)","(1, 2)","(1, 2)",0.37238096924283726,87.30000000074506,0.8775762196934647,True,True,True
1,user21,"(0, 1)","(0, 1)","(0, 1)",0.44674371286058256,89.20000000298023,0.30804299510069594,True,True,True
1,user21,"(0, 2)","(0, 2)","(0, 2)",0.9247583575987923,162.40000000223517,0.9279867716373463,False,False,False
1,user21,"(1, 2)","(1, 2)","(1, 2)",0.19416347060042938,73.19999999925494,0.6199437765366503,True,True,True
1,user21,"(0, 1)","(0, 1)","(1, 2)",0.3530424844090083,85.59999999776483,0.40055109330573535,True,True,True
1,user21,"(0, 2)","(1, 2)","(1, 2)",0.2978264829231172,160.30000000074506,-0.22018350968573286,False,True,True
1,user21,"(1, 2)","(1, 2)","(1, 2)",2.7038152165434437,74.70000000298023,-0.6207346029914682,True,True,True
1,user21,"(0, 1)","(0, 1)","(1, 2)",0.5023533964263204,97.79999999701977,0.22314355131420976,True,True,True
1,user21,"(0, 2)","(0, 1)","(0, 2)",0.28562515001231137,173.89999999850988,-0.018018505502678365,False,True,False
1,user21,"(1, 2)","(1, 2)","(1, 2)",0.6457870440994016,76.10000000149012,-0.2411620568168881,True,True,True
1,user24,"(0, 1)","(1, 2)","(0, 1)",0.030718945079506788,54.5,0.3184537311185346,True,True,True
1,user24,"(0, 2)","(0, 2)","(0, 1)",0.18275822613352322,114.69999999925494,0.9842019374903656,False,False,True
1,user24,"(1, 2)","(1, 2)","(1, 2)",0.5299864767056524,60.19999999925494,0.665748206371831,True,True,True
1,user24,"(0, 1)","(0, 2)","(0, 2)",0.49039070971135357,130.89999999850988,0.8115242168277949,True,False,False
1,user24,"(0, 2)","(0, 2)","(0, 2)",1.748021378943057,246.89999999850988,0.8664831011085523,False,False,False
1,user24,"(1, 2)","(0, 1)","(0, 1)",0.4112254706640758,116.0,0.05495888428075741,True,True,True
1,user24,"(0, 1)","(0, 1)","(0, 1)",0.041715241592961694,159.20000000298023,-0.1191208284980434,True,True,True
1,user24,"(0, 2)","(0, 2)","(0, 2)",1.4238279894998538,243.90000000223517,0.5581108967560025,False,False,False
1,user24,"(1, 2)","(1, 2)","(0, 1)",0.24911407027754917,84.69999999925494,0.6772317252540457,True,True,True
1,user24,"(0, 1)","(0, 1)","(0, 1)",0.3238693308257743,100.89999999850988,0.03509131981127019,True,True,True
1,user24,"(0, 2)","(0, 2)","(0, 2)",1.1016423964809512,183.69999999925494,0.6726686492164047,False,False,False
1,user24,"(1, 2)","(1, 2)","(0, 1)",0.14374671222321245,82.80000000074506,0.6375773294051346,True,True,True
1,user24,"(0, 1)","(0, 2)","(0, 2)",1.208253677741566,190.19999999925494,0.725512465061977,True,False,False
1,user24,"(0, 2)","(0, 2)","(0, 2)",1.9942629199025608,422.69999999925494,0.2983545323425527,False,False,False
1,user24,"(1, 2)","(1, 2)","(1, 2)",1.3767849810430763,232.5,-0.4271579327194242,True,True,True
1,user24,"(0, 1)","(0, 1)","(0, 1)",0.12532999526068078,113.40000000223517,0.5894074107998523,True,True,True
1,user24,"(0, 2)","(0, 2)","(0, 2)",3.0605645045882577,528.9000000022352,0.9555114450274363,False,False,False
1,user24,"(1, 2)","(0, 2)","(0, 2)",2.127272809203373,415.5,0.3661040342275841,True,False,False
1,user24,"(0, 1)","(0, 1)","(0, 1)",0.509338870904353,104.69999999925494,0.3516307970520543,True,True,True
1,user24,"(0, 2)","(0, 2)","(0, 2)",1.0502384968312461,172.5,0.9096754927554359,False,False,False
1,user24,"(1, 2)","(1, 2)","(1, 2)",0.10961120343620934,67.80000000074506,0.5580446957033814,True,True,True
1,user24,"(0, 1)","(0, 1)","(0, 1)",0.45026550367624874,94.60000000149012,0.36350090900913223,True,True,True
1,user24,"(0, 2)","(0, 2)","(0, 2)",0.5561023046724577,164.0,0.5764229062518039,False,False,False
1,user24,"(1, 2)","(0, 1)","(1, 2)",0.24413452043862516,69.39999999850988,0.21292199724267172,True,True,True
1,user24,"(0, 1)","(0, 1)","(0, 1)",0.3911866338870572,81.5,0.24767673783808167,True,True,True
1,user24,"(0, 2)","(0, 2)","(0, 2)",2.021439190037318,342.5,0.4823241136337761,False,False,False
1,user24,"(1, 2)","(0, 2)","(0, 2)",0.5812577835769951,261.0,0.2346473757956944,True,False,False
1,user24,"(0, 1)","(0, 1)","(1, 2)",0.13055432019430757,61.69999999925494,0.2691286645560331,True,True,True
1,user24,"(0, 2)","(0, 2)","(0, 1)",0.2752954621804664,120.90000000223517,0.7044467358138787,False,False,True
1,user24,"(1, 2)","(1, 2)","(0, 1)",0.033309660390219764,59.20000000298023,0.4353180712578455,True,True,True
1,user24,"(0, 1)","(0, 1)","(0, 1)",0.38504952571680073,84.10000000149012,0.17402275397925956,True,True,True
1,user24,"(0, 2)","(0, 1)","(0, 2)",0.42149345530882787,147.0,0.35469278273474114,False,True,False
1,user24,"(1, 2)","(0, 1)","(0, 1)",0.12640893404616205,62.899999998509884,0.1806700287554816,True,True,True
1,user24,"(0, 1)","(1, 2)","(0, 1)",0.007534889510771525,61.80000000074506,0.4519851237430572,True,True,True
1,user24,"(0, 2)","(0, 2)","(0, 2)",0.514112879072954,132.10000000149012,0.8472978603872037,False,False,False
1,user24,"(1, 2)","(0, 1)","(0, 1)",0.1968578038513129,70.30000000074506,0.3953127366441464,True,True,True
1,user24,"(0, 1)","(0, 1)","(1, 2)",0.2624636852883082,71.69999999925494,0.18698356989976597,True,True,True
1,user24,"(0, 2)","(0, 2)","(0, 2)",0.3742790307684132,156.10000000149012,0.5557473111575023,False,False,False
1,user24,"(1, 2)","(0, 1)","(1, 2)",0.3734032247256298,84.40000000223517,0.3687637412577365,True,True,True
1,user24,"(0, 1)","(1, 2)","(1, 2)",0.5409480081355457,80.89999999850988,0.8436281314982412,True,True,True
1,user24,"(0, 2)","(0, 2)","(0, 1)",0.2112905852513156,140.89999999850988,0.5688494638823681,False,False,True
1,user24,"(1, 2)","(1, 2)","(1, 2)",1.0196012086731265,60.0,-0.27477866761587305,True,True,True
1,user24,"(0, 1)","(1, 2)","(0, 1)",0.09696439745799157,95.60000000149012,0.6528732814220054,True,True,True
1,user24,"(0, 2)","(0, 2)","(0, 2)",0.5898580125507493,186.60000000149012,0.50626980723013,False,False,False
1,user24,"(1, 2)","(1, 2)","(1, 2)",0.1806712058083153,91.0,-0.1466034741918754,True,True,True
2,user18,"(0, 1)","(0, 1)","(1, 2)",0.10246365265871393,80.39999999850988,0.39624845300324035,True,True,True
2,user18,"(0, 2)","(0, 2)","(0, 2)",0.26332560974542496,161.59999999776483,0.4528673470027483,False,False,False
2,user18,"(1, 2)","(0, 1)","(0, 1)",0.29064316630714115,81.19999999925494,0.056618893999507904,True,True,True
2,user18,"(0, 1)","(0, 1)","(1, 2)",0.3730776107478194,119.59999999776483,0.27329333499968134,True,True,True
2,user18,"(0, 2)","(0, 1)","(0, 1)",0.4943116170272067,219.69999999925494,0.11812276727167753,False,True,True
2,user18,"(1, 2)","(0, 1)","(1, 2)",0.06526902218898456,100.10000000149012,-0.15517056772800378,True,True,True
2,user18,"(0, 1)","(0, 1)","(0, 1)",0.14227618089869687,319.6000000014901,0.11195890737039468,True,True,True
2,user18,"(0, 2)","(0, 2)","(0, 2)",1.3704903892387958,421.4000000022352,0.4731237565819792,False,False,False
2,user18,"(1, 2)","(0, 1)","(1, 2)",0.23101645898675394,101.80000000074506,0.3611648492115845,True,True,True
2,user18,"(0, 1)","(0, 1)","(0, 1)",0.34282589042420675,87.59999999776483,0.125163142954006,True,True,True
2,user18,"(0, 2)","(0, 2)","(0, 2)",1.4176870680281497,405.0,0.4914075379088891,False,False,False
2,user18,"(1, 2)","(0, 2)","(0, 2)",0.6940383302171644,317.4000000022352,0.3662443949548831,True,False,False
2,user18,"(0, 1)","(1, 2)","(1, 2)",0.17107105580630244,88.90000000223517,0.5353401895295765,True,True,True
2,user18,"(0, 2)","(0, 1)","(0, 1)",0.18723484967629933,162.19999999925494,0.33732730294094626,False,True,True
2,user18,"(1, 2)","(1, 2)","(1, 2)",0.13240456753630103,73.29999999701977,-0.19801288658863017,True,True,True
2,user18,"(0, 1)","(0, 1)","(0, 2)",0.004505685024879691,129.19999999925494,0.4648885285789651,True,True,False
2,user18,"(0, 2)","(0, 1)","(0, 1)",0.19263170996466783,203.19999999925494,0.2540654616527959,False,True,True
2,user18,"(1, 2)","(1, 2)","(1, 2)",0.1601604092590514,74.0,-0.2108230669261692,True,True,True
2,user18,"(0, 1)","(0, 1)","(1, 2)",0.15210813197891082,111.20000000298023,0.4212134650763035,True,True,True
2,user18,"(0, 2)","(0, 1)","(0, 2)",0.4038287767195756,187.20000000298023,-0.010362787035546547,False,True,False
2,user18,"(1, 2)","(1, 2)","(1, 2)",0.8688006180635099,76.0,-0.4315762521118501,True,True,True
2,user18,"(0, 1)","(0, 2)","(0, 2)",0.5917183122869342,285.0999999977648,0.3669988272803683,True,False,False
2,user18,"(0, 2)","(0, 2)","(0, 1)",0.02858811563038699,446.5999999977648,0.07109592168373026,False,False,True
2,user18,"(1, 2)","(1, 2)","(1, 2)",0.2061781433691019,161.5,-0.2959029055966381,True,True,True
2,user18,"(0, 1)","(0, 1)","(0, 2)",0.01812945224799878,169.80000000074506,0.36593426935152906,True,True,False
2,user18,"(0, 2)","(0, 2)","(0, 1)",0.6095735400726565,328.30000000074506,0.3353975454914475,False,False,True
2,user18,"(1, 2)","(0, 1)","(1, 2)",0.36445756867392387,158.5,-0.03053672386008165,True,True,True
2,user18,"(0, 1)","(0, 1)","(0, 1)",0.3825692607638451,108.39999999850988,0.06795066190850775,True,True,True
2,user18,"(0, 2)","(0, 2)","(0, 2)",1.1273692476766115,188.0,0.761097842468453,False,False,False
2,user18,"(1, 2)","(1, 2)","(1, 2)",0.4457843588582623,79.60000000149012,0.6931471805599453,True,True,True
2,user18,"(0, 1)","(0, 1)","(1, 2)",0.2594852693929903,80.69999999925494,0.27731928541623435,True,True,True
2,user18,"(0, 2)","(0, 2)","(0, 2)",0.1800273850054812,300.5,0.23690974707835774,False,False,False
2,user18,"(1, 2)","(0, 1)","(1, 2)",0.37429541390047805,219.80000000074506,-0.040409538337876666,True,True,True
2,user18,"(0, 1)","(0, 2)","(1, 2)",0.02826873695496601,103.5,0.6554904611219402,True,False,True
2,user18,"(0, 2)","(0, 2)","(0, 2)",0.44334561507317116,218.69999999925494,0.40321031572107535,False,False,False
2,user18,"(1, 2)","(1, 2)","(1, 2)",0.1364711025940578,115.19999999925494,-0.2522801454008651,True,True,True
2,user18,"(0, 1)","(0, 1)","(0, 1)",0.33000914951199034,125.19999999925494,0.3236515481921514,True,True,True
2,user18,"(0, 2)","(0, 2)","(0, 2)",1.3106357717072636,244.69999999925494,0.6584267118562075,False,False,False
2,user18,"(1, 2)","(0, 1)","(1, 2)",0.30635456307358466,119.5,0.334775163664056,True,True,True
2,user18,"(0, 1)","(0, 1)","(1, 2)",0.19269175466401056,88.70000000298023,0.36000273403140703,True,True,True
2,user18,"(0, 2)","(0, 2)","(0, 2)",0.124727957879327,183.5,0.3768098523477882,False,False,False
2,user18,"(1, 2)","(0, 1)","(1, 2)",0.30898572516846956,94.79999999701977,0.01680711831638119,True,True,True
2,user20,"(0, 1)","(0, 2)","(0, 2)",1.0353568612565334,241.29999999701977,0.5172565140962812,True,False,False
2,user20,"(0, 2)","(0, 2)","(0, 1)",0.833798080757636,951.0,0.2135741002980591,False,False,True
2,user20,"(1, 2)","(1, 2)","(1, 2)",0.4189527062954742,709.7000000029802,-0.30368241379822203,True,True,True
2,user20,"(0, 1)","(0, 2)","(0, 1)",0.2573141946968628,110.10000000149012,0.7401721192048081,True,False,True
2,user20,"(0, 2)","(0, 2)","(0, 1)",0.9698901045904385,332.6000000014901,0.42509107256491274,False,False,True
2,user20,"(1, 2)","(1, 2)","(1, 2)",0.2461837803175575,222.5,-0.3150810466398954,True,True,True
2,user20,"(0, 1)","(0, 1)","(0, 1)",0.31190725753062587,240.40000000223517,0.15474082442980927,True,True,True
2,user20,"(0, 2)","(0, 2)","(0, 2)",1.7757557405541011,359.6000000014901,0.7458387506355844,False,False,False
2,user20,"(1, 2)","(0, 2)","(1, 2)",0.18458196412927919,119.19999999925494,0.5910979262057751,True,False,True
2,user20,"(0, 1)","(0, 1)","(0, 1)",0.26242734482899843,77.10000000149012,0.04196419909903221,True,True,True
2,user20,"(0, 2)","(0, 2)","(0, 2)",0.8837803969896755,185.10000000149012,0.6015799870344548,False,False,False
2,user20,"(1, 2)","(1, 2)","(1, 2)",0.046771511805437926,108.0,0.5596157879354227,True,True,True
2,user20,"(0, 1)","(0, 1)","(0, 1)",0.44708648539520934,203.09999999776483,0.03019097227914573,True,True,True
2,user20,"(0, 2)","(0, 2)","(0, 2)",1.4413237585197534,360.5999999977648,0.5258071773816076,False,False,False
2,user20,"(1, 2)","(0, 2)","(0, 2)",0.410492899019561,157.5,0.49561620510246196,True,False,False
2,user20,"(0, 1)","(0, 1)","(0, 1)",0.3381923215548761,86.59999999776483,0.1197079640659679,True,True,True
2,user20,"(0, 2)","(0, 2)","(0, 2)",1.3537625792934722,235.89999999850988,0.719122666963206,False,False,False
2,user20,"(1, 2)","(0, 2)","(0, 2)",0.5697364210153089,149.30000000074506,0.5994147028972382,True,False,False
2,user20,"(0, 1)","(1, 2)","(1, 2)",0.1542892495631346,93.89999999850988,0.535276719630155,True,True,True
2,user20,"(0, 2)","(0, 2)","(0, 1)",0.015952339651975178,163.30000000074506,0.38822330167365837,False,False,True
2,user20,"(1, 2)","(1, 2)","(1, 2)",0.04015445680971175,69.40000000223517,-0.14705341795649662,True,True,True
2,user20,"(0, 1)","(0, 2)","(0, 2)",0.24867831208342228,160.30000000074506,0.4519851237430572,True,False,False
2,user20,"(0, 2)","(0, 1)","(0, 2)",0.4470954554099025,263.0,0.030771658666753687,False,True,False
2,user20,"(1, 2)","(1, 2)","(1, 2)",0.7327823354936469,102.69999999925494,-0.42121346507630353,True,True,True
2,user20,"(0, 1)","(0, 1)","(1, 2)",0.14806759884621878,136.30000000074506,-0.14842000511827333,True,True,True
2,user20,"(0, 2)","(1, 2)","(0, 1)",0.2529658383413773,229.0,-0.3172408746933253,False,True,True
2,user20,"(1, 2)","(0, 1)","(0, 1)",0.013938309423648265,92.69999999925494,-0.1688208695750521,True,True,True
2,user20,"(0, 1)","(1, 2)","(1, 2)",0.27146040889279566,66.90000000223517,0.5346768395881706,True,True,True
2,user20,"(0, 2)","(0, 1)","(1, 2)",0.4564219686297699,144.30000000074506,0.18840060287033678,False,True,True
2,user20,"(1, 2)","(1, 2)","(1, 2)",0.5445156644783749,77.39999999850988,-0.3462762367178338,True,True,True
2,user20,"(0, 1)","(0, 1)","(0, 1)",0.15346916131016397,70.10000000149012,0.3279068737622899,True,True,True
2,user20,"(0, 2)","(0, 1)","(0, 1)",0.4577703373668006,140.69999999925494,0.13815033848081718,False,True,True
2,user20,"(1, 2)","(1, 2)","(1, 2)",0.12717048731686764,70.59999999776483,-0.18975653528147268,True,True,True
2,user20,"(0, 1)","(1, 2)","(1, 2)",0.3752051237053381,85.5,0.6380874033769178,True,True,True
2,user20,"(0, 2)","(0, 1)","(0, 1)",0.4518847725534937,144.0,0.2013697517646492,False,True,True
2,user20,"(1, 2)","(1, 2)","(1, 2)",0.996135803293666,58.5,-0.4367176516122688,True,True,True
2,user20,"(0, 1)","(0, 1)","(0, 1)",0.38039038498545696,106.5,0.0721032939013439,True,True,True
2,user20,"(0, 2)","(0, 2)","(0, 2)",0.7836309188543242,192.60000000149012,0.5205344378929515,False,False,False
2,user20,"(1, 2)","(0, 1)","(1, 2)",0.026066066424289103,86.10000000149012,0.4484311439916077,True,True,True
2,user20,"(0, 1)","(0, 1)","(0, 1)",0.21464554620449805,84.30000000074506,-0.03610500464211632,True,True,True
2,user20,"(0, 2)","(0, 2)","(0, 2)",0.8199614712585664,250.0,0.45830758948254424,False,False,False
2,user20,"(1, 2)","(0, 2)","(0, 2)",0.47404819319827796,165.69999999925494,0.49441259412466054,True,False,False
2,user7,"(0, 1)","(0, 1)","(0, 1)",0.27066177596020224,126.39999999850988,0.3682515117677301,True,True,True
2,user7,"(0, 2)","(0, 1)","(0, 1)",0.37312956017142507,203.2999999988824,0.19856653897828755,False,True,True
2,user7,"(1, 2)","(1, 2)","(1, 2)",0.049544183766447314,76.90000000037253,-0.16968497278944247,True,True,True
2,user7,"(0, 1)","(0, 2)","(0, 1)",0.34754858230780084,130.40000000037253,0.5966362801791015,True,False,True
2,user7,"(0, 2)","(0, 2)","(0, 2)",0.016968420876954937,230.69999999925494,0.2716584229836237,False,False,False
2,user7,"(1, 2)","(1, 2)","(1, 2)",0.391289442805861,100.29999999888241,-0.3249778571954778,True,True,True
2,user7,"(0, 1)","(0, 1)","(0, 1)",0.3225117204501915,87.80000000074506,0.06684001812585044,True,True,True
2,user7,"(0, 2)","(0, 2)","(0, 2)",0.5762595976094548,208.69999999925494,0.44952509790219486,False,False,False
2,user7,"(1, 2)","(0, 1)","(0, 1)",0.2388083954842577,120.89999999850988,0.3826850797763445,True,True,True
2,user7,"(0, 1)","(0, 1)","(0, 2)",0.35756145691367414,202.90000000037253,0.20424691742292023,True,True,False
2,user7,"(0, 2)","(0, 2)","(0, 2)",1.3751247299162448,355.40000000037253,0.5068176023684519,False,False,False
2,user7,"(1, 2)","(0, 1)","(1, 2)",0.38718493212566596,152.5,0.3025706849455315,True,True,True
2,user7,"(0, 1)","(0, 1)","(0, 1)",0.3518220600910966,94.80000000074506,0.21772348384487053,True,True,True
2,user7,"(0, 2)","(0, 2)","(0, 2)",0.9175164633326134,182.69999999925494,0.6340582641899388,False,False,False
2,user7,"(1, 2)","(0, 1)","(1, 2)",0.09599471003695337,87.89999999850988,0.41633478034506827,True,True,True
2,user7,"(0, 1)","(0, 1)","(0, 1)",0.2984816202266929,78.10000000149012,0.1013524942602875,True,True,True
2,user7,"(0, 2)","(0, 2)","(0, 2)",0.6810579555438059,139.40000000037253,0.7552789616669515,False,False,False
2,user7,"(1, 2)","(1, 2)","(1, 2)",0.6773906931805641,61.29999999888241,0.653926467406664,True,True,True
2,user7,"(0, 1)","(0, 1)","(0, 1)",0.3633134415781113,135.5,0.307722823335227,True,True,True
2,user7,"(0, 2)","(0, 2)","(0, 2)",1.298476087278935,288.2000000011176,0.5492530008998762,False,False,False
2,user7,"(1, 2)","(0, 1)","(1, 2)",0.43988483202117823,152.7000000011176,0.241530177564649,True,True,True
2,user7,"(0, 1)","(0, 1)","(0, 1)",0.20763603994581192,93.40000000037253,-0.06453852113757118,True,True,True
2,user7,"(0, 2)","(0, 2)","(0, 2)",0.45543224114154524,181.2000000011176,0.46262352194811296,False,False,False
2,user7,"(1, 2)","(1, 2)","(1, 2)",0.15324748131526067,87.80000000074506,0.5271620430856842,True,True,True
2,user7,"(0, 1)","(0, 1)","(1, 2)",0.15688441821084576,57.40000000037253,0.06453852113757116,True,True,True
2,user7,"(0, 2)","(0, 2)","(0, 2)",0.5920157414823053,126.09999999962747,0.8266785731844679,False,False,False
2,user7,"(1, 2)","(1, 2)","(1, 2)",0.6826627989348701,68.69999999925494,0.7621400520468967,True,True,True
2,user7,"(0, 1)","(0, 1)","(1, 2)",0.2404645819200577,83.80000000074506,0.30888428010238395,True,True,True
2,user7,"(0, 2)","(0, 2)","(0, 2)",0.7800105363457795,157.30000000074506,0.686178511243852,False,False,False
2,user7,"(1, 2)","(0, 1)","(1, 2)",0.10151682034451293,73.5,0.377294231141468,True,True,True
2,user7,"(0, 1)","(1, 2)","(1, 2)",0.38103988046584225,92.89999999850988,-0.3150810466398954,True,True,True
2,user7,"(0, 2)","(0, 2)","(0, 2)",0.7758103202180926,269.7999999988824,0.42793796396022304,False,False,False
2,user7,"(1, 2)","(0, 2)","(0, 2)",1.0231711542829558,176.90000000037253,0.7430190106001182,True,False,False
2,user7,"(0, 1)","(0, 1)","(1, 2)",0.31412866532421435,83.5,0.2135741002980591,True,True,True
2,user7,"(0, 2)","(0, 2)","(1, 2)",0.24733585626905885,174.10000000149012,0.4248831939652659,False,False,True
2,user7,"(1, 2)","(0, 1)","(1, 2)",0.34123713576090275,90.60000000149012,0.21130909366720696,True,True,True
2,user7,"(0, 1)","(0, 1)","(1, 2)",0.34373891121751377,90.40000000037253,0.20359895524123955,True,True,True
2,user7,"(0, 2)","(0, 2)","(0, 2)",1.0227531980106652,226.69999999925494,0.5352441511141365,False,False,False
2,user7,"(1, 2)","(0, 1)","(1, 2)",0.33584284720496693,136.2999999988824,0.3316451958728971,True,True,True
2,user7,"(0, 1)","(0, 1)","(1, 2)",0.038800464516106636,72.80000000074506,0.4118549062069354,True,True,True
2,user7,"(0, 2)","(0, 2)","(0, 2)",0.688151882298452,128.7000000011176,0.8973627219886362,False,False,False
2,user7,"(1, 2)","(1, 2)","(1, 2)",0.22622984776105248,55.90000000037253,0.4855078157817008,True,True,True
2,user8,"(0, 1)","(0, 1)","(0, 1)",0.2532300348202132,70.70000000111759,0.2155196262035504,True,True,True
2,user8,"(0, 2)","(0, 1)","(0, 1)",0.40539650710320696,166.0,0.26747936513426146,False,True,True
2,user8,"(1, 2)","(0, 1)","(1, 2)",0.3382186116732897,95.29999999888241,0.05195973893071096,True,True,True
2,user8,"(0, 1)","(1, 2)","(0, 1)",0.33959836212916394,84.59999999962747,0.5884986620842088,True,True,True
2,user8,"(0, 2)","(0, 1)","(0, 1)",0.2518266500988129,163.7999999988824,-0.10784852120640745,False,True,True
2,user8,"(1, 2)","(1, 2)","(1, 2)",2.1616453790124406,79.19999999925494,-0.6963471832906162,True,True,True
2,user8,"(0, 1)","(0, 1)","(0, 1)",0.4279220216558193,133.89999999850988,0.06875559541512996,True,True,True
2,user8,"(0, 2)","(0, 2)","(0, 2)",1.7132039474869936,364.5,0.6898304279339513,False,False,False
2,user8,"(1, 2)","(0, 2)","(0, 2)",1.1879589367122672,230.60000000149012,0.6210748325188215,True,False,False
2,user8,"(0, 1)","(0, 1)","(0, 2)",0.4315214790485016,139.2999999988824,0.06317890162153167,True,True,False
2,user8,"(0, 2)","(0, 2)","(0, 2)",0.22607410684776386,206.19999999925494,0.36545977349446523,False,False,False
2,user8,"(1, 2)","(0, 1)","(1, 2)",0.16455368235927925,66.90000000037253,0.3022808718729337,True,True,True
2,user8,"(0, 1)","(0, 2)","(0, 2)",0.872696393974226,144.0,0.8991229282517897,True,False,False
2,user8,"(0, 2)","(0, 2)","(0, 2)",0.7478612830467686,258.8999999985099,0.43178241642553783,False,False,False
2,user8,"(1, 2)","(1, 2)","(1, 2)",0.8946041639726114,114.89999999850988,-0.4673405118262518,True,True,True
2,user8,"(0, 1)","(0, 1)","(1, 2)",0.23524133900706568,65.09999999962747,0.16184302545041396,True,True,True
2,user8,"(0, 2)","(0, 1)","(0, 1)",0.455827115418148,142.30000000074506,0.1823215567939546,False,True,True
2,user8,"(1, 2)","(0, 1)","(0, 1)",0.24548849625470515,77.20000000111759,0.0204785313435407,True,True,True
2,user8,"(0, 1)","(0, 2)","(1, 2)",0.44671662407839685,111.5,0.9102116857977729,True,False,True
2,user8,"(0, 2)","(0, 2)","(0, 2)",0.5148497115941367,170.69999999925494,0.494696241836107,False,False,False
2,user8,"(1, 2)","(1, 2)","(1, 2)",0.9063677319688341,59.19999999925494,-0.4155154439616658,True,True,True
2,user8,"(0, 1)","(0, 1)","(0, 1)",0.4355305963260876,127.69999999925494,0.18735935082391178,True,True,True
2,user8,"(0, 2)","(0, 1)","(0, 1)",0.414310852846004,204.59999999962747,-0.005012541823544286,False,True,True
2,user8,"(1, 2)","(1, 2)","(0, 1)",0.10132311124096616,76.90000000037253,-0.19237189264745613,True,True,True
2,user8,"(0, 1)","(1, 2)","(1, 2)",0.31196822465564755,80.0,0.7944996748202328,True,True,True
2,user8,"(0, 2)","(0, 1)","(0, 1)",0.46078954720377274,164.90000000037253,0.2216386601347895,False,True,True
2,user8,"(1, 2)","(1, 2)","(1, 2)",1.4677219521065887,84.90000000037253,-0.5728610146854433,True,True,True
2,user8,"(0, 1)","(0, 1)","(1, 2)",0.34041494805713934,101.89999999850988,0.2662030407746567,True,True,True
2,user8,"(0, 2)","(0, 2)","(0, 2)",0.7332799969148331,193.19999999925494,0.5082746019743853,False,False,False
2,user8,"(1, 2)","(0, 1)","(1, 2)",0.32679432800639285,91.30000000074506,0.24207156119972859,True,True,True
2,user8,"(0, 1)","(0, 1)","(1, 2)",0.2824327724344715,88.80000000074506,0.28646181604655163,True,True,True
2,user8,"(0, 2)","(0, 1)","(0, 1)",0.0026664768003374917,168.30000000074506,0.3730298323550105,False,True,True
2,user8,"(1, 2)","(0, 1)","(1, 2)",0.2991983957713129,79.5,0.08656801630845902,True,True,True
2,user8,"(0, 1)","(0, 2)","(1, 2)",0.3659834638569487,138.09999999962747,0.5521893042172504,True,False,True
2,user8,"(0, 2)","(0, 1)","(0, 1)",0.12777471292693932,252.59999999962747,0.19710925694833395,False,True,True
2,user8,"(1, 2)","(1, 2)","(1, 2)",0.45994508044638127,114.5,-0.3550800472689164,True,True,True
2,user8,"(0, 1)","(0, 1)","(1, 2)",0.341458449698667,121.90000000037253,-0.013175421158564404,True,True,True
2,user8,"(0, 2)","(0, 2)","(0, 2)",1.0655153821744563,234.10000000149012,0.5386176410956492,False,False,False
2,user8,"(1, 2)","(0, 2)","(1, 2)",0.009221474382120176,112.20000000111759,0.5517930622542137,True,False,True
2,user8,"(0, 1)","(0, 1)","(0, 1)",0.10612508855689762,72.90000000037253,0.3724042458472762,True,True,True
2,user8,"(0, 2)","(0, 2)","(0, 1)",0.5315779218778525,133.5,0.6931471805599453,False,False,True
2,user8,"(1, 2)","(0, 1)","(0, 1)",0.10183648979787718,60.59999999962747,0.320742934712669,True,True,True
3,user3,"(0, 1)","(0, 1)","(0, 1)",0.2326222594319748,108.39999999850988,-0.03944173205129673,True,True,True
3,user3,"(0, 2)","(0, 2)","(0, 2)",0.6861998264546091,214.2999999988824,0.4677074169853853,False,False,False
3,user3,"(1, 2)","(0, 1)","(1, 2)",0.1994874311675192,105.90000000037253,0.5071491490366821,True,True,True
3,user3,"(0, 1)","(0, 2)","(0, 2)",1.3047223985754557,770.0,0.3755651624124904,True,False,False
3,user3,"(0, 2)","(0, 2)","(0, 2)",1.1520981266568875,920.3000000007451,0.3435258086678738,False,False,False
3,user3,"(1, 2)","(0, 1)","(1, 2)",0.2795141744693118,150.30000000074506,-0.03203935374461666,True,True,True
3,user3,"(0, 1)","(1, 2)","(1, 2)",0.06451579027054377,94.40000000037253,0.6871770135734415,True,True,True
3,user3,"(0, 2)","(0, 1)","(0, 2)",0.2208179991235364,177.80000000074506,0.2777515042491801,False,True,False
3,user3,"(1, 2)","(1, 2)","(1, 2)",1.0848245193438886,83.40000000037253,-0.40942550932426125,True,True,True
3,user3,"(0, 1)","(0, 2)","(0, 2)",0.11082643235137246,384.59999999962747,0.016901810802603254,True,False,False
3,user3,"(0, 2)","(0, 2)","(0, 2)",0.9711505695408856,477.40000000037253,0.27473092010470296,False,False,False
3,user3,"(1, 2)","(0, 1)","(0, 1)",0.4550698208446824,92.80000000074506,0.25782910930209985,True,True,True
3,user3,"(0, 1)","(0, 1)","(1, 2)",0.28984286896592726,175.89999999850988,0.2599025083447052,True,True,True
3,user3,"(0, 2)","(0, 2)","(0, 1)",0.19897598518201998,299.59999999962747,0.17670356448973132,False,False,True
3,user3,"(1, 2)","(0, 1)","(1, 2)",0.15958993537768118,123.70000000111759,-0.08319894385497392,True,True,True
3,user3,"(0, 1)","(0, 1)","(0, 1)",0.4851147339090901,167.0,0.2190867506185953,True,True,True
3,user3,"(0, 2)","(0, 2)","(0, 2)",1.025816759060279,315.19999999925494,0.4251701791874969,False,False,False
3,user3,"(1, 2)","(0, 1)","(1, 2)",0.5276572029332166,148.19999999925494,0.2060834285689015,True,True,True
3,user3,"(0, 1)","(1, 2)","(0, 1)",0.10580448261336861,95.0,0.6413221126953593,True,True,True
3,user3,"(0, 2)","(0, 1)","(0, 2)",0.4588868292210728,181.60000000149012,0.1006435257796875,False,True,False
3,user3,"(1, 2)","(1, 2)","(0, 1)",1.7582723768761501,86.60000000149012,-0.5406785869156717,True,True,True
3,user3,"(0, 1)","(0, 2)","(0, 1)",0.42730664103058036,137.40000000037253,0.5738004229273791,True,False,True
3,user3,"(0, 2)","(0, 1)","(0, 1)",0.1480338598944616,281.5,0.06397529949497203,False,True,True
3,user3,"(1, 2)","(1, 2)","(1, 2)",1.4933977439814226,144.09999999962747,-0.5098251234324072,True,True,True
3,user3,"(0, 1)","(0, 1)","(0, 1)",0.2642496934857057,106.40000000037253,-0.020943173845243135,True,True,True
3,user3,"(0, 2)","(0, 2)","(0, 2)",1.24857587514316,214.90000000037253,0.6466271649250525,False,False,False
3,user3,"(1, 2)","(0, 2)","(1, 2)",0.19940335425153133,108.5,0.6675703387702956,True,False,True
3,user3,"(0, 1)","(0, 1)","(0, 1)",0.5123061481417893,128.0,0.27670501382062995,True,True,True
3,user3,"(0, 2)","(0, 2)","(0, 2)",1.6675456898259053,295.80000000074506,0.7440919821751939,False,False,False
3,user3,"(1, 2)","(0, 2)","(0, 2)",0.327917336819489,167.80000000074506,0.46738696835456384,True,False,False
3,user5,"(0, 1)","(0, 2)","(0, 2)",0.6924558267117442,1320.0999999996275,0.26933293378358436,True,False,False
3,user5,"(0, 2)","(0, 2)","(0, 2)",1.5136081996698394,1490.5,0.9326271511938485,False,False,False
3,user5,"(1, 2)","(0, 2)","(0, 2)",0.9659103425088678,170.40000000037253,0.6632942174102642,True,False,False
3,user5,"(0, 1)","(0, 1)","(0, 1)",0.4268895403860944,180.69999999925494,0.06979576193554192,True,True,True
3,user5,"(0, 2)","(0, 2)","(0, 2)",1.1786178722022314,312.0,0.47045316847560315,False,False,False
3,user5,"(1, 2)","(0, 1)","(0, 1)",0.3036578467809292,131.30000000074506,0.40065740654006127,True,True,True
3,user5,"(0, 1)","(0, 1)","(0, 1)",0.48775488396155275,126.0,0.13395792280799906,True,True,True
3,user5,"(0, 2)","(0, 2)","(0, 2)",1.0666326494865617,209.90000000037253,0.5723835167654241,False,False,False
3,user5,"(1, 2)","(0, 1)","(0, 1)",0.2592020688897433,83.90000000037253,0.4384255939574249,True,True,True
3,user5,"(0, 1)","(0, 1)","(0, 1)",0.25009670591850774,108.69999999925494,-0.03077165866675366,True,True,True
3,user5,"(0, 2)","(0, 2)","(0, 2)",0.29325173155840345,189.59999999962747,0.4070288300843471,False,False,False
3,user5,"(1, 2)","(0, 1)","(1, 2)",0.24684033696742202,80.90000000037253,0.4378004887511008,True,True,True
3,user5,"(0, 1)","(0, 1)","(0, 1)",0.5141234520459794,135.59999999962747,0.2837216712356841,True,True,True
3,user5,"(0, 2)","(0, 2)","(1, 2)",0.7930564123063337,278.7999999988824,0.40101075775878414,False,False,True
3,user5,"(1, 2)","(0, 1)","(0, 1)",0.4838760634960112,143.19999999925494,0.11728908652310002,True,True,True
3,user5,"(0, 1)","(0, 1)","(0, 1)",0.40754807678017635,105.59999999962747,0.0767871432137703,True,True,True
3,user5,"(0, 2)","(0, 2)","(0, 2)",1.0835729145413395,411.59999999962747,0.3566749439387324,False,False,False
3,user5,"(1, 2)","(0, 2)","(0, 2)",0.5143542519702418,306.0,0.27988780072496205,True,False,False
3,user5,"(0, 1)","(0, 1)","(0, 1)",0.32432886552185325,86.59999999962747,0.05310982531394833,True,True,True
3,user5,"(0, 2)","(0, 1)","(1, 2)",0.47987750181872424,176.7999999988824,0.18924199963852834,False,True,True
3,user5,"(1, 2)","(0, 1)","(1, 2)",0.41934269655209644,90.19999999925494,0.1361321743245799,True,True,True
3,user5,"(0, 1)","(0, 1)","(0, 1)",0.4715624644781128,118.0,0.3305637999350466,True,True,True
3,user5,"(0, 2)","(0, 2)","(0, 2)",0.395809490492258,193.40000000037253,0.42793796396022304,False,False,False
3,user5,"(1, 2)","(0, 1)","(1, 2)",0.3219530949918852,75.40000000037253,0.09737416402517637,True,True,True
3,user5,"(0, 1)","(0, 1)","(0, 1)",0.12253932183839367,101.5,-0.08393445148515052,True,True,True
3,user5,"(0, 2)","(0, 2)","(0, 2)",0.7591575676541316,217.30000000074506,0.4820575535895481,False,False,False
3,user5,"(1, 2)","(0, 2)","(1, 2)",0.1060098291037943,115.80000000074506,0.5659920050746987,True,False,True
3,user5,"(0, 1)","(0, 1)","(1, 2)",0.30001353363703487,69.0,0.3364722366212129,True,True,True
3,user5,"(0, 2)","(0, 2)","(1, 2)",0.8216035314830191,137.60000000149012,0.9426080401915286,False,False,True
3,user5,"(1, 2)","(1, 2)","(1, 2)",0.19386673739310356,68.60000000149012,0.6061358035703155,True,True,True
3,user5,"(0, 1)","(0, 1)","(1, 2)",0.25250034315985137,63.90000000037253,0.3472741696540266,True,True,True
3,user5,"(0, 2)","(0, 2)","(0, 2)",0.6054841620172607,135.09999999962747,0.6686561605516496,False,False,False
3,user5,"(1, 2)","(0, 1)","(1, 2)",0.3260875425755856,71.19999999925494,0.32138199089762304,True,True,True
3,user5,"(0, 1)","(1, 2)","(0, 1)",0.7831030887451488,529.0999999996275,-0.24921579162398486,True,True,True
3,user5,"(0, 2)","(0, 2)","(0, 1)",1.152906709248358,693.5,0.30034046932370434,False,False,True
3,user5,"(1, 2)","(0, 2)","(1, 2)",0.614282355741769,164.40000000037253,0.5495562609476893,True,False,True
3,user5,"(0, 1)","(0, 1)","(1, 2)",0.3268552253872722,96.90000000037253,0.42343380165098077,True,True,True
3,user5,"(0, 2)","(0, 2)","(0, 2)",0.6982805281306463,181.09999999962747,0.5339213385606401,False,False,False
3,user5,"(1, 2)","(0, 1)","(0, 1)",0.3766806977264283,84.19999999925494,0.11048753690965925,True,True,True
3,user5,"(0, 1)","(0, 1)","(0, 1)",0.34876568814606124,135.90000000037253,0.3706311554325319,True,True,True
3,user5,"(0, 2)","(0, 2)","(0, 2)",1.3317615125581814,240.90000000037253,0.6142532380902822,False,False,False
3,user5,"(1, 2)","(0, 1)","(1, 2)",0.48922621723314397,105.0,0.2436220826577505,True,True,True
3,user9,"(0, 1)","(0, 1)","(1, 2)",0.08347837911273459,88.80000000074506,0.5384407907989641,True,True,True
3,user9,"(0, 2)","(0, 1)","(0, 2)",0.4891022436837048,185.0,0.14190431343510104,False,True,False
3,user9,"(1, 2)","(1, 2)","(1, 2)",0.9792881534369692,96.19999999925494,-0.39653647736386294,True,True,True
3,user9,"(0, 1)","(0, 2)","(0, 2)",0.16349812593556923,154.80000000074506,0.4567584024957149,True,False,False
3,user9,"(0, 2)","(0, 2)","(0, 2)",0.08280312167936243,252.59999999962747,0.21278076427866321,False,False,False
3,user9,"(1, 2)","(1, 2)","(1, 2)",0.3528815056712572,97.79999999888241,-0.24397763821705176,True,True,True
3,user9,"(0, 1)","(0, 1)","(0, 1)",0.257889244180868,69.09999999962747,0.07361181734324596,True,True,True
3,user9,"(0, 2)","(0, 2)","(0, 1)",0.3812606057749752,136.19999999925494,0.5660883024410402,False,False,True
3,user9,"(1, 2)","(0, 1)","(1, 2)",0.06846685583583811,67.09999999962747,0.49247648509779424,True,True,True
3,user9,"(0, 1)","(0, 1)","(1, 2)",0.33855965960206547,103.90000000037253,0.026668247082161273,True,True,True
3,user9,"(0, 2)","(0, 2)","(0, 2)",0.144586488529045,216.09999999962747,0.3053816495511819,False,False,False
3,user9,"(1, 2)","(0, 1)","(1, 2)",0.49340747811498153,112.19999999925494,0.2787134024690205,True,True,True
3,user9,"(0, 1)","(0, 1)","(0, 1)",0.3777989110508624,74.60000000149012,0.20294084399669038,True,True,True
3,user9,"(0, 2)","(0, 1)","(0, 1)",0.4984321532023793,130.2000000011176,0.30830135965451666,False,True,True
3,user9,"(1, 2)","(0, 1)","(0, 1)",0.17295502279067443,55.59999999962747,0.10536051565782635,True,True,True
3,user9,"(0, 1)","(0, 2)","(0, 2)",0.7719346773722637,317.3999999985099,0.3483066942682158,True,False,False
3,user9,"(0, 2)","(0, 2)","(0, 2)",1.7845923228923488,495.09999999962747,0.6237186741281824,False,False,False
3,user9,"(1, 2)","(0, 1)","(0, 2)",0.22866401721745988,177.7000000011176,0.2754119798599666,True,True,False
3,user9,"(0, 1)","(0, 1)","(0, 1)",0.3555053095556284,73.40000000037253,0.29528667183700025,True,True,True
3,user9,"(0, 2)","(0, 2)","(0, 2)",0.5245212232705143,128.80000000074506,0.6706743247078867,False,False,False
3,user9,"(1, 2)","(0, 1)","(1, 2)",0.14365117732731347,55.40000000037253,0.37538765287088643,True,True,True
3,user9,"(0, 1)","(0, 2)","(0, 1)",0.1410344132070509,334.69999999925494,0.10097591734000218,True,False,True
3,user9,"(0, 2)","(0, 2)","(0, 2)",1.0133488159565125,458.90000000037253,0.30095240937267753,False,False,False
3,user9,"(1, 2)","(0, 1)","(0, 1)",0.515633899061289,124.20000000111759,0.1999764920326754,True,True,True
3,user9,"(0, 1)","(0, 1)","(0, 1)",0.4117822269139205,103.70000000111759,0.08434114843375096,True,True,True
3,user9,"(0, 2)","(0, 1)","(0, 2)",0.343616027228418,220.80000000074506,0.11686434013931095,False,True,False
3,user9,"(1, 2)","(0, 1)","(0, 1)",0.3696902459196233,117.09999999962747,0.03252319170555993,True,True,True
3,user9,"(0, 1)","(1, 2)","(1, 2)",0.7673168145203816,78.40000000037253,-0.3329386640399018,True,True,True
3,user9,"(0, 2)","(0, 1)","(0, 2)",0.19632896705202463,166.90000000037253,0.31691171076671926,False,True,False
3,user9,"(1, 2)","(1, 2)","(1, 2)",0.22248857227519314,88.5,0.6498503748066211,True,True,True
3,user9,"(0, 1)","(0, 1)","(0, 1)",0.4298645192508195,86.90000000037253,0.18012616623051902,True,True,True
3,user9,"(0, 2)","(0, 2)","(0, 2)",0.7945752371261039,189.90000000037253,0.5405675929647282,False,False,False
3,user9,"(1, 2)","(0, 1)","(0, 1)",0.4195111551746906,103.0,0.3604414267342092,True,True,True
3,user9,"(0, 1)","(0, 1)","(0, 1)",0.2946486531184156,86.0,0.03315220731690055,True,True,True
3,user9,"(0, 2)","(0, 2)","(0, 2)",0.4637530341152617,178.5,0.4787373092144901,False,False,False
3,user9,"(1, 2)","(0, 1)","(0, 1)",0.27949970765270293,92.5,0.44558510189758965,True,True,True
3,user9,"(0, 1)","(0, 1)","(1, 2)",0.3243239585479858,66.20000000111759,0.21905356606268467,True,True,True
3,user9,"(0, 2)","(0, 2)","(0, 2)",0.6433776423718087,135.90000000037253,0.6931471805599453,False,False,False
3,user9,"(1, 2)","(0, 1)","(1, 2)",0.12184381579864778,69.69999999925494,0.4740936144972607,True,True,True
3,user9,"(0, 1)","(0, 1)","(0, 1)",0.09980594178010083,101.30000000074506,-0.09340117508840076,True,True,True
3,user9,"(0, 2)","(0, 1)","(0, 2)",0.36024039039636024,208.30000000074506,0.03559094510270253,False,True,False
3,user9,"(1, 2)","(0, 1)","(0, 1)",0.4585662390350045,107.0,0.12899212019110332,True,True,True
3,user9,"(0, 1)","(1, 2)","(1, 2)",16.44874917253746,182105.0,-0.42488319396526597,True,True,True
3,user9,"(0, 2)","(1, 2)","(0, 1)",14.946337596315558,182180.40000000037,0.0816780310142671,False,True,True
3,user9,"(1, 2)","(0, 1)","(1, 2)",0.09306286814082765,75.40000000037253,0.5065612249795332,True,True,True
3,user9,"(0, 1)","(0, 2)","(0, 1)",0.3676922404229106,124.60000000149012,0.5987374960888706,True,False,True
3,user9,"(0, 2)","(0, 1)","(0, 1)",0.20307799544416583,208.80000000074506,0.20232222350062407,False,True,True
3,user9,"(1, 2)","(1, 2)","(1, 2)",1.020366041991394,84.19999999925494,-0.3964152725882465,True,True,True
3,user9,"(0, 1)","(0, 1)","(0, 1)",0.06006158468056211,92.0,0.552917839251295,True,True,True
3,user9,"(0, 2)","(0, 2)","(0, 2)",0.13732308992256337,181.0,0.38155958725461003,False,False,False
3,user9,"(1, 2)","(1, 2)","(1, 2)",0.14512385083556767,89.0,-0.17135825199668517,True,True,True
3,user9,"(0, 1)","(0, 1)","(1, 2)",0.053555421857827135,102.90000000037253,0.5674813987413734,True,True,True
3,user9,"(0, 2)","(0, 1)","(0, 1)",0.48909203959886915,167.7000000011176,0.21533932582262813,False,True,True
3,user9,"(1, 2)","(1, 2)","(1, 2)",0.9354821358091443,64.80000000074506,-0.3521420729187452,True,True,True
4,user19,"(0, 1)","(0, 1)","(1, 2)",0.26850649332559917,104.30000000074506,0.2346473757956944,True,True,True
4,user19,"(0, 2)","(0, 2)","(0, 2)",0.15555297050074401,193.19999999925494,0.29423947299793995,False,False,False
4,user19,"(1, 2)","(0, 1)","(1, 2)",0.10073801572599983,88.89999999850988,0.0595920972022456,True,True,True
4,user19,"(0, 1)","(1, 2)","(1, 2)",0.08669475128262127,93.10000000149012,0.5050949490570057,True,True,True
4,user19,"(0, 2)","(0, 1)","(0, 1)",0.2172156649397856,184.30000000074506,0.21029540883636075,False,True,True
4,user19,"(1, 2)","(1, 2)","(1, 2)",1.002682080694619,91.19999999925494,-0.294799540220645,True,True,True
4,user19,"(0, 1)","(0, 1)","(0, 1)",0.25946930482429487,100.29999999701977,0.22800974096538265,True,True,True
4,user19,"(0, 2)","(0, 2)","(0, 2)",1.318024105990661,186.59999999776483,0.8852249122992646,False,False,False
4,user19,"(1, 2)","(1, 2)","(1, 2)",0.5737775621401687,86.30000000074506,0.657215171333882,True,True,True
4,user19,"(0, 1)","(0, 1)","(1, 2)",0.0722947720109488,89.80000000074506,0.4248831939652659,True,True,True
4,user19,"(0, 2)","(0, 2)","(0, 2)",1.0643480591813264,163.59999999776483,0.8244831826210323,False,False,False
4,user19,"(1, 2)","(0, 1)","(1, 2)",0.08077936366612981,73.79999999701977,0.3995999886557663,True,True,True
4,user19,"(0, 1)","(0, 1)","(0, 1)",0.23359019245084278,91.60000000149012,0.19349485739207992,True,True,True
4,user19,"(0, 2)","(0, 2)","(0, 2)",0.5153813769075822,161.40000000223517,0.46262352194811296,False,False,False
4,user19,"(1, 2)","(0, 1)","(1, 2)",0.19180772942389113,69.80000000074506,0.2691286645560331,True,True,True
4,user19,"(0, 1)","(0, 1)","(1, 2)",0.06751109853138537,106.80000000074506,0.017699577099400857,True,True,True
4,user19,"(0, 2)","(0, 2)","(1, 2)",1.3976802988441015,195.0,0.7108467576593461,False,False,True
4,user19,"(1, 2)","(1, 2)","(1, 2)",0.6727009421216118,88.19999999925494,0.6931471805599453,True,True,True
4,user19,"(0, 1)","(0, 1)","(0, 1)",0.2067735605418859,108.30000000074506,0.10697211955216773,True,True,True
4,user19,"(0, 2)","(0, 2)","(0, 2)",0.6008084477158105,367.5,0.27329333499968134,False,False,False
4,user19,"(1, 2)","(0, 2)","(0, 2)",0.051362869319696136,259.19999999925494,0.16632121544751352,True,False,False
4,user19,"(0, 1)","(0, 1)","(0, 1)",0.24389796704786004,93.80000000074506,0.2505232889991351,True,True,True
4,user19,"(0, 2)","(0, 2)","(1, 2)",1.1480633687709032,172.5,0.701492152492126,False,False,True
4,user19,"(1, 2)","(0, 1)","(1, 2)",0.001868042342333398,78.69999999925494,0.45096886349299076,True,True,True
4,user19,"(0, 1)","(0, 1)","(0, 1)",0.20350171481069013,74.80000000074506,0.20679441331268036,True,True,True
4,user19,"(0, 2)","(0, 2)","(0, 2)",0.9421483277082962,178.39999999850988,0.5218754599525757,False,False,False
4,user19,"(1, 2)","(0, 1)","(1, 2)",0.2368377168092226,103.59999999776483,0.31508104663989545,True,True,True
4,user19,"(0, 1)","(0, 1)","(1, 2)",0.07858530639944972,108.09999999776483,0.021978906718775167,True,True,True
4,user19,"(0, 2)","(0, 2)","(0, 2)",1.0210435450526543,167.19999999925494,0.6299682789384138,False,False,False
4,user19,"(1, 2)","(1, 2)","(1, 2)",0.44562857040753867,59.100000001490116,0.6079893722196384,True,True,True
4,user19,"(0, 1)","(1, 2)","(0, 1)",0.8908862349024729,73.09999999776483,-0.262364264467491,True,True,True
4,user19,"(0, 2)","(0, 2)","(0, 2)",0.2581925547998488,154.59999999776483,0.41985384556026406,False,False,False
4,user19,"(1, 2)","(1, 2)","(1, 2)",0.6810279960925989,81.5,0.682218110027755,True,True,True
4,user19,"(0, 1)","(0, 1)","(1, 2)",0.23188878237532418,107.60000000149012,0.13353139262452257,True,True,True
4,user19,"(0, 2)","(0, 2)","(0, 2)",0.42026916374787726,188.0,0.3746934494414107,False,False,False
4,user19,"(1, 2)","(0, 1)","(1, 2)",0.21699514865957625,80.39999999850988,0.24116205681688804,True,True,True
4,user19,"(0, 1)","(0, 1)","(0, 1)",0.22576244903115972,117.19999999925494,0.36000273403140703,True,True,True
4,user19,"(0, 2)","(0, 2)","(0, 2)",1.5742583817420448,212.90000000223517,0.7530453221410143,False,False,False
4,user19,"(1, 2)","(0, 1)","(1, 2)",0.13505269569091882,95.70000000298023,0.3930425881096072,True,True,True
4,user19,"(0, 1)","(1, 2)","(1, 2)",0.17424435023726537,66.5,-0.0537041789718611,True,True,True
4,user19,"(0, 2)","(0, 2)","(1, 2)",0.5111696294791402,139.69999999925494,0.5578931346239765,False,False,True
4,user19,"(1, 2)","(1, 2)","(1, 2)",0.4360558742411059,73.19999999925494,0.6115973135958376,True,True,True
4,user19,"(0, 1)","(1, 2)","(1, 2)",0.24335481472530684,67.0,0.5456944494168147,True,True,True
4,user19,"(0, 2)","(0, 1)","(0, 1)",0.24560748847391012,135.39999999850988,0.08786135579133425,False,True,True
4,user19,"(1, 2)","(1, 2)","(1, 2)",1.9332252944000814,68.39999999850988,-0.4578330936254803,True,True,True
4,user19,"(0, 1)","(0, 2)","(0, 2)",0.5899542987291726,134.30000000074506,0.8509079726113034,True,False,False
4,user19,"(0, 2)","(0, 2)","(0, 2)",0.5673612983418431,207.39999999850988,0.3761687386197336,False,False,False
4,user19,"(1, 2)","(1, 2)","(1, 2)",2.0305638514254536,73.09999999776483,-0.47473923399156975,True,True,True
4,user19,"(0, 1)","(0, 1)","(1, 2)",0.11792024372730792,85.80000000074506,0.39019763597737595,True,True,True
4,user19,"(0, 2)","(0, 2)","(0, 2)",0.7459444256169449,201.5,0.43078291609245434,False,False,False
4,user19,"(1, 2)","(0, 1)","(0, 1)",0.12934524155254623,115.69999999925494,0.0405852801150783,True,True,True
4,user19,"(0, 1)","(0, 1)","(1, 2)",0.2738757294670211,122.69999999925494,0.32340015505386016,True,True,True
4,user19,"(0, 2)","(0, 2)","(0, 2)",0.6774453562729426,221.69999999925494,0.382699897335152,False,False,False
4,user19,"(1, 2)","(0, 1)","(0, 1)",0.122213730302559,99.0,0.05929974228129184,True,True,True
4,user2,"(0, 1)","(0, 1)","(1, 2)",0.3462996728895589,140.2999999988824,0.20163734609324613,True,True,True
4,user2,"(0, 2)","(0, 2)","(0, 2)",1.57388774357704,253.89999999850988,0.5628819857220438,False,False,False
4,user2,"(1, 2)","(0, 1)","(1, 2)",0.21612899957639453,113.59999999962747,0.3612446396287976,True,True,True
4,user2,"(0, 1)","(0, 1)","(0, 1)",0.27215770246338855,130.7999999988824,0.1200883223680698,True,True,True
4,user2,"(0, 2)","(0, 2)","(0, 2)",1.7077683336157983,232.09999999962747,0.7306850998790105,False,False,False
4,user2,"(1, 2)","(1, 2)","(1, 2)",0.3084306645905591,101.30000000074506,0.6105967775109408,True,True,True
4,user2,"(0, 1)","(0, 2)","(0, 1)",0.4960489250838709,251.10000000149012,0.3005145125216653,True,False,True
4,user2,"(0, 2)","(0, 2)","(0, 2)",2.3843993899141775,478.90000000037253,0.7997227631959396,False,False,False
4,user2,"(1, 2)","(0, 2)","(0, 2)",1.1861803648989877,227.7999999988824,0.4992082506742744,True,False,False
4,user2,"(0, 1)","(0, 1)","(0, 1)",0.19625771218050636,255.69999999925494,0.09371401027150277,True,True,True
4,user2,"(0, 2)","(0, 2)","(0, 2)",0.950147364250332,421.80000000074506,0.3663058369996937,False,False,False
4,user2,"(1, 2)","(0, 1)","(0, 2)",0.17204102769143959,166.10000000149012,0.27259182672819093,True,True,False
4,user2,"(0, 1)","(1, 2)","(0, 1)",0.509659110342807,83.0,-0.17220342662837,True,True,True
4,user2,"(0, 2)","(0, 1)","(0, 2)",0.16012373095588428,146.59999999962747,0.340507211833392,False,True,False
4,user2,"(1, 2)","(1, 2)","(1, 2)",0.16133514888929013,63.59999999962747,0.512710638461762,True,True,True
4,user2,"(0, 1)","(1, 2)","(1, 2)",0.3265927945551065,120.69999999925494,-0.143590919612256,True,True,True
4,user2,"(0, 2)","(0, 1)","(1, 2)",0.3544260729208928,241.2999999988824,0.06062462181643484,False,True,True
4,user2,"(1, 2)","(0, 1)","(1, 2)",0.30190603530380955,120.59999999962747,0.2042155414286909,True,True,True
4,user2,"(0, 1)","(0, 1)","(0, 2)",0.21077703073336973,174.09999999962747,0.238833767057297,True,True,False
4,user2,"(0, 2)","(0, 2)","(0, 2)",0.8882035837820931,301.69999999925494,0.36772478012531734,False,False,False
4,user2,"(1, 2)","(0, 1)","(1, 2)",0.2733423244217823,127.59999999962747,0.1288910130680205,True,True,True
4,user2,"(0, 1)","(1, 2)","(1, 2)",0.18030497439804438,105.19999999925494,0.5508309583796898,True,True,True
4,user2,"(0, 2)","(0, 2)","(0, 2)",1.289734697748493,197.0,1.0249245728769505,False,False,False
4,user2,"(1, 2)","(1, 2)","(1, 2)",0.01850763356951135,91.80000000074506,0.4740936144972607,True,True,True
4,user2,"(0, 1)","(0, 1)","(0, 1)",0.18943595487969023,101.40000000037253,0.10536051565782635,True,True,True
4,user2,"(0, 2)","(0, 2)","(0, 2)",0.5525574014930072,263.2000000011176,0.3044891907681621,False,False,False
4,user2,"(1, 2)","(0, 1)","(0, 2)",0.3940930023237146,161.80000000074506,0.1991286751103359,True,True,False
4,user2,"(0, 1)","(1, 2)","(0, 2)",0.8016860542803651,55.600000001490116,0.7015860492058099,True,True,False
4,user2,"(0, 2)","(0, 2)","(0, 2)",0.5819784329558484,138.30000000074506,0.9724610033412096,False,False,False
4,user2,"(1, 2)","(0, 1)","(1, 2)",0.21548086821766277,82.69999999925494,0.2708749541353997,True,True,True
4,user2,"(0, 1)","(0, 2)","(0, 2)",0.8287493541024763,257.09999999962747,0.38193461069797024,True,False,False
4,user2,"(0, 2)","(0, 2)","(0, 2)",1.7958909735683806,369.5,0.5689181805977362,False,False,False
4,user2,"(1, 2)","(0, 1)","(1, 2)",0.2774359114031042,112.40000000037253,0.18698356989976597,True,True,True
4,user23,"(0, 1)","(1, 2)","(1, 2)",0.4123346472779962,97.5,0.623188591953035,True,True,True
4,user23,"(0, 2)","(0, 2)","(0, 2)",0.932651648300494,178.0,0.5205344378929515,False,False,False
4,user23,"(1, 2)","(1, 2)","(1, 2)",0.2848671481282963,80.5,-0.10265415406008334,True,True,True
4,user23,"(0, 1)","(0, 2)","(0, 2)",1.1853229716648563,292.8999999985099,0.44628710262841953,True,False,False
4,user23,"(0, 2)","(0, 2)","(0, 2)",1.1007645712606262,357.69999999925494,0.4054651081081644,False,False,False
4,user23,"(1, 2)","(1, 2)","(1, 2)",0.14465345857116296,64.80000000074506,-0.040821994520255166,True,True,True
4,user23,"(0, 1)","(0, 1)","(0, 1)",0.39190916192643477,181.39999999850988,0.12660562427156258,True,True,True
4,user23,"(0, 2)","(0, 2)","(0, 2)",2.346193773839259,467.0,0.9028677115420144,False,False,False
4,user23,"(1, 2)","(0, 2)","(0, 2)",2.0075387614432776,285.6000000014901,0.7762620872704519,True,False,False
4,user23,"(0, 1)","(1, 2)","(1, 2)",0.05223556594371814,64.90000000223517,0.0,True,True,True
4,user23,"(0, 2)","(0, 2)","(1, 2)",0.10847113168459721,121.80000000074506,0.5295177567781433,False,False,True
4,user23,"(1, 2)","(1, 2)","(1, 2)",0.21297826551390153,56.899999998509884,0.5295177567781433,True,True,True
4,user23,"(0, 1)","(0, 1)","(0, 1)",0.09412253456533581,81.0,0.399894063058709,True,True,True
4,user23,"(0, 2)","(0, 2)","(0, 2)",0.7056610832500776,142.30000000074506,0.9107196868246997,False,False,False
4,user23,"(1, 2)","(1, 2)","(1, 2)",0.15982967815287652,61.30000000074506,0.5108256237659907,True,True,True
4,user23,"(0, 1)","(1, 2)","(1, 2)",0.4123859543894055,72.60000000149012,0.6041996945434491,True,True,True
4,user23,"(0, 2)","(0, 1)","(0, 2)",6.576270970585362,69403.0,-0.3078266385442483,False,True,False
4,user23,"(1, 2)","(0, 1)","(1, 2)",2.0305538155094425,69330.39999999851,-0.9120263330876975,True,True,True
4,user23,"(0, 1)","(0, 1)","(1, 2)",0.07870514845817445,153.5,-0.0272125635248847,True,True,True
4,user23,"(0, 2)","(1, 2)","(1, 2)",0.8450642002349975,259.19999999925494,-0.3364722366212129,False,True,True
4,user23,"(1, 2)","(1, 2)","(1, 2)",1.039694890031677,105.69999999925494,-0.3092596730963282,True,True,True
4,user23,"(0, 1)","(1, 2)","(0, 1)",1.882438728131622,63.19999999925494,0.9202046311952914,True,True,True
4,user23,"(0, 2)","(0, 2)","(0, 2)",1.2868256709347807,197.40000000223517,0.5753641449035618,False,False,False
4,user23,"(1, 2)","(1, 2)","(0, 1)",1.1523920561840704,134.20000000298023,-0.3448404862917295,True,True,True
4,user23,"(0, 1)","(1, 2)","(0, 1)",0.31482248077536823,123.0,-0.1416505170630268,True,True,True
4,user23,"(0, 2)","(0, 2)","(0, 2)",2.219205522352498,362.69999999925494,0.7151260872787205,False,False,False
4,user23,"(1, 2)","(0, 2)","(0, 2)",1.764154782836197,239.69999999925494,0.8567766043417474,True,False,False
4,user23,"(0, 1)","(0, 1)","(0, 1)",0.29158808171580275,130.19999999925494,0.14310084364067324,True,True,True
4,user23,"(0, 2)","(0, 2)","(0, 2)",1.4197615070680973,209.89999999850988,0.5917946862996578,False,False,False
4,user23,"(1, 2)","(0, 1)","(1, 2)",0.008227464660702344,79.69999999925494,0.44869384265898443,True,True,True
4,user23,"(0, 1)","(0, 1)","(0, 2)",0.2701402672982649,161.0,0.06402185876493102,True,True,False
4,user23,"(0, 2)","(1, 2)","(0, 1)",1.5305512878540393,343.70000000298023,-0.4825218476031389,False,True,True
4,user23,"(1, 2)","(1, 2)","(0, 1)",2.265205131744355,182.70000000298023,-0.5465437063680699,True,True,True
4,user23,"(0, 1)","(1, 2)","(1, 2)",0.411255262970161,108.80000000074506,-0.16034265007517937,True,True,True
4,user23,"(0, 2)","(0, 2)","(0, 2)",0.5356259226634922,177.19999999925494,0.42744401482693967,False,False,False
4,user23,"(1, 2)","(1, 2)","(1, 2)",0.3664485495044546,68.39999999850988,0.5877866649021191,True,True,True
4,user23,"(0, 1)","(1, 2)","(1, 2)",3.808392370138882,114.0,-0.7256326357044337,True,True,True
4,user23,"(0, 2)","(1, 2)","(1, 2)",5.171494988061887,202.60000000149012,-0.8933889675874706,False,True,True
4,user23,"(1, 2)","(1, 2)","(1, 2)",0.48205849757361585,88.60000000149012,-0.16775633188303696,True,True,True
4,user23,"(0, 1)","(0, 1)","(1, 2)",0.20396653799410625,85.10000000149012,0.3044891907681621,True,True,True
4,user23,"(0, 2)","(0, 1)","(1, 2)",0.3686832390135787,148.30000000074506,0.23889190828234888,False,True,True
4,user23,"(1, 2)","(1, 2)","(1, 2)",0.21024025005900993,63.19999999925494,-0.06559728248581323,True,True,True
4,user23,"(0, 1)","(1, 2)","(1, 2)",0.0254931927402684,108.10000000149012,0.7105389232718146,True,True,True
4,user23,"(0, 2)","(0, 2)","(0, 2)",0.5072835030562438,181.90000000223517,0.4097847692526808,False,False,False
4,user23,"(1, 2)","(1, 2)","(1, 2)",1.0658336535402926,73.80000000074506,-0.3007541540191337,True,True,True
4,user23,"(0, 1)","(1, 2)","(0, 1)",0.7855110166920598,81.0,0.7073318155519017,True,True,True
4,user23,"(0, 2)","(0, 2)","(0, 2)",0.9006368112952112,157.40000000223517,0.6427932944143305,False,False,False
4,user23,"(1, 2)","(1, 2)","(1, 2)",0.18518197899306443,76.40000000223517,-0.06453852113757118,True,True,True
4,user23,"(0, 1)","(0, 1)","(0, 2)",0.39477141242411196,215.60000000149012,0.06899287148695142,True,True,False
4,user23,"(0, 2)","(0, 2)","(0, 2)",2.303772662952295,397.0,0.7911275889201491,False,False,False
4,user23,"(1, 2)","(0, 2)","(0, 2)",1.2630734523699463,181.39999999850988,0.7221347174331975,True,False,False
4,user23,"(0, 1)","(0, 1)","(0, 1)",0.23545120839434608,97.89999999850988,0.16799173123912967,True,True,True
4,user23,"(0, 2)","(0, 2)","(0, 2)",1.1346050191516357,171.80000000074506,0.9111493323737364,False,False,False
4,user23,"(1, 2)","(1, 2)","(1, 2)",0.9564729797991914,73.90000000223517,0.7431576011346067,True,True,True
