fold,u,truth,p,pred,correct
0,user17,0,0.3091968912258632,0,1
0,user17,1,0.41989507194573594,0,0
0,user17,0,0.5104248478787878,1,0
0,user17,1,0.6935285603546821,1,1
0,user17,0,0.3332007192777343,0,1
0,user17,1,0.45730217063183765,0,0
0,user17,0,0.2883860214504165,0,1
0,user17,1,0.5226989116213463,1,1
0,user17,0,0.20469701839088164,0,1
0,user17,1,0.44447620081317973,0,0
0,user17,0,0.577365699155323,1,0
0,user17,1,0.663617924059287,1,1
0,user17,0,0.6564147826832218,1,0
0,user17,1,0.743945254883146,1,1
0,user17,0,0.20666630379773263,0,1
0,user17,1,0.3459628854384797,0,0
0,user17,0,0.3916065200509321,0,1
0,user17,1,0.6207934046020106,1,1
0,user17,0,0.49007045805233124,0,1
0,user17,1,0.5998889515060563,1,1
0,user17,0,0.6938731040616191,1,0
0,user17,1,0.7809994661471863,1,1
0,user17,0,0.1774952316105299,0,1
0,user17,1,0.29736854008600183,0,0
0,user17,0,0.34388274995383694,0,1
0,user17,1,0.5407529492397692,1,1
0,user17,0,0.7380681494034538,1,0
0,user17,1,0.7915381224755853,1,1
0,user17,0,0.30635519311818543,0,1
0,user17,1,0.3973407958679735,0,0
0,user17,0,0.3656164473710694,0,1
0,user17,1,0.5128571740181166,1,1
0,user22,0,0.22046625991268673,0,1
0,user22,1,0.4644813958490053,0,0
0,user22,0,0.15201038459003915,0,1
0,user22,1,0.30105216621619185,0,0
0,user22,0,0.1898306062302602,0,1
0,user22,1,0.33041348092612927,0,0
0,user22,0,0.33223892928991866,0,1
0,user22,1,0.4942818126517076,0,0
0,user22,0,0.33509027325941754,0,1
0,user22,1,0.5814316361773085,1,1
0,user22,0,0.4259821010419279,0,1
0,user22,1,0.43019572163491027,0,0
0,user22,0,0.45515495016773605,0,1
0,user22,1,0.8411725939041144,1,1
0,user22,0,0.5886320070728183,1,0
0,user22,1,0.6426426647377003,1,1
0,user22,0,0.6132295514737989,1,0
0,user22,1,0.8638308238878769,1,1
0,user22,0,0.3728662074155721,0,1
0,user22,1,0.4911332918347843,0,0
0,user22,0,0.4033214810715625,0,1
0,user22,1,0.5937970397809834,1,1
0,user22,0,0.3851624457920382,0,1
0,user22,1,0.5542312081232436,1,1
0,user22,0,0.45744616055568843,0,1
0,user22,1,0.6823923659766049,1,1
0,user22,0,0.187235686612276,0,1
0,user22,1,0.5219302499014792,1,1
0,user22,0,0.3870618718144733,0,1
0,user22,1,0.598375262590209,1,1
0,user4,0,0.14739295392531662,0,1
0,user4,1,0.24566461514252722,0,0
0,user4,0,0.1277230175809369,0,1
0,user4,1,0.25076464984311125,0,0
0,user4,0,0.2589051599847551,0,1
0,user4,1,0.4491525305792584,0,0
0,user4,0,0.13073552055009247,0,1
0,user4,1,0.26462525651413643,0,0
0,user4,0,0.1875491614756281,0,1
0,user4,1,0.319528451547248,0,0
0,user4,0,0.32849258383502977,0,1
0,user4,1,0.4734163626093153,0,0
0,user4,0,0.21570183207654278,0,1
0,user4,1,0.42239632255154635,0,0
0,user4,0,0.2100509938554748,0,1
0,user4,1,0.33817156674743326,0,0
0,user4,0,0.22483817824146074,0,1
0,user4,1,0.27119370766502116,0,0
0,user4,0,0.10577297216607517,0,1
0,user4,1,0.18122450264484047,0,0
0,user4,0,0.08655028173112006,0,1
0,user4,1,0.13951936340820528,0,0
0,user4,0,0.5645387937701563,1,0
0,user4,1,0.6769496087027086,1,1
0,user6,0,0.330626885558657,0,1
0,user6,1,0.5845239098438101,1,1
0,user6,0,0.3299647615817071,0,1
0,user6,1,0.6395582547979745,1,1
0,user6,0,0.46306226323874716,0,1
0,user6,1,0.6396571266169292,1,1
0,user6,0,0.5902662095815824,1,0
0,user6,1,0.8073051352735056,1,1
0,user6,0,0.2865730301926787,0,1
0,user6,1,0.48849470542372314,0,0
0,user6,0,0.260817135580132,0,1
0,user6,1,0.6454863345057725,1,1
0,user6,0,0.3653323043702482,0,1
0,user6,1,0.5476367248807286,1,1
0,user6,0,0.43682164682371244,0,1
0,user6,1,0.5857969904006187,1,1
0,user6,0,0.6731137913911666,1,0
0,user6,1,0.7288994140498026,1,1
0,user6,0,0.5392031211995021,1,0
0,user6,1,0.6610491807170328,1,1
0,user6,0,0.29488764517073607,0,1
0,user6,1,0.4530549804904517,0,0
0,user6,0,0.5093268775747092,1,0
0,user6,1,0.7845712802046405,1,1
0,user6,0,0.6086633821907149,1,0
0,user6,1,0.6510571844393067,1,1
0,user6,0,0.6859085111330605,1,0
0,user6,1,0.7330572380700879,1,1
0,user6,0,0.5465456366395355,1,0
0,user6,1,0.7701536876996844,1,1
0,user6,0,0.6886217206978607,1,0
0,user6,1,0.776036875819171,1,1
0,user6,0,0.7209317715665229,1,0
0,user6,1,0.7651812888257248,1,1
1,user1,0,0.026667318416813093,0,1
1,user1,1,0.1637755561744593,0,0
1,user1,0,0.21759941396981033,0,1
1,user1,1,0.3308381896512925,0,0
1,user1,0,0.29644594750993164,0,1
1,user1,1,0.4930925001346238,0,0
1,user1,0,0.030987493025080342,0,1
1,user1,1,0.08892144103240252,0,0
1,user1,0,0.022421449063067377,0,1
1,user1,1,0.11204641834820073,0,0
1,user1,0,0.08504349417753009,0,1
1,user1,1,0.09393368587239395,0,0
1,user1,0,0.5528043379875822,1,0
1,user1,1,0.7919879412912593,1,1
1,user1,0,0.387013460944441,0,1
1,user1,1,0.5787696927969838,1,1
1,user1,0,0.07755676403999362,0,1
1,user1,1,0.1825423440697502,0,0
1,user16,0,0.19325364301278475,0,1
1,user16,1,0.46824390010681766,0,0
1,user16,0,0.4523145174604318,0,1
1,user16,1,0.5577442099946781,1,1
1,user16,0,0.44797231720157776,0,1
1,user16,1,0.5796895022172802,1,1
1,user16,0,0.4211366459857993,0,1
1,user16,1,0.4929123572877708,0,0
1,user16,0,0.6788884271923621,1,0
1,user16,1,0.8480079469467657,1,1
1,user16,0,0.16863664089408187,0,1
1,user16,1,0.3495677222002901,0,0
1,user16,0,0.5778869329028975,1,0
1,user16,1,0.6915301797549191,1,1
1,user16,0,0.43809629427662444,0,1
1,user16,1,0.6689491009687701,1,1
1,user16,0,0.21104306504130463,0,1
1,user16,1,0.33370049945756064,0,0
1,user16,0,0.4119443549758436,0,1
1,user16,1,0.5155130296862699,1,1
1,user16,0,0.6326452115993595,1,0
1,user16,1,0.8288156815386757,1,1
1,user16,0,0.046021106075641256,0,1
1,user16,1,0.22750135390817677,0,0
1,user16,0,0.28786652950167885,0,1
1,user16,1,0.535302107557162,1,1
1,user16,0,0.33558459774527205,0,1
1,user16,1,0.3199830633903514,0,0
1,user16,0,0.33582651333465574,0,1
1,user16,1,0.5702349530771452,1,1
1,user16,0,0.36165569380693063,0,1
1,user16,1,0.4792615989651366,0,0
1,user16,0,0.32797650076310314,0,1
1,user16,1,0.45929288186595035,0,0
1,user21,0,0.4876089676367564,0,1
1,user21,1,0.6660611487758857,1,1
1,user21,0,0.4338553136011709,0,1
1,user21,1,0.4917095715588888,0,0
1,user21,0,0.14820059478888134,0,1
1,user21,1,0.35664649689171785,0,0
1,user21,0,0.38629755329746296,0,1
1,user21,1,0.5935234720595177,1,1
1,user21,0,0.40857963692014043,0,1
1,user21,1,0.5642013803537901,1,1
1,user21,0,0.3561884450707845,0,1
1,user21,1,0.5412437149531045,1,1
1,user21,0,0.20477868713692282,0,1
1,user21,1,0.4001122972229681,0,0
1,user21,0,0.5953550436986624,1,0
1,user21,1,0.7390036499439596,1,1
1,user21,0,0.3824544906522441,0,1
1,user21,1,0.4938146184089632,0,0
1,user21,0,0.3059407070115166,0,1
1,user21,1,0.4104066064353638,0,0
1,user21,0,0.33321807214872157,0,1
1,user21,1,0.501323148856074,1,1
1,user21,0,0.3939194476144225,0,1
1,user21,1,0.6290821048937116,1,1
1,user21,0,0.5977718160701108,1,0
1,user21,1,0.48012848690196747,0,0
1,user21,0,0.7264237128799963,1,0
1,user21,1,0.7777418430372569,1,1
1,user24,0,0.37105658968923444,0,1
1,user24,1,0.6884935839815726,1,1
1,user24,0,0.15677011500184812,0,1
1,user24,1,0.4589191799555796,0,0
1,user24,0,0.3515924165985517,0,1
1,user24,1,0.5051248037067215,1,1
1,user24,0,0.18780425135286105,0,1
1,user24,1,0.3868855536281066,0,0
1,user24,0,0.4839650242314611,0,1
1,user24,1,0.6486470012611534,1,1
1,user24,0,0.19082059874659668,0,1
1,user24,1,0.34420947717728534,0,0
1,user24,0,0.24663963412964726,0,1
1,user24,1,0.5105420434401392,1,1
1,user24,0,0.31699506819935686,0,1
1,user24,1,0.5949112134580123,1,1
1,user24,0,0.3601931617980608,0,1
1,user24,1,0.5165054693465885,1,1
1,user24,0,0.5010015214277818,1,0
1,user24,1,0.7307068630250897,1,1
1,user24,0,0.3450793002206176,0,1
1,user24,1,0.43655999963906533,0,0
1,user24,0,0.4790017560763827,0,1
1,user24,1,0.7644173476096839,1,1
1,user24,0,0.46538932725241133,0,1
1,user24,1,0.656795912652721,1,1
1,user24,0,0.478662066885915,0,1
1,user24,1,0.6589616541709908,1,1
1,user24,0,0.43519262609776815,0,1
1,user24,1,0.554087179769632,1,1
2,user18,0,0.20273329926274036,0,1
2,user18,1,0.33855992685780334,0,0
2,user18,0,0.2681638481344354,0,1
2,user18,1,0.26241696910021184,0,0
2,user18,0,0.3805093104666232,0,1
2,user18,1,0.513923657493899,1,1
2,user18,0,0.5688395721842099,1,0
2,user18,1,0.8574690985825028,1,1
2,user18,0,0.5751259241650349,1,0
2,user18,1,0.6949539646099866,1,1
2,user18,0,0.45466834038164655,0,1
2,user18,1,0.4545682356611944,0,0
2,user18,0,0.6689805458289038,1,0
2,user18,1,0.6719067969700822,1,1
2,user18,0,0.2645467280330979,0,1
2,user18,1,0.3296832867858499,0,0
2,user18,0,0.3720004602166331,0,1
2,user18,1,0.47092164683412896,0,0
2,user18,0,0.47137400206839286,0,1
2,user18,1,0.7209041322042921,1,1
2,user18,0,0.44896712266323424,0,1
2,user18,1,0.46312341823257336,0,0
2,user18,0,0.5874178511067729,1,0
2,user18,1,0.6726861849365193,1,1
2,user18,0,0.2022188437182055,0,1
2,user18,1,0.38068455574608706,0,0
2,user18,0,0.5540646096127817,1,0
2,user18,1,0.707417036692439,1,1
2,user20,0,0.4006238502790602,0,1
2,user20,1,0.45950925242472296,0,0
2,user20,0,0.09694805715419637,0,1
2,user20,1,0.17479729874357816,0,0
2,user20,0,0.16659423767371104,0,1
2,user20,1,0.4145803157103085,0,0
2,user20,0,0.30619786330084287,0,1
2,user20,1,0.4584555803565919,0,0
2,user20,0,0.1392677349729779,0,1
2,user20,1,0.29013269634918454,0,0
2,user20,0,0.3182771803597611,0,1
2,user20,1,0.5397908191633463,1,1
2,user20,0,0.393752946267775,0,1
2,user20,1,0.42285197899861804,0,0
2,user20,0,0.3948352804836818,0,1
2,user20,1,0.3936381208915839,0,0
2,user20,0,0.2853359812635564,0,1
2,user20,1,0.2248929255802601,0,0
2,user20,0,0.8245986795264083,1,0
2,user20,1,0.9141390044744993,1,1
2,user20,0,0.5687512465382373,1,0
2,user20,1,0.5817191567545421,1,1
2,user20,0,0.5769634461008816,1,0
2,user20,1,0.6249892431590344,1,1
2,user20,0,0.3322191984624208,0,1
2,user20,1,0.5772293434894366,1,1
2,user20,0,0.17248986565788665,0,1
2,user20,1,0.3255331499791964,0,0
2,user7,0,0.7562777709595332,1,0
2,user7,1,0.7664896343794206,1,1
2,user7,0,0.719202398393329,1,0
2,user7,1,0.7126312610013268,1,1
2,user7,0,0.48436245678249107,0,1
2,user7,1,0.5439090337593272,1,1
2,user7,0,0.5255963204174687,1,0
2,user7,1,0.6272131819484924,1,1
2,user7,0,0.5752838182754271,1,0
2,user7,1,0.8025114964515452,1,1
2,user7,0,0.5952518124023614,1,0
2,user7,1,0.8857666401537596,1,1
2,user7,0,0.551916906129644,1,0
2,user7,1,0.7915478868971783,1,1
2,user7,0,0.41204732172565234,0,1
2,user7,1,0.5256165289803636,1,1
2,user7,0,0.4202286352289694,0,1
2,user7,1,0.6560307285022737,1,1
2,user7,0,0.5214194573270965,1,0
2,user7,1,0.772200676233031,1,1
2,user7,0,0.6131623594744335,1,0
2,user7,1,0.7893290936730563,1,1
2,user7,0,0.7673127783804033,1,0
2,user7,1,0.9089017241326885,1,1
2,user7,0,0.6884882280339135,1,0
2,user7,1,0.9069558867238371,1,1
2,user7,0,0.4203843237409022,0,1
2,user7,1,0.616285910012573,1,1
2,user8,0,0.4912750965229676,0,1
2,user8,1,0.5160797252037205,1,1
2,user8,0,0.5476816410143838,1,0
2,user8,1,0.5667094075777069,1,1
2,user8,0,0.46526018051211987,0,1
2,user8,1,0.6261751291658241,1,1
2,user8,0,0.7624738045106056,1,0
2,user8,1,0.7056705792286105,1,1
2,user8,0,0.7710956829268648,1,0
2,user8,1,0.8546020280665609,1,1
2,user8,0,0.28868611339746186,0,1
2,user8,1,0.24038802308331958,0,0
2,user8,0,0.919948132000826,1,0
2,user8,1,0.9777338260511167,1,1
2,user8,0,0.35963679536387416,0,1
2,user8,1,0.2906425924683607,0,0
2,user8,0,0.6188250200138858,1,0
2,user8,1,0.6990576911283315,1,1
2,user8,0,0.5114031356883287,1,0
2,user8,1,0.7622168916425245,1,1
2,user8,0,0.4445195427899026,0,1
2,user8,1,0.5690060046727896,1,1
2,user8,0,0.5614183675888694,1,0
2,user8,1,0.6369384746057619,1,1
2,user8,0,0.648552181178306,1,0
2,user8,1,0.7869206030391911,1,1
2,user8,0,0.41544560937614344,0,1
2,user8,1,0.6668018433396956,1,1
3,user3,0,0.48309888582755806,0,1
3,user3,1,0.7665853394956758,1,1
3,user3,0,0.27192400348998164,0,1
3,user3,1,0.3216219255747655,0,0
3,user3,0,0.21129004444812047,0,1
3,user3,1,0.2401094112933569,0,0
3,user3,0,0.29134727993013304,0,1
3,user3,1,0.3232365071449562,0,0
3,user3,0,0.4121883780639803,0,1
3,user3,1,0.4190637747573465,0,0
3,user3,0,0.32242583207098907,0,1
3,user3,1,0.5393045939557193,1,1
3,user3,0,0.62975432411161,1,0
3,user3,1,0.6538538809680241,1,1
3,user3,0,0.5075925407026122,1,0
3,user3,1,0.4590020824824817,0,0
3,user3,0,0.39860422391921996,0,1
3,user3,1,0.7099926547298355,1,1
3,user3,0,0.2602412824387981,0,1
3,user3,1,0.5180603586855131,1,1
3,user5,0,0.2321807100550328,0,1
3,user5,1,0.3889242614544022,0,0
3,user5,0,0.30771677569680683,0,1
3,user5,1,0.45220202360103273,0,0
3,user5,0,0.41925296214922075,0,1
3,user5,1,0.5959948912682523,1,1
3,user5,0,0.28685113906898085,0,1
3,user5,1,0.4040450354496506,0,0
3,user5,0,0.3774932213491736,0,1
3,user5,1,0.5648670675788289,1,1
3,user5,0,0.08762145628568417,0,1
3,user5,1,0.15177070100268836,0,0
3,user5,0,0.4815612287652901,0,1
3,user5,1,0.5754345894756913,1,1
3,user5,0,0.32389362707607056,0,1
3,user5,1,0.469027154165183,0,0
3,user5,0,0.4073282537780373,0,1
3,user5,1,0.6265877848016802,1,1
3,user5,0,0.49579931524471954,0,1
3,user5,1,0.6586503695102438,1,1
3,user5,0,0.26871243058978467,0,1
3,user5,1,0.5029186463583021,1,1
3,user5,0,0.2549802164238432,0,1
3,user5,1,0.4244125361671887,0,0
3,user5,0,0.23452303423898851,0,1
3,user5,1,0.4060166003585471,0,0
3,user5,0,0.5825633315946346,1,0
3,user5,1,0.8015348815777865,1,1
3,user9,0,0.736898863907729,1,0
3,user9,1,0.7583155185786928,1,1
3,user9,0,0.8048885857929928,1,0
3,user9,1,0.9039681077266982,1,1
3,user9,0,0.5876432577020865,1,0
3,user9,1,0.7377973257183613,1,1
3,user9,0,0.9652970384848618,1,0
3,user9,1,0.959507364078504,1,1
3,user9,0,0.4608800779362577,0,1
3,user9,1,0.5568794100275926,1,1
3,user9,0,0.42335873737349333,0,1
3,user9,1,0.49009610729305986,0,0
3,user9,0,0.6383493565902576,1,0
3,user9,1,0.7811840873517902,1,1
3,user9,0,0.2811089781330986,0,1
3,user9,1,0.5141291474603386,1,1
3,user9,0,0.2895847320557351,0,1
3,user9,1,0.43657359446035404,0,0
3,user9,0,0.8860938625614124,1,0
3,user9,1,0.8996831691813806,1,1
3,user9,0,0.7452018797054637,1,0
3,user9,1,0.928789022053009,1,1
3,user9,0,0.602655557915512,1,0
3,user9,1,0.7909590512912434,1,1
3,user9,0,0.6473808278575122,1,0
3,user9,1,0.8712638700719142,1,1
3,user9,0,0.7087865675153431,1,0
3,user9,1,0.6559178253831905,1,1
3,user9,0,0.622369870859811,1,0
3,user9,1,0.8113825635787782,1,1
3,user9,0,0.39405832741989466,0,1
3,user9,1,0.41794658598274664,0,0
3,user9,0,0.4880003229300996,0,1
3,user9,1,0.6201715356600611,1,1
3,user9,0,0.6561432193875013,1,0
3,user9,1,0.7164266983006937,1,1
4,user19,0,0.390455412737683,0,1
4,user19,1,0.4750059236489877,0,0
4,user19,0,0.7898376377184703,1,0
4,user19,1,0.8187559078781073,1,1
4,user19,0,0.34206972732134583,0,1
4,user19,1,0.6109582466900985,1,1
4,user19,0,0.44942324951181833,0,1
4,user19,1,0.7525214824986498,1,1
4,user19,0,0.7246186388029476,1,0
4,user19,1,0.848224611850256,1,1
4,user19,0,0.6165024487068768,1,0
4,user19,1,0.7140484459976326,1,1
4,user19,0,0.6586087257912234,1,0
4,user19,1,0.7235296003246242,1,1
4,user19,0,0.44601314854310337,0,1
4,user19,1,0.6889231315466866,1,1
4,user19,0,0.6140999970811573,1,0
4,user19,1,0.788282018376783,1,1
4,user19,0,0.7336818560065007,1,0
4,user19,1,0.9088197766533326,1,1
4,user19,0,0.6002712858580038,1,0
4,user19,1,0.7873896502510255,1,1
4,user19,0,0.6483843553777493,1,0
4,user19,1,0.7252230521905314,1,1
4,user19,0,0.28628955587352733,0,1
4,user19,1,0.4621061579937772,0,0
4,user19,0,0.4626154803206255,0,1
4,user19,1,0.6497342234285115,1,1
4,user19,0,0.8868964323612472,1,0
4,user19,1,0.8705050896832465,1,1
4,user19,0,0.8008975457376063,1,0
4,user19,1,0.8423449304501793,1,1
4,user19,0,0.20865232226268107,0,1
4,user19,1,0.38051339515648497,0,0
4,user19,0,0.2921123011073693,0,1
4,user19,1,0.3893446070852152,0,0
4,user2,0,0.5178011828461917,1,0
4,user2,1,0.7295346557240244,1,1
4,user2,0,0.2108649617426537,0,1
4,user2,1,0.4172790403627424,0,0
4,user2,0,0.0810135526391036,0,1
4,user2,1,0.26652176203343225,0,0
4,user2,0,0.2651704321463943,0,1
4,user2,1,0.38973899222158326,0,0
4,user2,0,0.4116403949350388,0,1
4,user2,1,0.6348561865891515,1,1
4,user2,0,0.513760485559046,1,0
4,user2,1,0.5044738216575415,1,1
4,user2,0,0.1558054111739766,0,1
4,user2,1,0.2655349602753191,0,0
4,user2,0,0.41916101296685876,0,1
4,user2,1,0.8041971922107752,1,1
4,user2,0,0.3502927997265467,0,1
4,user2,1,0.4351766300999124,0,0
4,user2,0,0.8278384202150751,1,0
4,user2,1,0.9615397019756586,1,1
4,user2,0,0.35822174336054463,0,1
4,user2,1,0.6062759040759081,1,1
4,user23,0,0.54367031322154,1,0
4,user23,1,0.7068561175000923,1,1
4,user23,0,0.770904128924431,1,0
4,user23,1,0.8467840537478226,1,1
4,user23,0,0.2873881489991701,0,1
4,user23,1,0.5645391161368895,1,1
4,user23,0,0.6146093075928623,1,0
4,user23,1,0.7772672724576349,1,1
4,user23,0,0.4162388108619988,0,1
4,user23,1,0.7555822186508669,1,1
4,user23,0,0.6168129174099296,1,0
4,user23,1,0.6611389360585758,1,1
4,user23,0,0.5350949306316091,1,0
4,user23,1,0.4899558200177579,0,0
4,user23,0,0.625086885695552,1,0
4,user23,1,0.7555643361980477,1,1
4,user23,0,0.5800880670773837,1,0
4,user23,1,0.6848558522609234,1,1
4,user23,0,0.523808285784577,1,0
4,user23,1,0.820690637878083,1,1
4,user23,0,0.3469399981291941,0,1
4,user23,1,0.3114388927803631,0,0
4,user23,0,0.4702447781110695,0,1
4,user23,1,0.5879716929365286,1,1
4,user23,0,0.7766444364827397,1,0
4,user23,1,0.4909569676414867,0,0
4,user23,0,0.8310890662523778,1,0
4,user23,1,0.8749952745264308,1,1
4,user23,0,0.7819388023978163,1,0
4,user23,1,0.8861431994789298,1,1
4,user23,0,0.503344283977131,1,0
4,user23,1,0.7163636129128791,1,1
4,user23,0,0.5141073160319123,1,0
4,user23,1,0.8777311721682148,1,1
4,user23,0,0.4062046558154413,0,1
4,user23,1,0.7368184325891444,1,1
