qa_id,fold,k,truth,base_pred,ext_pred,champ_pred,champ_ok,has_phase,base_ok,ext_ok
training_2724,0,3,D,D,D,D,True,True,True,True
training_2725,0,3,D,D,D,D,True,True,True,True
training_2726,0,3,D,D,D,D,True,True,True,True
training_2727,0,3,A,A,A,B,False,False,True,True
training_2728,0,3,A,A,D,B,False,False,True,False
training_2729,0,3,D,D,D,D,True,False,True,True
training_2730,0,3,A,A,A,A,True,False,True,True
training_2731,0,3,D,D,D,D,True,True,True,True
training_2732,0,3,C,C,C,C,True,True,True,True
training_2733,0,3,B,B,B,B,True,True,True,True
training_2734,0,3,C,C,C,C,True,True,True,True
training_2735,0,3,B,B,B,B,True,True,True,True
training_2736,0,3,C,C,C,C,True,True,True,True
training_2737,0,3,A,A,A,A,True,True,True,True
training_2738,0,3,B,B,B,B,True,True,True,True
training_2739,0,3,C,C,C,C,True,True,True,True
training_2740,0,3,A,A,A,A,True,True,True,True
training_2741,0,3,C,C,C,C,True,True,True,True
training_2742,0,3,C,C,C,C,True,True,True,True
training_2743,0,3,C,C,C,C,True,True,True,True
training_2744,0,3,B,B,B,B,True,True,True,True
training_2745,0,3,C,C,C,C,True,True,True,True
training_2746,0,3,A,A,A,A,True,True,True,True
training_2747,0,3,A,A,A,A,True,True,True,True
training_2748,0,3,B,B,B,C,False,True,True,True
training_2749,0,3,C,C,C,B,False,True,True,True
training_2750,0,3,A,A,A,A,True,True,True,True
training_2751,0,3,B,B,B,B,True,True,True,True
training_2752,0,3,A,A,A,A,True,True,True,True
training_2753,0,3,C,C,C,C,True,True,True,True
training_2754,0,3,C,C,C,C,True,True,True,True
training_2755,0,3,D,D,D,D,True,True,True,True
training_2756,0,3,D,D,D,D,True,True,True,True
training_2757,0,3,B,B,B,B,True,False,True,True
training_2758,0,3,B,B,B,B,True,False,True,True
training_2759,0,3,B,B,B,B,True,False,True,True
training_2760,0,3,C,C,C,C,True,True,True,True
training_2761,0,3,C,C,C,C,True,True,True,True
training_2762,0,3,C,C,C,C,True,True,True,True
training_2763,0,3,D,C,D,D,True,True,False,True
training_2764,0,3,B,D,B,B,True,True,False,True
training_2765,0,3,C,C,C,C,True,True,True,True
training_2766,0,3,C,C,C,C,True,True,True,True
training_2767,0,3,A,A,A,A,True,True,True,True
training_2768,0,3,A,A,A,A,True,True,True,True
training_2769,0,3,C,C,C,C,True,False,True,True
training_2770,0,3,C,C,C,C,True,True,True,True
training_2771,0,3,B,B,B,B,True,True,True,True
training_2772,0,2,D,A,A,A,False,True,False,False
training_2773,0,2,A,A,A,A,True,True,True,True
training_2774,0,3,A,A,A,A,True,True,True,True
training_2775,0,3,A,A,A,A,True,True,True,True
training_2776,0,3,B,B,B,B,True,True,True,True
training_2777,0,3,A,A,A,A,True,True,True,True
training_2778,0,3,D,D,D,D,True,True,True,True
training_2779,0,3,D,D,D,D,True,True,True,True
training_2780,0,3,B,B,B,B,True,True,True,True
training_2781,0,3,A,A,A,A,True,True,True,True
training_2782,0,3,B,B,B,B,True,True,True,True
training_2783,0,3,B,B,B,B,True,True,True,True
training_2784,0,3,B,B,B,B,True,True,True,True
training_2785,0,3,D,D,D,D,True,True,True,True
training_2786,0,3,A,A,A,A,True,True,True,True
training_2787,0,3,A,A,A,A,True,True,True,True
training_2788,0,3,C,C,C,C,True,True,True,True
training_2789,0,2,A,A,A,D,False,True,True,True
training_2790,0,2,A,A,A,A,True,True,True,True
training_2791,0,3,D,D,D,D,True,True,True,True
training_2792,0,3,B,B,B,B,True,True,True,True
training_2793,0,3,D,D,D,D,True,True,True,True
training_2794,0,3,D,D,D,D,True,True,True,True
training_2795,0,3,C,B,B,B,False,True,False,False
training_2796,0,3,D,A,A,A,False,True,False,False
training_2797,0,3,D,D,D,D,True,True,True,True
training_2798,0,3,B,B,B,B,True,True,True,True
training_2799,0,3,C,C,C,C,True,True,True,True
training_2914,0,3,D,D,D,D,True,True,True,True
training_2915,0,3,C,C,C,C,True,True,True,True
training_2916,0,3,A,A,A,A,True,True,True,True
training_2917,0,3,B,B,B,B,True,True,True,True
training_2918,0,3,D,D,D,D,True,True,True,True
training_2919,0,3,A,A,A,A,True,True,True,True
training_2920,0,3,D,D,D,D,True,True,True,True
training_2921,0,3,C,C,C,C,True,True,True,True
training_2922,0,3,C,C,C,C,True,True,True,True
training_2923,0,3,B,B,B,B,True,True,True,True
training_2924,0,3,B,B,B,B,True,True,True,True
training_2925,0,3,B,B,B,B,True,True,True,True
training_2926,0,3,C,C,C,C,True,True,True,True
training_2927,0,3,C,C,C,C,True,True,True,True
training_2928,0,3,C,C,C,C,True,True,True,True
training_2929,0,3,C,C,C,C,True,True,True,True
training_2930,0,3,B,B,B,B,True,True,True,True
training_2931,0,3,A,A,A,A,True,True,True,True
training_2932,0,3,A,A,A,A,True,True,True,True
training_2933,0,3,B,B,B,B,True,True,True,True
training_2934,0,3,A,A,A,A,True,True,True,True
training_2935,0,3,B,A,A,B,True,True,False,False
training_2936,0,3,B,C,C,B,True,True,False,False
training_2937,0,3,A,A,A,A,True,True,True,True
training_2938,0,3,A,A,A,A,True,True,True,True
training_2939,0,3,C,C,C,C,True,True,True,True
training_2940,0,3,C,C,C,C,True,True,True,True
training_2941,0,3,A,A,A,A,True,True,True,True
training_2942,0,3,D,D,D,D,True,True,True,True
training_2943,0,3,D,D,D,D,True,True,True,True
training_2944,0,3,D,D,D,D,True,True,True,True
training_2945,0,3,B,B,B,B,True,True,True,True
training_2946,0,3,A,A,A,A,True,True,True,True
training_2947,0,3,A,A,A,A,True,True,True,True
training_2948,0,3,C,C,C,C,True,True,True,True
training_2949,0,3,A,A,A,A,True,True,True,True
training_2950,0,3,A,A,A,A,True,True,True,True
training_2951,0,3,A,A,A,A,True,True,True,True
training_2952,0,3,A,A,A,A,True,True,True,True
training_2953,0,3,B,B,B,B,True,True,True,True
training_2954,0,3,C,C,C,C,True,True,True,True
training_2955,0,3,B,B,B,B,True,True,True,True
training_2956,0,3,B,B,B,B,True,True,True,True
training_2957,0,3,B,B,B,B,True,True,True,True
training_2958,0,3,C,C,C,C,True,True,True,True
training_2959,0,3,D,D,D,D,True,True,True,True
training_2960,0,3,B,B,B,B,True,True,True,True
training_2961,0,3,B,B,B,B,True,True,True,True
training_2962,0,3,D,D,D,D,True,True,True,True
training_2963,0,3,B,B,B,B,True,True,True,True
training_2964,0,3,A,A,A,A,True,True,True,True
training_3055,0,3,D,D,D,D,True,True,True,True
training_3056,0,3,D,D,D,D,True,True,True,True
training_3057,0,3,A,A,A,A,True,True,True,True
training_3058,0,3,A,A,A,A,True,True,True,True
training_3059,0,3,B,B,B,B,True,True,True,True
training_3060,0,3,B,B,B,B,True,True,True,True
training_3061,0,3,C,C,C,C,True,True,True,True
training_3062,0,3,A,A,A,A,True,True,True,True
training_3063,0,3,D,D,D,D,True,True,True,True
training_3064,0,3,D,D,D,D,True,True,True,True
training_3065,0,3,C,C,C,C,True,True,True,True
training_3066,0,3,B,B,B,B,True,True,True,True
training_3067,0,3,D,D,D,D,True,True,True,True
training_3068,0,3,A,A,A,A,True,True,True,True
training_3069,0,3,D,D,D,D,True,True,True,True
training_3070,0,3,C,C,C,C,True,True,True,True
training_3071,0,3,B,B,B,B,True,True,True,True
training_3072,0,3,C,C,C,C,True,True,True,True
training_3073,0,3,A,A,A,A,True,True,True,True
training_3074,0,3,B,B,B,B,True,True,True,True
training_3075,0,3,C,C,C,C,True,True,True,True
training_3076,0,3,B,B,B,B,True,True,True,True
training_3077,0,3,A,A,A,A,True,True,True,True
training_3078,0,3,A,A,A,A,True,True,True,True
training_3079,0,3,B,B,B,B,True,True,True,True
training_3080,0,3,D,D,D,D,True,True,True,True
training_3081,0,3,C,C,C,C,True,True,True,True
training_3082,0,3,B,B,B,B,True,True,True,True
training_3083,0,3,B,B,B,B,True,True,True,True
training_3084,0,3,C,C,C,C,True,True,True,True
training_3085,0,3,B,B,B,B,True,True,True,True
training_3086,0,3,C,C,C,C,True,True,True,True
training_3087,0,3,D,D,D,D,True,True,True,True
training_3088,0,3,C,C,C,C,True,True,True,True
training_3089,0,3,A,A,A,A,True,True,True,True
training_3090,0,3,D,D,D,D,True,True,True,True
training_3091,0,3,C,C,C,C,True,True,True,True
training_3092,0,3,A,A,A,A,True,True,True,True
training_3093,0,3,B,B,B,B,True,True,True,True
training_3094,0,3,C,C,C,C,True,True,True,True
training_3095,0,3,C,C,C,C,True,True,True,True
training_3096,0,3,A,A,A,A,True,True,True,True
training_3097,0,3,A,B,B,A,True,True,False,False
training_3098,0,3,A,A,A,A,True,True,True,True
training_3099,0,3,C,A,A,C,True,True,False,False
training_3100,0,3,A,A,A,A,True,True,True,True
training_3101,0,3,A,A,A,A,True,True,True,True
training_3102,0,3,B,B,B,B,True,True,True,True
training_3103,0,3,C,D,D,C,True,True,False,False
training_3104,0,3,B,B,B,B,True,True,True,True
training_3105,0,3,A,D,D,A,True,True,False,False
training_3106,0,3,D,D,D,D,True,True,True,True
training_3107,0,3,C,A,A,A,False,True,False,False
training_3108,0,3,A,D,D,D,False,True,False,False
training_3304,1,3,C,C,C,C,True,True,True,True
training_3305,1,3,C,C,C,C,True,True,True,True
training_3306,1,3,A,A,A,A,True,True,True,True
training_3307,1,3,A,B,A,A,True,True,False,True
training_3308,1,3,B,B,B,B,True,True,True,True
training_3309,1,3,D,C,D,D,True,True,False,True
training_3310,1,3,A,A,A,A,True,True,True,True
training_3311,1,3,A,A,A,A,True,True,True,True
training_3312,1,3,A,A,A,A,True,True,True,True
training_3313,1,3,A,A,A,A,True,True,True,True
training_3314,1,3,D,D,D,D,True,True,True,True
training_3315,1,3,A,A,A,A,True,True,True,True
training_3316,1,3,C,C,C,C,True,True,True,True
training_3317,1,3,C,C,C,C,True,True,True,True
training_3318,1,3,A,A,A,A,True,True,True,True
training_3319,1,3,C,C,C,C,True,True,True,True
training_3320,1,3,C,C,C,C,True,True,True,True
training_3321,1,3,A,A,A,A,True,True,True,True
training_3322,1,3,B,B,B,B,True,True,True,True
training_3323,1,3,D,D,D,D,True,True,True,True
training_3324,1,3,B,B,B,B,True,True,True,True
training_3325,1,3,B,B,B,B,True,True,True,True
training_3326,1,3,D,D,D,D,True,True,True,True
training_3327,1,3,D,D,D,D,True,True,True,True
training_3328,1,3,D,A,D,C,False,True,False,True
training_3329,1,3,A,A,A,D,False,True,True,True
training_3330,1,3,D,C,D,D,True,True,False,True
training_3331,1,3,A,A,A,B,False,True,True,True
training_3332,1,3,B,B,B,B,True,True,True,True
training_3333,1,3,C,C,C,A,False,True,True,True
training_3334,1,3,C,C,C,C,True,True,True,True
training_3335,1,3,B,B,B,B,True,True,True,True
training_3336,1,3,C,C,C,C,True,True,True,True
training_3337,1,3,B,B,B,B,True,True,True,True
training_3338,1,3,C,C,C,C,True,True,True,True
training_3339,1,3,D,D,D,D,True,True,True,True
training_3340,1,3,A,B,B,A,True,True,False,False
training_3341,1,3,A,C,C,A,True,True,False,False
training_3342,1,3,A,C,C,C,False,True,False,False
training_3343,1,3,B,B,B,B,True,True,True,True
training_3344,1,3,B,C,C,C,False,True,False,False
training_3345,1,3,A,B,B,B,False,True,False,False
training_3388,1,2,D,A,A,A,False,True,False,False
training_3389,1,2,B,B,B,B,True,True,True,True
training_3390,1,3,D,D,D,D,True,True,True,True
training_3391,1,3,B,B,B,B,True,True,True,True
training_3392,1,3,A,A,A,A,True,True,True,True
training_3393,1,3,A,A,A,A,True,True,True,True
training_3394,1,3,A,A,A,A,True,True,True,True
training_3395,1,3,C,C,C,C,True,True,True,True
training_3396,1,3,C,C,C,C,True,True,True,True
training_3397,1,3,C,C,C,C,True,True,True,True
training_3398,1,3,A,A,A,A,True,True,True,True
training_3399,1,2,C,C,C,C,True,True,True,True
training_3400,1,2,D,D,D,D,True,True,True,True
training_3401,1,3,A,A,A,A,True,True,True,True
training_3402,1,3,D,D,D,D,True,True,True,True
training_3403,1,3,A,A,A,A,True,True,True,True
training_3404,1,3,D,D,D,D,True,True,True,True
training_3405,1,3,C,C,C,C,True,True,True,True
training_3406,1,3,C,C,C,C,True,True,True,True
training_3407,1,3,D,D,C,C,False,True,True,False
training_3408,1,3,B,B,B,B,True,True,True,True
training_3409,1,3,A,A,B,B,False,True,True,False
training_3410,1,3,D,D,D,D,True,True,True,True
training_3411,1,3,C,C,C,C,True,True,True,True
training_3412,1,3,B,B,B,B,True,True,True,True
training_3413,1,3,A,C,D,D,False,True,False,False
training_3414,1,3,D,C,D,A,False,True,False,True
training_3415,1,3,C,D,D,A,False,True,False,False
training_3416,1,3,B,B,B,B,True,True,True,True
training_3417,1,3,A,A,A,A,True,True,True,True
training_3418,1,3,B,B,B,B,True,True,True,True
training_3419,1,3,D,D,D,D,True,True,True,True
training_3420,1,3,C,C,C,C,True,True,True,True
training_3421,1,3,B,B,B,B,True,True,True,True
training_3422,1,3,D,D,D,D,True,True,True,True
training_3423,1,3,C,C,C,C,True,True,True,True
training_3424,1,3,C,C,C,C,True,True,True,True
training_3425,1,3,D,D,D,D,True,True,True,True
training_3426,1,3,B,B,B,B,True,True,True,True
training_3427,1,3,D,D,D,D,True,True,True,True
training_3428,1,3,D,D,D,D,True,True,True,True
training_3429,1,3,D,D,D,D,True,True,True,True
training_3430,1,3,A,A,A,A,True,True,True,True
training_3431,1,3,B,B,B,B,True,True,True,True
training_3432,1,3,C,C,C,C,True,True,True,True
training_3433,1,3,C,C,C,C,True,True,True,True
training_3434,1,3,A,A,A,A,True,True,True,True
training_3435,1,3,B,B,B,B,True,True,True,True
training_3436,1,3,A,A,A,A,True,True,True,True
training_3437,1,3,A,A,A,A,True,True,True,True
training_3438,1,3,D,D,D,D,True,True,True,True
training_3439,1,3,C,C,C,C,True,True,True,True
training_3440,1,3,C,C,C,C,True,True,True,True
training_3441,1,3,C,C,B,C,True,True,True,False
training_3442,1,3,C,C,D,C,True,True,True,False
training_3443,1,3,A,A,A,B,False,False,True,True
training_3444,1,3,B,B,B,C,False,False,True,True
training_3445,1,3,C,C,C,B,False,False,True,True
training_3446,1,3,A,A,A,A,True,True,True,True
training_3447,1,3,A,A,A,A,True,True,True,True
training_3448,1,3,A,A,A,A,True,True,True,True
training_3449,1,3,D,D,D,D,True,True,True,True
training_3450,1,3,B,B,B,B,True,True,True,True
training_3451,1,3,B,B,B,B,True,True,True,True
training_3452,1,3,B,B,B,B,True,True,True,True
training_3453,1,3,A,A,A,A,True,True,True,True
training_3454,1,3,B,B,B,B,True,True,True,True
training_3455,1,3,C,C,C,C,True,True,True,True
training_3456,1,3,D,D,D,D,True,True,True,True
training_3457,1,3,C,C,C,C,True,True,True,True
training_3458,1,3,D,D,D,D,True,True,True,True
training_3459,1,3,C,B,B,C,True,True,False,False
training_3460,1,3,B,D,D,B,True,True,False,False
training_3461,1,3,C,C,C,C,True,True,True,True
training_3462,1,3,C,C,C,C,True,True,True,True
training_3463,1,3,C,C,C,C,True,True,True,True
training_3464,1,3,D,D,D,D,True,True,True,True
training_3465,1,3,A,A,A,A,True,True,True,True
training_3466,1,3,A,A,A,A,True,True,True,True
training_3467,1,3,B,B,B,B,True,True,True,True
training_3468,1,3,B,B,B,B,True,True,True,True
training_3469,1,3,D,D,D,D,True,True,True,True
training_3470,1,3,D,D,D,D,True,True,True,True
training_3471,1,3,B,B,B,B,True,True,True,True
training_3472,1,3,B,B,B,B,True,True,True,True
training_3473,1,2,B,C,C,C,False,True,False,False
training_3474,1,2,C,D,D,D,False,True,False,False
training_3475,1,3,A,A,A,A,True,True,True,True
training_3476,1,3,A,A,A,C,False,True,True,True
training_3477,1,3,B,B,B,D,False,True,True,True
training_3478,1,3,A,A,A,A,True,True,True,True
training_3479,1,3,B,B,B,B,True,True,True,True
training_3480,1,3,B,B,B,B,True,True,True,True
training_3481,1,3,D,D,D,D,True,True,True,True
training_3482,1,3,A,A,A,A,True,True,True,True
training_3483,1,3,A,A,A,A,True,True,True,True
training_3484,1,3,D,D,D,D,True,True,True,True
training_3485,1,3,A,A,A,A,True,True,True,True
training_3486,1,3,C,C,C,C,True,True,True,True
training_3487,1,3,D,D,D,D,True,True,True,True
training_3488,1,3,C,C,C,C,True,True,True,True
training_3489,1,3,D,D,D,D,True,True,True,True
training_2836,1,3,A,A,A,A,True,True,True,True
training_2837,1,3,B,B,B,B,True,True,True,True
training_2838,1,3,A,A,A,A,True,True,True,True
training_2839,1,3,C,C,C,C,True,True,True,True
training_2840,1,3,A,A,A,A,True,True,True,True
training_2841,1,3,B,B,B,B,True,True,True,True
training_2842,1,3,A,B,B,A,True,True,False,False
training_2843,1,3,B,A,A,B,True,True,False,False
training_2844,1,3,A,A,A,A,True,True,True,True
training_2845,1,3,B,B,B,B,True,True,True,True
training_2846,1,3,B,B,B,C,False,True,True,True
training_2847,1,3,B,B,B,C,False,True,True,True
training_2848,1,3,A,A,A,A,True,True,True,True
training_2849,1,3,C,C,C,C,True,True,True,True
training_2850,1,3,B,B,B,B,True,True,True,True
training_2851,1,3,D,D,D,D,True,True,True,True
training_2852,1,3,D,D,D,D,True,True,True,True
training_2853,1,3,C,C,C,C,True,True,True,True
training_2854,1,3,D,D,D,D,True,True,True,True
training_2855,1,3,A,A,A,A,True,True,True,True
training_2856,1,3,C,C,C,C,True,True,True,True
training_2857,1,3,A,D,D,D,False,True,False,False
training_2858,1,3,B,A,A,A,False,True,False,False
training_2859,1,3,B,B,B,B,True,True,True,True
training_2860,1,3,A,D,D,D,False,True,False,False
training_2861,1,3,C,A,A,A,False,True,False,False
training_2862,1,3,C,C,C,C,True,True,True,True
training_2863,1,3,C,C,C,C,True,True,True,True
training_2864,1,3,D,D,D,D,True,True,True,True
training_2865,1,3,C,C,C,C,True,True,True,True
training_2866,1,3,A,A,A,A,True,True,True,True
training_2867,1,3,B,B,B,B,True,True,True,True
training_2868,1,3,D,D,D,D,True,True,True,True
training_2869,1,3,D,D,D,D,True,True,True,True
training_2870,1,3,D,D,D,D,True,True,True,True
training_2871,1,3,C,C,C,C,True,True,True,True
training_3109,2,3,C,C,C,C,True,True,True,True
training_3110,2,3,A,A,A,A,True,True,True,True
training_3111,2,3,A,A,A,A,True,True,True,True
training_3112,2,3,D,D,D,D,True,True,True,True
training_3113,2,3,B,B,B,B,True,True,True,True
training_3114,2,3,D,D,D,D,True,True,True,True
training_3115,2,3,C,C,C,C,True,True,True,True
training_3116,2,3,D,D,D,D,True,True,True,True
training_3117,2,3,D,D,D,D,True,True,True,True
training_3118,2,3,C,C,C,C,True,True,True,True
training_3119,2,3,C,C,C,C,True,True,True,True
training_3120,2,3,A,A,A,A,True,True,True,True
training_3121,2,3,C,C,C,C,True,True,True,True
training_3122,2,3,D,D,D,D,True,True,True,True
training_3123,2,3,A,A,A,A,True,True,True,True
training_3124,2,3,C,C,C,C,True,True,True,True
training_3125,2,3,B,B,B,B,True,True,True,True
training_3126,2,3,B,B,B,B,True,True,True,True
training_3127,2,3,A,A,A,A,True,True,True,True
training_3128,2,3,C,C,C,C,True,True,True,True
training_3129,2,3,B,B,B,B,True,True,True,True
training_3130,2,3,C,D,D,D,False,True,False,False
training_3131,2,3,A,B,B,B,False,True,False,False
training_3132,2,3,C,C,C,C,True,True,True,True
training_3133,2,3,C,C,C,C,True,True,True,True
training_3134,2,3,C,C,C,C,True,True,True,True
training_3135,2,3,C,C,C,C,True,True,True,True
training_3136,2,3,C,C,C,C,True,True,True,True
training_3137,2,3,A,A,A,A,True,True,True,True
training_3138,2,3,B,B,B,B,True,True,True,True
training_3139,2,3,B,B,B,B,True,True,True,True
training_3140,2,3,B,B,B,B,True,True,True,True
training_3141,2,3,D,D,D,D,True,True,True,True
training_3142,2,3,B,B,B,B,True,True,True,True
training_3143,2,3,A,A,A,A,True,True,True,True
training_3144,2,3,C,C,C,C,True,True,True,True
training_3145,2,3,B,B,B,B,True,True,True,True
training_3146,2,3,B,B,B,B,True,True,True,True
training_3147,2,3,D,D,D,D,True,True,True,True
training_3148,2,3,B,B,B,B,True,True,True,True
training_3149,2,3,A,A,A,A,True,True,True,True
training_3150,2,3,D,D,D,D,True,True,True,True
training_3151,2,3,A,A,A,A,True,True,True,True
training_3152,2,3,B,B,B,B,True,True,True,True
training_3153,2,3,D,D,D,D,True,True,True,True
training_3154,2,3,D,D,D,D,True,True,True,True
training_3155,2,3,A,A,A,A,True,True,True,True
training_3156,2,3,B,B,B,B,True,True,True,True
training_3157,2,3,D,D,D,B,False,True,True,True
training_3158,2,3,A,A,A,C,False,True,True,True
training_3159,2,3,C,C,C,C,True,True,True,True
training_3208,2,3,C,C,C,C,True,True,True,True
training_3209,2,3,C,C,C,C,True,True,True,True
training_3210,2,3,C,C,C,C,True,True,True,True
training_3211,2,3,B,B,B,A,False,True,True,True
training_3212,2,3,B,B,B,B,True,True,True,True
training_3213,2,3,A,A,A,C,False,True,True,True
training_3214,2,3,A,A,A,A,True,True,True,True
training_3215,2,3,B,B,B,B,True,True,True,True
training_3216,2,3,A,A,A,A,True,True,True,True
training_3217,2,3,D,D,D,D,True,True,True,True
training_3218,2,3,A,A,A,A,True,True,True,True
training_3219,2,3,D,D,D,D,True,True,True,True
training_3220,2,3,C,C,C,C,True,True,True,True
training_3221,2,3,D,D,D,D,True,True,True,True
training_3222,2,3,D,D,D,D,True,True,True,True
training_3223,2,3,A,A,A,A,True,True,True,True
training_3224,2,3,A,A,A,A,True,True,True,True
training_3225,2,3,B,B,B,B,True,True,True,True
training_3226,2,3,D,D,D,D,True,True,True,True
training_3227,2,3,A,A,A,A,True,True,True,True
training_3228,2,3,B,B,B,B,True,True,True,True
training_3229,2,3,B,B,B,B,True,True,True,True
training_3230,2,3,B,B,B,B,True,True,True,True
training_3231,2,3,A,A,A,A,True,True,True,True
training_3232,2,3,B,B,B,B,True,True,True,True
training_3233,2,3,D,D,D,D,True,True,True,True
training_3234,2,3,D,D,D,D,True,True,True,True
training_3235,2,3,A,A,A,A,True,True,True,True
training_3236,2,3,A,A,A,A,True,True,True,True
training_3237,2,3,D,D,D,D,True,True,True,True
training_3238,2,3,B,B,B,B,True,True,True,True
training_3239,2,3,B,B,B,B,True,True,True,True
training_3240,2,3,C,C,C,C,True,True,True,True
training_3241,2,3,A,A,A,A,True,True,True,True
training_3242,2,3,B,B,B,B,True,True,True,True
training_3243,2,3,C,C,C,C,True,True,True,True
training_3244,2,3,C,C,C,C,True,True,True,True
training_3245,2,3,C,C,C,C,True,True,True,True
training_3246,2,3,D,D,D,D,True,True,True,True
training_3247,2,3,D,D,D,D,True,True,True,True
training_3248,2,3,A,A,A,A,True,True,True,True
training_3249,2,3,D,D,D,D,True,True,True,True
training_3490,2,3,D,A,A,A,False,True,False,False
training_3491,2,3,C,A,A,A,False,True,False,False
training_3492,2,3,D,D,D,D,True,True,True,True
training_3493,2,3,A,A,A,A,True,True,True,True
training_3494,2,3,D,D,D,D,True,True,True,True
training_3495,2,3,B,B,B,B,True,True,True,True
training_3496,2,3,A,A,A,A,True,True,True,True
training_3497,2,3,D,D,D,D,True,True,True,True
training_3498,2,3,A,A,A,A,True,True,True,True
training_3499,2,3,D,D,D,D,True,True,True,True
training_3500,2,3,C,C,C,C,True,True,True,True
training_3501,2,3,D,D,D,D,True,True,True,True
training_3502,2,3,C,C,C,C,True,True,True,True
training_3503,2,3,A,A,A,A,True,True,True,True
training_3504,2,3,D,D,D,D,True,True,True,True
training_3505,2,3,B,B,B,B,True,True,True,True
training_3506,2,3,B,B,B,B,True,True,True,True
training_3507,2,3,C,C,C,C,True,True,True,True
training_3508,2,3,D,B,B,B,False,True,False,False
training_3509,2,3,C,B,B,B,False,True,False,False
training_3510,2,3,C,C,C,C,True,True,True,True
training_3511,2,3,A,A,A,A,True,True,True,True
training_3512,2,3,D,D,D,D,True,True,True,True
training_3513,2,3,D,D,D,D,True,True,True,True
training_3514,2,3,C,C,C,C,True,True,True,True
training_3515,2,3,A,A,A,A,True,True,True,True
training_3516,2,3,B,B,B,B,True,True,True,True
training_3517,2,3,B,B,B,B,True,True,True,True
training_3518,2,3,C,C,C,C,True,True,True,True
training_3519,2,3,C,C,C,C,True,True,True,True
training_3520,2,3,C,B,B,B,False,True,False,False
training_3521,2,3,B,C,C,D,False,True,False,False
training_3522,2,3,D,D,D,A,False,True,True,True
training_3523,2,3,D,D,D,D,True,True,True,True
training_3524,2,3,C,C,C,C,True,True,True,True
training_3525,2,3,A,A,A,A,True,True,True,True
training_3526,2,3,A,A,A,A,True,True,True,True
training_3527,2,3,B,B,B,B,True,True,True,True
training_3528,2,3,C,C,C,C,True,True,True,True
training_3529,2,3,D,D,D,D,True,True,True,True
training_3530,2,3,C,C,C,C,True,True,True,True
training_3531,2,3,B,B,B,B,True,True,True,True
training_3532,2,3,B,B,B,B,True,True,True,True
training_3533,2,3,B,B,B,B,True,True,True,True
training_3534,2,3,A,A,A,A,True,True,True,True
training_2800,2,3,D,D,D,D,True,False,True,True
training_2801,2,3,B,B,B,B,True,False,True,True
training_2802,2,3,C,C,C,C,True,False,True,True
training_2803,2,3,C,C,C,C,True,True,True,True
training_2804,2,3,C,C,C,C,True,True,True,True
training_2805,2,3,A,A,A,A,True,True,True,True
training_2806,2,3,A,A,A,A,True,True,True,True
training_2807,2,3,C,C,C,C,True,True,True,True
training_2808,2,3,D,D,D,D,True,True,True,True
training_2809,2,3,C,C,C,C,True,True,True,True
training_2810,2,3,D,D,D,D,True,True,True,True
training_2811,2,3,C,C,C,C,True,True,True,True
training_2812,2,3,C,C,C,C,True,True,True,True
training_2813,2,3,C,C,C,C,True,True,True,True
training_2814,2,3,A,A,A,A,True,True,True,True
training_2815,2,3,A,A,A,A,True,True,True,True
training_2816,2,3,B,B,B,B,True,True,True,True
training_2817,2,3,C,C,C,C,True,True,True,True
training_2818,2,3,A,A,A,A,True,True,True,True
training_2819,2,3,A,A,A,A,True,True,True,True
training_2820,2,3,D,D,D,D,True,True,True,True
training_2821,2,3,D,D,D,D,True,True,True,True
training_2822,2,3,A,A,A,A,True,True,True,True
training_2823,2,3,D,D,D,D,True,True,True,True
training_2824,2,3,C,C,C,C,True,True,True,True
training_2825,2,3,B,B,B,C,False,True,True,True
training_2826,2,3,A,A,A,D,False,True,True,True
training_2827,2,3,B,B,B,B,True,True,True,True
training_2828,2,3,C,C,C,C,True,True,True,True
training_2829,2,3,B,B,B,B,True,True,True,True
training_2830,2,3,C,A,A,A,False,False,False,False
training_2831,2,3,D,A,A,A,False,False,False,False
training_2832,2,3,C,C,C,C,True,False,True,True
training_2833,2,3,A,A,A,A,True,True,True,True
training_2834,2,3,D,D,D,D,True,True,True,True
training_2835,2,3,C,C,C,C,True,True,True,True
training_3250,3,3,A,A,A,A,True,True,True,True
training_3251,3,3,A,A,A,A,True,True,True,True
training_3252,3,3,A,A,A,A,True,True,True,True
training_3253,3,3,B,B,B,B,True,True,True,True
training_3254,3,3,A,A,A,A,True,True,True,True
training_3255,3,3,B,B,B,B,True,True,True,True
training_3256,3,3,B,B,B,B,True,True,True,True
training_3257,3,3,D,D,D,D,True,True,True,True
training_3258,3,3,D,D,D,D,True,True,True,True
training_3259,3,3,B,B,B,B,True,True,True,True
training_3260,3,3,B,B,B,B,True,True,True,True
training_3261,3,3,D,D,D,D,True,True,True,True
training_3262,3,3,A,A,A,A,True,True,True,True
training_3263,3,3,D,D,D,D,True,True,True,True
training_3264,3,3,A,A,A,A,True,True,True,True
training_3265,3,3,A,A,A,A,True,True,True,True
training_3266,3,3,B,B,B,B,True,True,True,True
training_3267,3,3,C,C,C,C,True,True,True,True
training_3268,3,3,B,B,B,B,True,True,True,True
training_3269,3,3,A,A,A,A,True,True,True,True
training_3270,3,3,C,C,C,C,True,True,True,True
training_3271,3,3,B,B,B,B,True,True,True,True
training_3272,3,3,A,A,A,A,True,True,True,True
training_3273,3,3,D,D,D,D,True,True,True,True
training_3274,3,3,C,C,C,C,True,True,True,True
training_3275,3,3,C,C,C,C,True,True,True,True
training_3276,3,3,A,A,A,A,True,True,True,True
training_3277,3,3,B,B,B,B,True,True,True,True
training_3278,3,3,A,A,A,A,True,True,True,True
training_3279,3,3,A,A,A,A,True,True,True,True
training_3280,3,3,A,A,A,A,True,True,True,True
training_3281,3,3,B,B,B,B,True,True,True,True
training_3282,3,3,B,B,B,B,True,True,True,True
training_3283,3,3,D,D,D,D,True,True,True,True
training_3284,3,3,D,D,D,D,True,True,True,True
training_3285,3,3,A,A,A,A,True,True,True,True
training_3286,3,3,B,B,B,B,True,True,True,True
training_3287,3,3,B,B,B,B,True,True,True,True
training_3288,3,3,D,D,D,D,True,True,True,True
training_3289,3,3,D,D,D,D,True,True,True,True
training_3290,3,3,A,A,A,A,True,True,True,True
training_3291,3,3,C,C,C,C,True,True,True,True
training_3292,3,3,B,A,A,A,False,True,False,False
training_3293,3,3,A,A,A,A,True,True,True,True
training_3294,3,3,C,D,D,D,False,True,False,False
training_3295,3,3,A,A,A,A,True,True,True,True
training_3296,3,3,B,B,D,B,True,True,True,False
training_3297,3,3,C,C,B,C,True,True,True,False
training_3298,3,3,D,A,A,D,True,True,False,False
training_3299,3,3,A,A,A,A,True,True,True,True
training_3300,3,3,C,B,B,C,True,True,False,False
training_3301,3,3,D,D,D,D,True,True,True,True
training_3302,3,3,C,C,C,C,True,True,True,True
training_3303,3,3,D,D,D,D,True,True,True,True
training_2872,3,3,C,C,C,C,True,True,True,True
training_2873,3,3,A,A,A,A,True,True,True,True
training_2874,3,3,B,B,B,B,True,True,True,True
training_2875,3,3,C,C,C,C,True,True,True,True
training_2876,3,3,D,D,D,D,True,True,True,True
training_2877,3,3,D,D,D,D,True,True,True,True
training_2878,3,3,A,A,A,A,True,True,True,True
training_2879,3,3,A,A,A,A,True,True,True,True
training_2880,3,3,A,A,A,A,True,True,True,True
training_2881,3,3,A,C,C,C,False,True,False,False
training_2882,3,3,B,D,D,D,False,True,False,False
training_2883,3,3,B,B,B,B,True,True,True,True
training_2884,3,3,A,A,A,A,True,True,True,True
training_2885,3,3,B,A,A,A,False,True,False,False
training_2886,3,3,D,A,A,A,False,True,False,False
training_2887,3,3,A,A,A,A,True,True,True,True
training_2888,3,3,C,C,C,C,True,True,True,True
training_2889,3,3,C,C,C,C,True,True,True,True
training_2890,3,3,D,D,D,D,True,True,True,True
training_2891,3,3,D,D,D,D,True,True,True,True
training_2892,3,3,D,D,D,D,True,True,True,True
training_2893,3,3,B,B,B,B,True,True,True,True
training_2894,3,3,B,B,B,B,True,False,True,True
training_2895,3,3,B,B,B,B,True,True,True,True
training_2896,3,3,D,D,B,D,True,True,True,False
training_2897,3,3,B,B,A,B,True,True,True,False
training_2898,3,3,B,B,B,B,True,True,True,True
training_2899,3,3,B,B,B,B,True,False,True,True
training_2900,3,3,C,C,C,C,True,False,True,True
training_2901,3,3,C,C,C,C,True,False,True,True
training_2902,3,3,B,B,B,B,True,True,True,True
training_2903,3,3,B,B,B,B,True,True,True,True
training_2904,3,3,A,A,A,A,True,True,True,True
training_2905,3,3,A,A,A,A,True,True,True,True
training_2906,3,3,D,D,D,D,True,True,True,True
training_2907,3,3,A,A,A,A,True,True,True,True
training_2908,3,3,D,D,D,D,True,True,True,True
training_2909,3,3,C,C,C,C,True,True,True,True
training_2910,3,3,B,B,B,B,True,True,True,True
training_2911,3,3,A,A,A,A,True,True,True,True
training_2912,3,3,A,A,A,A,True,True,True,True
training_2913,3,3,C,C,C,C,True,True,True,True
training_3013,3,3,A,A,A,A,True,True,True,True
training_3014,3,3,C,C,C,C,True,True,True,True
training_3015,3,3,A,A,A,A,True,True,True,True
training_3016,3,3,C,B,B,B,False,True,False,False
training_3017,3,3,A,A,A,A,True,True,True,True
training_3018,3,3,D,A,A,A,False,True,False,False
training_3019,3,3,A,A,A,A,True,True,True,True
training_3020,3,3,A,A,A,A,True,True,True,True
training_3021,3,3,C,C,C,C,True,True,True,True
training_3022,3,3,B,B,B,B,True,True,True,True
training_3023,3,3,D,D,D,D,True,True,True,True
training_3024,3,3,A,A,A,A,True,True,True,True
training_3025,3,3,B,B,B,B,True,True,True,True
training_3026,3,3,B,B,B,B,True,True,True,True
training_3027,3,3,D,D,D,D,True,True,True,True
training_3028,3,3,D,D,D,D,True,True,True,True
training_3029,3,3,C,C,C,C,True,True,True,True
training_3030,3,3,B,B,B,B,True,True,True,True
training_3031,3,3,C,C,C,C,True,True,True,True
training_3032,3,3,B,B,B,B,True,True,True,True
training_3033,3,3,C,C,C,C,True,True,True,True
training_3034,3,3,C,C,C,C,True,True,True,True
training_3035,3,3,B,B,B,B,True,True,True,True
training_3036,3,3,A,A,A,A,True,True,True,True
training_3037,3,3,B,B,B,B,True,True,True,True
training_3038,3,3,D,D,D,D,True,True,True,True
training_3039,3,3,A,A,A,A,True,True,True,True
training_3040,3,3,A,C,A,A,True,True,False,True
training_3041,3,3,A,D,A,A,True,True,False,True
training_3042,3,3,B,B,B,B,True,True,True,True
training_3043,3,3,B,B,B,B,True,True,True,True
training_3044,3,3,A,A,A,A,True,True,True,True
training_3045,3,3,B,B,B,B,True,True,True,True
training_3046,3,3,D,D,D,D,True,True,True,True
training_3047,3,3,D,D,D,D,True,True,True,True
training_3048,3,3,C,C,C,C,True,True,True,True
training_3049,3,3,A,A,A,D,False,True,True,True
training_3050,3,3,A,A,A,D,False,True,True,True
training_3051,3,3,D,D,D,D,True,True,True,True
training_3052,3,3,B,B,B,B,True,True,True,True
training_3053,3,3,D,D,D,D,True,True,True,True
training_3054,3,3,D,D,D,D,True,True,True,True
training_3160,4,3,B,B,B,B,True,True,True,True
training_3161,4,3,B,D,D,D,False,True,False,False
training_3162,4,3,C,D,D,D,False,True,False,False
training_3163,4,3,A,B,B,B,False,True,False,False
training_3164,4,3,A,A,A,A,True,True,True,True
training_3165,4,3,A,C,C,C,False,True,False,False
training_3166,4,3,C,C,C,C,True,True,True,True
training_3167,4,3,D,D,D,D,True,True,True,True
training_3168,4,3,B,B,B,B,True,True,True,True
training_3169,4,3,C,C,C,C,True,True,True,True
training_3170,4,3,A,A,A,A,True,True,True,True
training_3171,4,3,C,C,C,C,True,True,True,True
training_3172,4,3,A,A,A,A,True,True,True,True
training_3173,4,3,A,A,A,A,True,True,True,True
training_3174,4,3,C,C,C,C,True,True,True,True
training_3175,4,3,B,B,B,B,True,True,True,True
training_3176,4,3,C,C,C,C,True,True,True,True
training_3177,4,3,D,D,D,D,True,True,True,True
training_3178,4,3,C,C,C,C,True,True,True,True
training_3179,4,3,A,A,A,A,True,True,True,True
training_3180,4,3,A,A,A,A,True,True,True,True
training_3181,4,3,D,D,D,D,True,True,True,True
training_3182,4,3,B,B,B,B,True,True,True,True
training_3183,4,3,A,A,A,A,True,True,True,True
training_3184,4,3,B,B,B,B,True,False,True,True
training_3185,4,3,D,D,D,D,True,False,True,True
training_3186,4,3,C,C,C,C,True,False,True,True
training_3187,4,3,B,B,B,B,True,True,True,True
training_3188,4,3,B,B,B,B,True,True,True,True
training_3189,4,3,A,A,A,A,True,True,True,True
training_3190,4,3,B,B,B,B,True,False,True,True
training_3191,4,3,A,A,A,A,True,False,True,True
training_3192,4,3,A,A,A,A,True,False,True,True
training_3193,4,3,D,D,D,D,True,True,True,True
training_3194,4,3,C,C,C,C,True,True,True,True
training_3195,4,3,D,D,D,D,True,True,True,True
training_3196,4,3,C,C,C,C,True,True,True,True
training_3197,4,3,B,B,B,B,True,True,True,True
training_3198,4,3,B,B,B,B,True,True,True,True
training_3199,4,3,A,A,A,A,True,False,True,True
training_3200,4,3,B,B,B,B,True,False,True,True
training_3201,4,3,B,B,B,B,True,False,True,True
training_3202,4,3,D,D,D,D,True,True,True,True
training_3203,4,3,A,A,A,A,True,True,True,True
training_3204,4,3,C,C,C,C,True,True,True,True
training_3205,4,3,A,A,A,A,True,True,True,True
training_3206,4,3,A,A,A,A,True,True,True,True
training_3207,4,3,A,A,A,A,True,True,True,True
training_3346,4,3,D,D,D,D,True,True,True,True
training_3347,4,3,A,A,A,A,True,True,True,True
training_3348,4,3,D,D,D,D,True,True,True,True
training_3349,4,3,B,B,B,B,True,True,True,True
training_3350,4,3,A,A,A,A,True,True,True,True
training_3351,4,3,D,D,D,D,True,True,True,True
training_3352,4,3,B,B,B,B,True,True,True,True
training_3353,4,3,B,B,B,B,True,True,True,True
training_3354,4,3,C,C,C,C,True,True,True,True
training_3355,4,3,A,A,A,A,True,True,True,True
training_3356,4,3,C,C,C,C,True,True,True,True
training_3357,4,3,B,B,B,B,True,True,True,True
training_3358,4,3,A,A,A,A,True,False,True,True
training_3359,4,3,D,A,D,A,False,False,False,True
training_3360,4,3,A,A,A,A,True,False,True,True
training_3361,4,3,A,B,B,A,True,True,False,False
training_3362,4,3,D,C,C,D,True,True,False,False
training_3363,4,3,D,D,D,D,True,True,True,True
training_3364,4,3,A,A,A,A,True,True,True,True
training_3365,4,3,B,B,B,B,True,True,True,True
training_3366,4,3,A,A,A,A,True,True,True,True
training_3367,4,3,C,C,C,C,True,True,True,True
training_3368,4,3,A,D,D,D,False,True,False,False
training_3369,4,3,B,C,C,C,False,True,False,False
training_3370,4,3,D,D,D,D,True,True,True,True
training_3371,4,3,B,B,B,B,True,True,True,True
training_3372,4,3,B,B,B,B,True,True,True,True
training_3373,4,3,B,A,B,B,True,True,False,True
training_3374,4,3,C,B,C,A,False,True,False,True
training_3375,4,3,C,C,C,D,False,True,True,True
training_3376,4,3,C,C,C,C,True,True,True,True
training_3377,4,3,B,B,B,B,True,True,True,True
training_3378,4,3,C,C,C,C,True,True,True,True
training_3379,4,3,D,D,D,D,True,True,True,True
training_3380,4,3,D,D,D,D,True,True,True,True
training_3381,4,3,C,C,C,C,True,True,True,True
training_3382,4,3,B,B,B,B,True,True,True,True
training_3383,4,3,D,D,D,D,True,True,True,True
training_3384,4,3,A,A,A,A,True,True,True,True
training_3385,4,3,A,A,A,A,True,True,True,True
training_3386,4,3,A,A,A,A,True,True,True,True
training_3387,4,3,A,A,A,A,True,True,True,True
training_2965,4,3,C,C,C,C,True,True,True,True
training_2966,4,3,C,D,D,D,False,True,False,False
training_2967,4,3,C,A,A,A,False,True,False,False
training_2968,4,3,C,C,C,C,True,True,True,True
training_2969,4,3,A,A,A,A,True,True,True,True
training_2970,4,3,C,C,C,C,True,True,True,True
training_2971,4,3,D,D,D,D,True,True,True,True
training_2972,4,3,D,D,D,D,True,True,True,True
training_2973,4,3,C,C,C,C,True,True,True,True
training_2974,4,3,B,B,B,B,True,True,True,True
training_2975,4,3,A,A,A,A,True,True,True,True
training_2976,4,3,C,C,C,C,True,True,True,True
training_2977,4,3,B,B,B,B,True,True,True,True
training_2978,4,3,C,C,C,C,True,True,True,True
training_2979,4,3,D,D,D,D,True,True,True,True
training_2980,4,3,A,A,A,A,True,True,True,True
training_2981,4,3,D,D,D,D,True,True,True,True
training_2982,4,3,D,D,D,D,True,True,True,True
training_2983,4,2,B,B,B,B,True,True,True,True
training_2985,4,2,A,A,A,A,True,True,True,True
training_2986,4,3,B,B,B,B,True,True,True,True
training_2987,4,3,B,B,B,B,True,True,True,True
training_2988,4,3,D,D,D,D,True,True,True,True
training_2989,4,3,A,A,A,A,True,True,True,True
training_2990,4,3,D,D,D,D,True,True,True,True
training_2991,4,3,B,B,B,B,True,True,True,True
training_2992,4,3,A,A,A,A,True,True,True,True
training_2993,4,3,A,A,A,A,True,True,True,True
training_2994,4,3,B,B,B,B,True,True,True,True
training_2995,4,3,D,D,D,D,True,True,True,True
training_2996,4,3,A,A,A,A,True,True,True,True
training_2997,4,3,A,A,A,A,True,True,True,True
training_2998,4,3,C,C,C,C,True,True,True,True
training_2999,4,3,C,C,C,C,True,True,True,True
training_3000,4,3,B,B,B,B,True,True,True,True
training_3001,4,3,D,D,D,D,True,True,True,True
training_3002,4,3,A,A,A,A,True,True,True,True
training_3003,4,3,D,D,D,D,True,True,True,True
training_3004,4,2,B,B,B,D,False,True,True,True
training_3006,4,2,A,A,A,A,True,True,True,True
training_3007,4,3,B,B,B,B,True,True,True,True
training_3008,4,3,B,B,B,B,True,True,True,True
training_3009,4,3,A,A,A,A,True,True,True,True
training_3010,4,3,B,B,B,B,True,True,True,True
training_3011,4,3,C,C,C,C,True,True,True,True
training_3012,4,3,B,B,B,B,True,True,True,True
